Workbook

Sheet Executive Summary
A1: FIREWALL RISK ASSESSMENT REPORT | B1: Value | C1: Percentage
A2: FIREWALL RISK ASSESSMENT REPORT
A3: Generated: | B3: 2025-10-27 15:52:54
A5: Total Rules Analyzed:
A6: Average Risk Score: | B6: 1572
A7: Average Risk Score: | B7: 4.4
A9: RISK DISTRIBUTION
A10: High Risk (76+): | B10: 0 | C10: 0.0%
A11: Medium Risk (26-75): | B11: 16 | C11: 1.0%
A12: Low Risk (0-25): | B12: 1556 | C12: 99.0%

Sheet Risk Dashboard
A1: Rule/Level | B1: Details | C1: Score/Count
A2: RISK LEVEL DISTRIBUTION
A3: Critical (90+) | B3: 0 | C3: 0.0%
A4: High (76-89) | B4: 0 | C4: 0.0%
A5: Medium (26-75) | B5: 16 | C5: 1.0%
A6: Low (0-25) | B6: 1556 | C6: 99.0%
A8: TOP 10 RISKIEST RULES
A9: Temp-hMRO Bakken Tower to Tower | C9: 45
A10: Temp-hMRO Eagleford Tower to Tower | C10: 45
A11: Remote Access - OT Machines to Eagleford No UID | C11: 40
A12: Deny - EWS to Web Application JavaScript | C12: 40
A13: GlobalProtect - GPVPN Intercommuncation ports | C13: 35
A14: Claroty - Sites to Eagleford ports | C14: 35
A15: Deny All 3.5 to Internet | C15: 35
A16: Remote Access - OT Machines to Bakken no UID | C16: 30
A17: Remote Access - OT Machines to Eagleford | C17: 30
A18: Remote Access - OT Machines to Delaware Basin Midland N No UID | C18: 30

Sheet Detailed Analysis
A1: Column1 | B1: Column2 | C1: Column3 | D1: Column4 | E1: Column5 | F1: Column6 | G1: Column7 | H1: Column8 | I1: Column9 | J1: Column10 | K1: Column11 | L1: Column12 | M1: Column13 | N1: Column14 | O1: Column15 | P1: Column16 | Q1: Column17 | R1: Column18 | S1: Column19 | T1: Column20 | U1: Column21 | V1: Column22 | W1: Column23 | X1: Column24 | Y1: Column25 | Z1: Column26 | AA1: Column27 | AB1: Column28 | AC1: Column29 | AD1: Column30 | AE1: Column31 | AF1: Column32 | AG1: Column33 | AH1: Column34 | AI1: Column35 | AJ1: Column36 | AK1: Column37 | AL1: Column38 | AM1: Column39 | AN1: Column40 | AO1: Column41 | AP1: Column42 | AQ1: Column43 | AR1: Column44 | AS1: Column45 | AT1: Column46 | AU1: Column47 | AV1: Column48 | AW1: Column49 | AX1: Column50 | AY1: Column51 | AZ1: Column52 | BA1: Column53
A2: [Disabled] bvlotwjump3501.l48ics.net; [Disabled] bvlotwjump3502.l48ics.net; [Disabled] bvlotwjump3503.l48ics.net | B2: [Negate] [Disabled] grp-ConocoPhillips | C2: [Disabled] application-default | D2: [Disabled] ssl; [Disabled] web-browsing | E2: [Disabled] Allow | F2: 0 | G2: Low | H2: otpcnfw-bvl-hoc Policies.csv | I2: [Disabled] Internet Access - Jumpboxes to Internet | J2: otpcnfw-bvl-hoc | K2: [Disabled] none | L2: [Disabled] universal | M2: [Disabled] dmz-remote-access | N2: [Disabled] any | O2: [Disabled] dmz-copent | P2: Profile Group: threat-prevention-only | Q2: Traffic log sent at session end;Log Forwarding Profile setting: Forward to Panorama | R2: Partially Used | S2: [Disabled] INC0015648 INC0022770 INC0041121 INC0044990 INC0046388 INC0046850 INC0062282 INC0081699 INC0059031 INC0060904 INC1145765;[Disabled] Disabled as Jumpboxes do not exist | T2: 18 | U2: 154 | V2: 9/3/2025 10:32 | W2: 2/10/2024 9:58 | AA2: False,0 | AB2: False,0 | AC2: False,0 | AD2: False,0 | AE2: False,0 | AF2: False,0 | AG2: False,0 | AH2: False,0 | AI2: False,0 | AJ2: False,0 | AK2: False,0 | AL2: False,0 | AM2: False,0 | AN2: True,2 | AO2: False,0 | AP2: False,0 | AQ2: False,0 | AR2: False,0 | AS2: False,0 | AT2: 0 | AU2: False,0 | AV2: False,0 | AW2: 0 | AX2: False,0 | AY2: False,0 | BA2: False,0
A3: 172.26.34.12; 172.27.34.12 | B3: 75.2.110.198; 99.83.132.235 | C3: TCP/443 | D3: 22,tcp | E3: Allow | F3: 4 | G3: Low | H3: otpcnfw-bvl-hoc Policies.csv | I3: Internet Access - NetScaler to Alero | J3: otpcnfw-bvl-hoc | K3: none | L3: universal | M3: dmz-nsmgmt | N3: any | O3: dmz-copent | P3: Profile Group: threat-prevention-only | Q3: Traffic log sent at session end;Log Forwarding Profile setting: Forward to Panorama | R3: Partially Used | T3: 2 | U3: 149 | V3: 6/26/2025 11:06 | W3: 2/27/2025 13:28 | AA3: False,0 | AB3: False,0 | AC3: False,0 | AD3: False,0 | AE3: False,0 | AF3: False,0 | AG3: False,0 | AH3: False,0 | AI3: False,0 | AJ3: False,0 | AK3: False,0 | AL3: False,0 | AM3: False,0 | AN3: True,2 | AO3: True,4 | AP3: False,0 | AQ3: False,0 | AR3: False,0 | AS3: False,0 | AT3: 1 | AU3: False,0 | AV3: False,0 | AW3: 1 | AX3: False,0 | AY3: False,0 | BA3: False,0
A4: 172.26.34.12; 172.27.34.12 | B4: [Negate] grp-ConocoPhillips | C4: application-default | D4: 41002,443,tcp; 443,80,tcp; 443,80,9418,tcp; 443,5222-5224,5228,5229,80,tcp; 1080,3128,443,80,8000,8080,tcp; 443,80,8530,8531,tcp; 443,80,8080,tcp; 443,tcp; 3978,444,tcp; 443,444,80,tcp; 28443,443,tcp; 8000,8004,8089,9887,9989,9997,9998,tcp; 22,tcp; 80,tcp; 443,80,8443,tcp | E4: Allow | F4: 4 | G4: Low | H4: otpcnfw-bvl-hoc Policies.csv | I4: Internet Access - Netscaler Proxy to Internet | J4: otpcnfw-bvl-hoc | K4: none | L4: universal | M4: dmz-nsmgmt | N4: any | O4: dmz-copent | P4: Profile Group: threat-prevention-only | Q4: Traffic log sent at session end;Log Forwarding Profile setting: Forward to Panorama | R4: Used | T4: 43 | U4: 1 | V4: 8/7/2025 16:10 | W4: 2/10/2024 9:58 | AA4: False,0 | AB4: False,0 | AC4: False,0 | AD4: False,0 | AE4: False,0 | AF4: False,0 | AG4: False,0 | AH4: False,0 | AI4: False,0 | AJ4: False,0 | AK4: False,0 | AL4: False,0 | AM4: False,0 | AN4: False,0 | AO4: True,4 | AP4: False,0 | AQ4: False,0 | AR4: False,0 | AS4: False,0 | AT4: 0 | AU4: False,0 | AV4: False,0 | AW4: 26 | AX4: False,0 | AY4: False,0 | BA4: False,0
A5: 172.26.34.12; 172.27.34.12 | B5: [Negate] grp-ConocoPhillips | C5: TCP/443 | D5: 22,tcp; 443,tcp | E5: Allow | F5: 4 | G5: Low | H5: otpcnfw-bvl-hoc Policies.csv | I5: Internet Access - Netscaler Proxy to Internet ports | J5: otpcnfw-bvl-hoc | K5: none | L5: universal | M5: dmz-nsmgmt | N5: any | O5: dmz-copent | P5: Profile Group: threat-prevention-only | Q5: Traffic log sent at session end;Log Forwarding Profile setting: Forward to Panorama | R5: Unused | T5: 0 | U5: - | V5: 3/14/2025 7:57 | W5: 6/4/2024 10:57 | AA5: False,0 | AB5: False,0 | AC5: False,0 | AD5: False,0 | AE5: False,0 | AF5: False,0 | AG5: False,0 | AH5: False,0 | AI5: False,0 | AJ5: False,0 | AK5: False,0 | AL5: False,0 | AM5: False,0 | AN5: True,5 | AO5: True,4 | AP5: False,0 | AQ5: False,0 | AR5: False,0 | AS5: False,0 | AT5: 1 | AU5: False,0 | AV5: False,0 | AW5: 2 | AX5: False,0 | AY5: False,0 | BA5: False,0
A6: 172.26.35.4 | B6: [Negate] grp-ConocoPhillips | C6: application-default | D6: 443,80,tcp; 443,80,8530,8531,tcp; 443,tcp | E6: Allow | F6: 4 | G6: Low | H6: otpcnfw-bvl-hoc Policies.csv | I6: Internet Access - WSUS to Microsoft Update | J6: otpcnfw-bvl-hoc | K6: none | L6: universal | M6: dmz-endpoint-protection | N6: any | O6: dmz-copent | P6: Profile Group: threat-prevention-only | Q6: Traffic log sent at session end;Log Forwarding Profile setting: Forward to Panorama | R6: Partially Used | T6: 2 | U6: 10 | V6: 8/14/2025 9:22 | W6: 2/10/2024 9:58 | AA6: False,0 | AB6: False,0 | AC6: False,0 | AD6: False,0 | AE6: False,0 | AF6: False,0 | AG6: False,0 | AH6: False,0 | AI6: False,0 | AJ6: False,0 | AK6: False,0 | AL6: False,0 | AM6: False,0 | AN6: True,2 | AO6: True,4 | AP6: False,0 | AQ6: False,0 | AR6: False,0 | AS6: False,0 | AT6: 0 | AU6: False,0 | AV6: False,0 | AW6: 4 | AX6: False,0 | AY6: False,0 | BA6: False,0
A7: 172.26.33.197 | B7: [Negate] grp-ConocoPhillips | C7: application-default | D7: 443,80,8080,tcp; 443,tcp; 80,tcp | E7: Allow | F7: 4 | G7: Low | H7: otpcnfw-bvl-hoc Policies.csv | I7: Internet Access - OpenShift Bastion to Azure DevOps | J7: otpcnfw-bvl-hoc | K7: none | L7: universal | M7: dmz-automation | N7: any | O7: dmz-copent | P7: Profile Group: threat-prevention-only | Q7: Traffic log sent at session end;Log Forwarding Profile setting: Forward to Panorama | R7: Partially Used | T7: 0 | U7: - | V7: 8/2/2024 4:12 | W7: 2/10/2024 9:58 | AA7: False,0 | AB7: False,0 | AC7: False,0 | AD7: False,0 | AE7: False,0 | AF7: False,0 | AG7: False,0 | AH7: False,0 | AI7: False,0 | AJ7: False,0 | AK7: False,0 | AL7: False,0 | AM7: False,0 | AN7: True,2 | AO7: True,4 | AP7: False,0 | AQ7: False,0 | AR7: False,0 | AS7: False,0 | AT7: 0 | AU7: False,0 | AV7: False,0 | AW7: 3 | AX7: False,0 | AY7: False,0 | BA7: False,0
A8: 172.26.17.135; 172.27.17.136 | B8: [Negate] grp-ConocoPhillips | C8: application-default | D8: 443,80,tcp; 443,tcp | E8: Allow | F8: 4 | G8: Low | H8: otpcnfw-bvl-hoc Policies.csv | I8: Internet Access - Cygnet Snowflake Data | J8: otpcnfw-bvl-hoc | K8: none | L8: universal | M8: dmz-cygnet | N8: any | O8: dmz-copent | P8: Profile Group: threat-prevention-only | Q8: Traffic log sent at session end;Log Forwarding Profile setting: Forward to Panorama | R8: Used | T8: 2 | U8: 10 | V8: 3/14/2025 7:57 | W8: 2/10/2024 9:58 | AA8: False,0 | AB8: False,0 | AC8: False,0 | AD8: False,0 | AE8: False,0 | AF8: False,0 | AG8: False,0 | AH8: False,0 | AI8: False,0 | AJ8: False,0 | AK8: False,0 | AL8: False,0 | AM8: False,0 | AN8: False,0 | AO8: True,4 | AP8: False,0 | AQ8: False,0 | AR8: False,0 | AS8: False,0 | AT8: 0 | AU8: False,0 | AV8: False,0 | AW8: 2 | AX8: False,0 | AY8: False,0 | BA8: False,0
A9: 172.26.17.135; 172.27.17.136 | B9: [Negate] grp-ConocoPhillips | C9: application-default | D9: 443,tcp; 80,tcp | E9: Allow | F9: 4 | G9: Low | H9: otpcnfw-bvl-hoc Policies.csv | I9: Internet Access - Cygnet Weather Data | J9: otpcnfw-bvl-hoc | K9: none | L9: universal | M9: dmz-cygnet | N9: any | O9: dmz-copent | P9: Profile Group: threat-prevention-only | Q9: Traffic log sent at session end;Log Forwarding Profile setting: Forward to Panorama | R9: Used | T9: 1 | U9: 10 | V9: 3/14/2025 7:57 | W9: 2/10/2024 9:58 | AA9: False,0 | AB9: False,0 | AC9: False,0 | AD9: False,0 | AE9: False,0 | AF9: False,0 | AG9: False,0 | AH9: False,0 | AI9: False,0 | AJ9: False,0 | AK9: False,0 | AL9: False,0 | AM9: False,0 | AN9: False,0 | AO9: True,4 | AP9: False,0 | AQ9: False,0 | AR9: False,0 | AS9: False,0 | AT9: 0 | AU9: False,0 | AV9: False,0 | AW9: 2 | AX9: False,0 | AY9: False,0 | BA9: False,0
A10: 172.26.16.5 | B10: [Negate] grp-ConocoPhillips | C10: application-default | D10: 443,tcp | E10: Allow | F10: 4 | G10: Low | H10: otpcnfw-bvl-hoc Policies.csv | I10: Internet Access - Ignition License Gateway to Licensing Portal | J10: otpcnfw-bvl-hoc | K10: none | L10: universal | M10: dmz-ignition-bakken | N10: any | O10: dmz-copent | P10: Profile Group: threat-prevention-only | Q10: Traffic log sent at session end;Log Forwarding Profile setting: Forward to Panorama | R10: Partially Used | T10: 1 | U10: 9 | V10: 3/14/2025 7:57 | W10: 2/10/2024 9:58 | AA10: False,0 | AB10: False,0 | AC10: False,0 | AD10: False,0 | AE10: False,0 | AF10: False,0 | AG10: False,0 | AH10: False,0 | AI10: False,0 | AJ10: False,0 | AK10: False,0 | AL10: False,0 | AM10: False,0 | AN10: True,2 | AO10: True,4 | AP10: False,0 | AQ10: False,0 | AR10: False,0 | AS10: False,0 | AT10: 0 | AU10: False,0 | AV10: False,0 | AW10: 1 | AX10: False,0 | AY10: False,0 | BA10: False,0
A11: 172.26.16.5 | B11: [Negate] grp-ConocoPhillips | C11: application-default | D11: 443,tcp | E11: Allow | F11: 4 | G11: Low | H11: otpcnfw-bvl-hoc Policies.csv | I11: Internet Access - Ignition Snowflake API Query | J11: otpcnfw-bvl-hoc | K11: none | L11: universal | M11: dmz-ignition-bakken | N11: any | O11: dmz-copent | P11: Profile Group: threat-prevention-only | Q11: Traffic log sent at session end;Log Forwarding Profile setting: Forward to Panorama | R11: Partially Used | T11: 0 | U11: - | V11: 3/14/2025 7:57 | W11: 2/10/2024 9:58 | AA11: False,0 | AB11: False,0 | AC11: False,0 | AD11: False,0 | AE11: False,0 | AF11: False,0 | AG11: False,0 | AH11: False,0 | AI11: False,0 | AJ11: False,0 | AK11: False,0 | AL11: False,0 | AM11: False,0 | AN11: True,2 | AO11: True,4 | AP11: False,0 | AQ11: False,0 | AR11: False,0 | AS11: False,0 | AT11: 0 | AU11: False,0 | AV11: False,0 | AW11: 1 | AX11: False,0 | AY11: False,0 | BA11: False,0
A12: 172.26.33.197 | B12: [Negate] grp-ConocoPhillips | C12: application-default | D12: 443,80,tcp; 443,5222-5224,5228,5229,80,tcp; 443,80,8080,tcp; 443,tcp; 80,tcp | E12: Allow | F12: 4 | G12: Low | H12: otpcnfw-bvl-hoc Policies.csv | I12: Internet Access - OpenShift Nodes to Internet | J12: otpcnfw-bvl-hoc | K12: none | L12: universal | M12: dmz-automation;dmz-connprod-mgmt;dmz-remote-access | N12: any | O12: dmz-copent | P12: Profile Group: threat-prevention-only | Q12: Traffic log sent at session end;Log Forwarding Profile setting: Forward to Panorama | R12: Unused | T12: 0 | U12: - | V12: 3/14/2025 7:57 | W12: 2/10/2024 9:58 | AA12: False,0 | AB12: False,0 | AC12: False,0 | AD12: False,0 | AE12: False,0 | AF12: False,0 | AG12: False,0 | AH12: False,0 | AI12: False,0 | AJ12: False,0 | AK12: False,0 | AL12: False,0 | AM12: False,0 | AN12: True,5 | AO12: True,4 | AP12: False,0 | AQ12: False,0 | AR12: False,0 | AS12: False,0 | AT12: 0 | AU12: False,0 | AV12: False,0 | AW12: 8 | AX12: False,0 | AY12: False,0 | BA12: False,0
A13: 172.26.16.5 | B13: [Negate] grp-ConocoPhillips | C13: application-default | D13: 443,80,tcp; 443,tcp; 80,tcp; windows-azure | E13: Allow | F13: 4 | G13: Low | H13: otpcnfw-bvl-hoc Policies.csv | I13: Internet Access - Ignition DMZ Gateway to Azure FileSync | J13: otpcnfw-bvl-hoc | K13: none | L13: universal | M13: dmz-ignition-bakken | N13: any | O13: dmz-copent | P13: Profile Group: threat-prevention-only | Q13: Traffic log sent at session end;Log Forwarding Profile setting: Forward to Panorama | R13: Partially Used | T13: 2 | U13: 9 | V13: 3/14/2025 7:57 | W13: 2/10/2024 9:58 | AA13: False,0 | AB13: False,0 | AC13: False,0 | AD13: False,0 | AE13: False,0 | AF13: False,0 | AG13: False,0 | AH13: False,0 | AI13: False,0 | AJ13: False,0 | AK13: False,0 | AL13: False,0 | AM13: False,0 | AN13: True,2 | AO13: True,4 | AP13: False,0 | AQ13: False,0 | AR13: False,0 | AS13: False,0 | AT13: 0 | AU13: False,0 | AV13: False,0 | AW13: 2 | AX13: False,0 | AY13: False,0 | BA13: False,0
A14: 172.26.9.5; 172.27.9.5 | B14: [Negate] grp-ConocoPhillips | C14: application-default | D14: 443,tcp | E14: Allow | F14: 0 | G14: Low | H14: otpcnfw-bvl-hoc Policies.csv | I14: Internet Access - KMS Licensing to Microsoft | J14: otpcnfw-bvl-hoc | K14: none | L14: universal | M14: dmz-ip-services | N14: any | O14: dmz-copent | P14: Profile Group: threat-prevention-only | Q14: Traffic log sent at session end;Log Forwarding Profile setting: Forward to Panorama | R14: Used | S14: INC0075277 INC0289705 | T14: 1 | U14: 10 | V14: 3/14/2025 7:57 | W14: 2/10/2024 9:58 | AA14: False,0 | AB14: False,0 | AC14: False,0 | AD14: False,0 | AE14: False,0 | AF14: False,0 | AG14: False,0 | AH14: False,0 | AI14: False,0 | AJ14: False,0 | AK14: False,0 | AL14: False,0 | AM14: False,0 | AN14: False,0 | AO14: False,0 | AP14: False,0 | AQ14: False,0 | AR14: False,0 | AS14: False,0 | AT14: 0 | AU14: False,0 | AV14: False,0 | AW14: 1 | AX14: False,0 | AY14: False,0 | BA14: False,0
A15: 172.26.33.199; 172.27.33.197 | B15: [Negate] grp-ConocoPhillips | C15: application-default | D15: 443,80,8080,tcp; 443,tcp; 80,tcp | E15: Allow | F15: 0 | G15: Low | H15: otpcnfw-bvl-hoc Policies.csv | I15: Internet Access - 3.5 Gitlab to AzureDevOps | J15: otpcnfw-bvl-hoc | K15: none | L15: universal | M15: dmz-automation | N15: any | O15: dmz-copent | P15: Profile Group: threat-prevention-only | Q15: Traffic log sent at session end;Log Forwarding Profile setting: Forward to Panorama | R15: Partially Used | S15: INC0227673 | T15: 1 | U15: 10 | V15: 3/19/2025 5:06 | W15: 4/11/2024 10:08 | AA15: False,0 | AB15: False,0 | AC15: False,0 | AD15: False,0 | AE15: False,0 | AF15: False,0 | AG15: False,0 | AH15: False,0 | AI15: False,0 | AJ15: False,0 | AK15: False,0 | AL15: False,0 | AM15: False,0 | AN15: True,2 | AO15: False,0 | AP15: False,0 | AQ15: False,0 | AR15: False,0 | AS15: False,0 | AT15: 0 | AU15: False,0 | AV15: False,0 | AW15: 3 | AX15: False,0 | AY15: False,0 | BA15: False,0
A16: 172.26.17.135; 172.27.17.136 | B16: [Negate] grp-ConocoPhillips | C16: application-default | D16: 443,tcp; 80,tcp | E16: Allow | F16: 0 | G16: Low | H16: otpcnfw-bvl-hoc Policies.csv | I16: Internet Access - Cygnet Qnergy Data | J16: otpcnfw-bvl-hoc | K16: none | L16: universal | M16: dmz-cygnet | N16: any | O16: dmz-copent | P16: Profile Group: threat-prevention-only | Q16: Traffic log sent at session end;Log Forwarding Profile setting: Forward to Panorama | R16: Partially Used | S16: INC0272510 | T16: 1 | U16: 10 | V16: 3/19/2025 5:06 | W16: 5/2/2024 8:58 | AA16: False,0 | AB16: False,0 | AC16: False,0 | AD16: False,0 | AE16: False,0 | AF16: False,0 | AG16: False,0 | AH16: False,0 | AI16: False,0 | AJ16: False,0 | AK16: False,0 | AL16: False,0 | AM16: False,0 | AN16: True,2 | AO16: False,0 | AP16: False,0 | AQ16: False,0 | AR16: False,0 | AS16: False,0 | AT16: 0 | AU16: False,0 | AV16: False,0 | AW16: 2 | AX16: False,0 | AY16: False,0 | BA16: False,0
A17: 172.26.33.199; 172.27.33.197 | B17: [Negate] grp-ConocoPhillips | C17: application-default | D17: 22,443,80,9418,tcp; 443,tcp; 80,tcp | E17: Allow | F17: 0 | G17: Low | H17: otpcnfw-bvl-hoc Policies.csv | I17: Internet Access - 3.5 Gitlab to Github | J17: otpcnfw-bvl-hoc | K17: none | L17: universal | M17: dmz-automation | N17: any | O17: dmz-copent | P17: Profile Group: log-only-threat-prevention | Q17: Traffic log sent at session end;Log Forwarding Profile setting: Forward to Panorama | R17: Partially Used | S17: INC0891905 | T17: 1 | U17: 10 | V17: 4/16/2025 8:58 | W17: 4/14/2025 8:00 | AA17: False,0 | AB17: False,0 | AC17: False,0 | AD17: False,0 | AE17: False,0 | AF17: False,0 | AG17: False,0 | AH17: False,0 | AI17: False,0 | AJ17: False,0 | AK17: False,0 | AL17: False,0 | AM17: False,0 | AN17: True,2 | AO17: False,0 | AP17: False,0 | AQ17: False,0 | AR17: False,0 | AS17: False,0 | AT17: 0 | AU17: False,0 | AV17: False,0 | AW17: 4 | AX17: False,0 | AY17: False,0 | BA17: False,0
A18: 172.26.35.132; 172.27.35.132 | B18: [Negate] grp-ConocoPhillips | C18: application-default | D18: 443,tcp | E18: Allow | F18: 0 | G18: Low | H18: otpcnfw-bvl-hoc Policies.csv | I18: Internet Access - 3.5 Nozomi to Nozomi S3 Bucket | J18: otpcnfw-bvl-hoc | K18: none | L18: universal | M18: dmz-nozomi | N18: any | O18: dmz-copent | P18: Profile Group: threat-prevention-only | Q18: Traffic log sent at session end;Log Forwarding Profile setting: Forward to Panorama | R18: Used | S18: INC0927276 INC0990598;May be temporary 5/5 | T18: 1 | U18: 10 | V18: 6/24/2025 9:16 | W18: 5/5/2025 10:00 | AA18: False,0 | AB18: False,0 | AC18: False,0 | AD18: False,0 | AE18: False,0 | AF18: False,0 | AG18: False,0 | AH18: False,0 | AI18: False,0 | AJ18: False,0 | AK18: False,0 | AL18: False,0 | AM18: False,0 | AN18: False,0 | AO18: False,0 | AP18: False,0 | AQ18: False,0 | AR18: False,0 | AS18: False,0 | AT18: 0 | AU18: False,0 | AV18: False,0 | AW18: 1 | AX18: False,0 | AY18: False,0 | BA18: False,0
A19: [Disabled] grp-ConocoPhillips | B19: [Disabled] grp-all-jumpboxes | C19: [Disabled] application-default | D19: [Disabled] ms-rdp; [Disabled] ping; [Disabled] ssh; [Disabled] ssl | E19: [Disabled] Allow | F19: 0 | G19: Low | H19: otpcnfw-bvl-hoc Policies.csv | I19: [Disabled] 4.0 to 3.5 - RDP to DMZ Jumpboxes | J19: otpcnfw-bvl-hoc | K19: [Disabled] INC-Verified | L19: [Disabled] universal | M19: [Disabled] dmz-copent | N19: [Disabled] any | O19: [Disabled] dmz-remote-access | P19: Profile Group: threat-prevention-only | Q19: Traffic log sent at session end;Log Forwarding Profile setting: Forward to Panorama | R19: - | S19: [Disabled] INC0051565 INC0283774 INC0513837 INC0769904 | T19: 0 | U19: - | V19: 2/4/2025 17:16 | W19: 2/10/2024 9:58 | AA19: False,0 | AB19: False,0 | AC19: False,0 | AD19: False,0 | AE19: False,0 | AF19: False,0 | AG19: False,0 | AH19: False,0 | AI19: False,0 | AJ19: False,0 | AK19: False,0 | AL19: False,0 | AM19: False,0 | AN19: True,5 | AO19: False,0 | AP19: False,0 | AQ19: False,0 | AR19: False,0 | AS19: False,0 | AT19: 0 | AU19: False,0 | AV19: False,0 | AW19: 0 | AX19: False,0 | AY19: False,0 | BA19: False,0
A20: [Disabled] grp-ConocoPhillips | B20: [Disabled] bvlotwjump3501.l48ics.net | C20: [Disabled] application-default | D20: [Disabled] ms-rdp; [Disabled] ping; [Disabled] ssh; [Disabled] ssl | E20: [Disabled] Allow | F20: 0 | G20: Low | H20: otpcnfw-bvl-hoc Policies.csv | I20: [Disabled] 4.0 to 3.5 - RDP to DMZ Jumpbox Breakglass | J20: otpcnfw-bvl-hoc | K20: [Disabled] INC-Verified | L20: [Disabled] universal | M20: [Disabled] dmz-copent | N20: [Disabled] any | O20: [Disabled] dmz-remote-access | P20: Profile Group: threat-prevention-only | Q20: Traffic log sent at session end;Log Forwarding Profile setting: Forward to Panorama | R20: - | S20: [Disabled] INC0769904 | T20: 0 | U20: - | V20: 2/5/2025 8:32 | W20: 2/4/2025 17:16 | AA20: False,0 | AB20: False,0 | AC20: False,0 | AD20: False,0 | AE20: False,0 | AF20: False,0 | AG20: False,0 | AH20: False,0 | AI20: False,0 | AJ20: False,0 | AK20: False,0 | AL20: False,0 | AM20: False,0 | AN20: True,5 | AO20: False,0 | AP20: False,0 | AQ20: False,0 | AR20: False,0 | AS20: False,0 | AT20: 0 | AU20: False,0 | AV20: False,0 | AW20: 0 | AX20: False,0 | AY20: False,0 | BA20: False,0
A21: [Disabled] grp-ConocoPhillips | B21: [Disabled] bvlotujump3501.l48ics.net | C21: [Disabled] application-default | D21: [Disabled] ms-rdp; [Disabled] ping; [Disabled] ssh; [Disabled] ssl | E21: [Disabled] Allow | F21: 0 | G21: Low | H21: otpcnfw-bvl-hoc Policies.csv | I21: [Disabled] 4.0 to 3.5 - RDP to DMZ Jumpbox | J21: otpcnfw-bvl-hoc | K21: [Disabled] INC-Verified | L21: [Disabled] universal | M21: [Disabled] dmz-copent | N21: [Disabled] any | O21: [Disabled] dmz-remote-access | P21: Profile Group: threat-prevention-only | Q21: Traffic log sent at session end;Log Forwarding Profile setting: Forward to Panorama | R21: - | S21: [Disabled] INC0774791 | T21: 0 | U21: - | V21: 2/5/2025 14:13 | W21: 2/5/2025 8:28 | AA21: False,0 | AB21: False,0 | AC21: False,0 | AD21: False,0 | AE21: False,0 | AF21: False,0 | AG21: False,0 | AH21: False,0 | AI21: False,0 | AJ21: False,0 | AK21: False,0 | AL21: False,0 | AM21: False,0 | AN21: True,5 | AO21: False,0 | AP21: False,0 | AQ21: False,0 | AR21: False,0 | AS21: False,0 | AT21: 0 | AU21: False,0 | AV21: False,0 | AW21: 0 | AX21: False,0 | AY21: False,0 | BA21: False,0
A22: 10.0.0.0/8; 138.32.0.0/16; 153.15.0.0/16; 155.191.0.0/16; 158.139.0.0/16; 159.163.0.0/16; 172.16.0.0/12; 192.168.0.0/16 | B22: 172.26.36.100; 172.26.36.104; 172.26.36.20 | C22: application-default | D22: 22,tcp; 443,tcp | E22: Allow | F22: 10 | G22: Low | H22: otpcnfw-bvl-hoc Policies.csv | I22: 4.0 to 3.5 - SRA - Enterprise to Claroty 3.5 Central | J22: otpcnfw-bvl-hoc | K22: none | L22: universal | M22: dmz-copent | N22: any | O22: dmz-remote-access | P22: Profile Group: threat-prevention-only | Q22: Traffic log sent at session end;Log Forwarding Profile setting: Forward to Panorama | R22: Partially Used | S22: INC7114688 INC0287933 | T22: 1 | U22: 1 | V22: 3/19/2025 5:06 | W22: 2/10/2024 9:58 | AA22: False,0 | AB22: True,10 | AC22: False,0 | AD22: False,0 | AE22: False,0 | AF22: False,0 | AG22: False,0 | AH22: False,0 | AI22: False,0 | AJ22: False,0 | AK22: False,0 | AL22: False,0 | AM22: False,0 | AN22: True,2 | AO22: False,0 | AP22: False,0 | AQ22: False,0 | AR22: False,0 | AS22: False,0 | AT22: 0 | AU22: False,0 | AV22: False,0 | AW22: 2 | AX22: False,0 | AY22: False,0 | BA22: False,0
A23: 10.0.0.0/8; 138.32.0.0/16; 153.15.0.0/16; 155.191.0.0/16; 158.139.0.0/16; 159.163.0.0/16; 172.16.0.0/12; 192.168.0.0/16 | B23: 172.26.32.110; 172.26.32.111; 172.26.32.112; 172.26.32.113; 172.26.32.114; 172.26.39.5; 172.26.39.6; 172.26.39.9; 172.26.7.12; 172.26.7.5; 172.26.7.9; 172.27.32.100; 172.27.32.101; 172.27.32.104; 172.27.7.4; 172.27.7.6 | C23: TCP/443; TCP/3389 | D23: 3389,tcp,udp; 443,tcp; 80,tcp | E23: Allow | F23: 15 | G23: Low | H23: otpcnfw-bvl-hoc Policies.csv | I23: 4.0 to 3.5 - CyberArk to PVWA Servers | J23: otpcnfw-bvl-hoc | K23: none | L23: universal | M23: dmz-copent | N23: any | O23: dmz-centralsvc-nonprod;dmz-cyberark;dmz-nsext | P23: Profile Group: threat-prevention-only | Q23: Traffic log sent at session end;Log Forwarding Profile setting: Forward to Panorama | R23: Partially Used | S23: INC0172168 INC0221328 | T23: 3 | U23: 4 | V23: 3/19/2025 5:06 | W23: 3/5/2024 16:40 | AA23: False,0 | AB23: True,10 | AC23: False,0 | AD23: False,0 | AE23: False,0 | AF23: False,0 | AG23: False,0 | AH23: False,0 | AI23: False,0 | AJ23: False,0 | AK23: True,5 | AL23: False,0 | AM23: False,0 | AN23: True,2 | AO23: False,0 | AP23: False,0 | AQ23: False,0 | AR23: False,0 | AS23: False,0 | AT23: 2 | AU23: False,0 | AV23: False,0 | AW23: 3 | AX23: False,0 | AY23: False,0 | AZ23: mocha-rdp | BA23: True,10
A24: 10.0.0.0/8; 138.32.0.0/16; 153.15.0.0/16; 155.191.0.0/16; 158.139.0.0/16; 159.163.0.0/16; 172.16.0.0/12; 192.168.0.0/16 | B24: 172.26.19.7; 172.26.7.18; 172.27.7.13; 172.26.7.22; 172.27.7.22; 172.26.39.12; 172.27.39.3; 172.26.34.12; 172.27.34.12 | C24: TCP/443; TCP/8443 | D24: 443,tcp | E24: Allow | F24: 10 | G24: Low | H24: otpcnfw-bvl-hoc Policies.csv | I24: 4.0 to 3.5 - Enterprise to ForgeRock LTMs | J24: otpcnfw-bvl-hoc | K24: none | L24: universal | M24: dmz-copent | N24: any | O24: dmz-centralsvc-nonprod;dmz-forgerock;dmz-nsext | P24: Profile Group: threat-prevention-only | Q24: Traffic log sent at session end;Log Forwarding Profile setting: Forward to Panorama | R24: Partially Used | S24: INC0207623 INC0225572 INC0279123 INC1145754 | T24: 1 | U24: 10 | V24: 9/2/2025 12:04 | W24: 4/1/2024 12:18 | AA24: False,0 | AB24: True,10 | AC24: False,0 | AD24: False,0 | AE24: False,0 | AF24: False,0 | AG24: False,0 | AH24: False,0 | AI24: False,0 | AJ24: False,0 | AK24: False,0 | AL24: False,0 | AM24: False,0 | AN24: True,2 | AO24: False,0 | AP24: False,0 | AQ24: False,0 | AR24: False,0 | AS24: False,0 | AT24: 2 | AU24: False,0 | AV24: False,0 | AW24: 1 | AX24: False,0 | AY24: False,0 | BA24: False,0
A25: [Disabled] grp-ConocoPhillips | B25: [Disabled] grp-dmz-netscaler-adns | C25: [Disabled] application-default | D25: [Disabled] dns-base | E25: [Disabled] Allow | F25: 0 | G25: Low | H25: otpcnfw-bvl-hoc Policies.csv | I25: [Disabled] 4.0 to 3.5 - NetScaler GSLB 4.0 DNS Traffic | J25: otpcnfw-bvl-hoc | K25: [Disabled] none | L25: [Disabled] universal | M25: [Disabled] dmz-copent | N25: [Disabled] any | O25: [Disabled] dmz-nsext | P25: Profile Group: threat-prevention-only | Q25: Traffic log sent at session end;Log Forwarding Profile setting: Forward to Panorama | R25: Unused | S25: [Disabled] INC0150524 | T25: 0 | U25: - | V25: 7/23/2025 15:41 | W25: 2/26/2024 12:09 | AA25: False,0 | AB25: False,0 | AC25: False,0 | AD25: False,0 | AE25: False,0 | AF25: False,0 | AG25: False,0 | AH25: False,0 | AI25: False,0 | AJ25: False,0 | AK25: False,0 | AL25: False,0 | AM25: False,0 | AN25: True,5 | AO25: False,0 | AP25: False,0 | AQ25: False,0 | AR25: False,0 | AS25: False,0 | AT25: 0 | AU25: False,0 | AV25: False,0 | AW25: 0 | AX25: False,0 | AY25: False,0 | BA25: False,0
A26: 10.0.0.0/8; 138.32.0.0/16; 153.15.0.0/16; 155.191.0.0/16; 158.139.0.0/16; 159.163.0.0/16; 172.16.0.0/12; 192.168.0.0/16 | B26: 172.26.37.10; 172.27.37.8 | C26: application-default | D26: 22,tcp; 443,tcp | E26: Allow | F26: 10 | G26: Low | H26: otpcnfw-bvl-hoc Policies.csv | I26: 4.0 to 3.5 - Enterprise to DMZ SFTP Servers | J26: otpcnfw-bvl-hoc | K26: none | L26: universal | M26: dmz-copent | N26: any | O26: dmz-file-share | P26: Profile Group: threat-prevention-only | Q26: Traffic log sent at session end;Log Forwarding Profile setting: Forward to Panorama | R26: Partially Used | S26: INC0051565 INC0119422 INC0719466 INC1145754 | T26: 2 | U26: 10 | V26: 9/2/2025 12:04 | W26: 2/10/2024 9:58 | AA26: False,0 | AB26: True,10 | AC26: False,0 | AD26: False,0 | AE26: False,0 | AF26: False,0 | AG26: False,0 | AH26: False,0 | AI26: False,0 | AJ26: False,0 | AK26: False,0 | AL26: False,0 | AM26: False,0 | AN26: True,2 | AO26: False,0 | AP26: False,0 | AQ26: False,0 | AR26: False,0 | AS26: False,0 | AT26: 0 | AU26: False,0 | AV26: False,0 | AW26: 2 | AX26: False,0 | AY26: False,0 | BA26: False,0
A27: 10.113.244.14; 10.113.244.15; 10.113.248.14; 10.113.248.15; 10.113.252.14; 10.162.72.10; 10.164.19.75; 10.201.160.15; 10.201.160.16; 10.201.164.14; 10.201.164.15; 10.201.168.11; 10.235.0.24; 10.235.0.25; 10.235.12.11; 10.235.16.11; 10.235.20.11; 10.235.4.21; 10.235.4.22; 10.235.8.20; 10.246.132.14; 10.246.132.15; 10.246.136.14; 10.246.136.15; 10.246.140.11; 10.25.52.31; 10.25.52.8; 10.26.15.30; 10.26.15.40; 10.77.244.12; 153.15.10.100; 153.15.150.235; 153.15.164.164; 153.15.34.61; 153.15.65.220; 155.191.182.135; 155.191.182.136; 158.139.110.76; 158.139.137.12; 158.139.137.238; 158.139.137.45; 158.139.145.21; 158.139.192.200; 158.139.192.202; 158.139.212.31; 158.139.213.59; 158.139.221.60; 158.139.44.10; 158.139.44.36; 158.139.73.23; 159.163.178.5; 159.163.188.17; 159.163.244.5; 159.163.254.12; 159.163.76.47; 159.163.89.130; 164.123.209.137; 164.123.209.197; 164.123.209.72; 164.123.209.8; 164.123.210.12 | B27: 172.26.9.6; 172.27.9.6 | C27: application-default | D27: 53,5353,tcp,udp | E27: Allow | F27: 0 | G27: Low | H27: otpcnfw-bvl-hoc Policies.csv | I27: 4.0 to 3.5 - DNS Queries to 3.5 DNS Servers | J27: otpcnfw-bvl-hoc | K27: none | L27: universal | M27: dmz-copent | N27: any | O27: dmz-ip-services | P27: Profile Group: threat-prevention-only | Q27: Traffic log sent at session end;Log Forwarding Profile setting: Forward to Panorama | R27: Used | S27: INC0160717 INC0204522 | T27: 1 | U27: 10 | V27: 3/19/2025 5:06 | W27: 2/28/2024 12:36 | AA27: False,0 | AB27: False,0 | AC27: False,0 | AD27: False,0 | AE27: False,0 | AF27: False,0 | AG27: False,0 | AH27: False,0 | AI27: False,0 | AJ27: False,0 | AK27: False,0 | AL27: False,0 | AM27: False,0 | AN27: False,0 | AO27: False,0 | AP27: False,0 | AQ27: False,0 | AR27: False,0 | AS27: False,0 | AT27: 0 | AU27: False,0 | AV27: False,0 | AW27: 2 | AX27: False,0 | AY27: False,0 | BA27: False,0
A28: 10.0.0.0/8; 138.32.0.0/16; 153.15.0.0/16; 155.191.0.0/16; 158.139.0.0/16; 159.163.0.0/16; 172.16.0.0/12; 192.168.0.0/16 | B28: 172.26.7.8; 172.27.7.14; 172.27.7.8 | C28: application-default | D28: dynamic,udp; 443,tcp; 80,tcp | E28: Allow | F28: 10 | G28: Low | H28: otpcnfw-bvl-hoc Policies.csv | I28: 4.0 to 3.5 - Enterprise to NetScaler Gateway vServer | J28: otpcnfw-bvl-hoc | K28: none | L28: universal | M28: dmz-copent | N28: any | O28: dmz-nsext | P28: Profile Group: threat-prevention-only | Q28: Traffic log sent at session end;Log Forwarding Profile setting: Forward to Panorama | R28: Partially Used | S28: INC0150524 INC0569558 | T28: 2 | U28: 1 | V28: 3/19/2025 5:06 | W28: 2/22/2024 11:40 | AA28: False,0 | AB28: True,10 | AC28: False,0 | AD28: False,0 | AE28: False,0 | AF28: False,0 | AG28: False,0 | AH28: False,0 | AI28: False,0 | AJ28: False,0 | AK28: False,0 | AL28: False,0 | AM28: False,0 | AN28: True,2 | AO28: False,0 | AP28: False,0 | AQ28: False,0 | AR28: False,0 | AS28: False,0 | AT28: 0 | AU28: False,0 | AV28: False,0 | AW28: 2 | AX28: False,0 | AY28: False,0 | BA28: False,0
A29: 158.139.128.53 | B29: 172.26.37.10; 172.27.37.8; 172.26.37.4 | C29: application-default | D29: 22,tcp | E29: Allow | F29: 0 | G29: Low | H29: otpcnfw-bvl-hoc Policies.csv | I29: 4.0 to 3.5 - Cygnet data from COP Enterprise | J29: otpcnfw-bvl-hoc | K29: none | L29: universal | M29: dmz-copent | N29: any | O29: dmz-cygnet;dmz-file-share | P29: Profile Group: threat-prevention-only | Q29: Traffic log sent at session end;Log Forwarding Profile setting: Forward to Panorama | R29: Unused | S29: INC0116679 INC0719466 | T29: 0 | U29: - | V29: 3/19/2025 5:06 | W29: 2/10/2024 9:58 | AA29: False,0 | AB29: False,0 | AC29: False,0 | AD29: False,0 | AE29: False,0 | AF29: False,0 | AG29: False,0 | AH29: False,0 | AI29: False,0 | AJ29: False,0 | AK29: False,0 | AL29: False,0 | AM29: False,0 | AN29: True,5 | AO29: False,0 | AP29: False,0 | AQ29: False,0 | AR29: False,0 | AS29: False,0 | AT29: 0 | AU29: False,0 | AV29: False,0 | AW29: 1 | AX29: False,0 | AY29: False,0 | BA29: False,0
A30: 172.28.126.0/24 | B30: 172.26.37.10; 172.27.37.8 | C30: application-default | D30: 22,tcp; 443,tcp | E30: Allow | F30: 0 | G30: Low | H30: otpcnfw-bvl-hoc Policies.csv | I30: 3.0 to 3.5 - OT Lab to 3.5 SFTP | J30: otpcnfw-bvl-hoc | K30: none | L30: universal | M30: zone-to-branch | N30: any | O30: dmz-file-share | P30: Profile Group: threat-prevention-only | Q30: Traffic log sent at session end;Log Forwarding Profile setting: Forward to Panorama | R30: Partially Used | S30: RITM0178715 | T30: 0 | U30: - | V30: 7/22/2025 15:50 | W30: 7/17/2025 9:45 | AA30: False,0 | AB30: False,0 | AC30: False,0 | AD30: False,0 | AE30: False,0 | AF30: False,0 | AG30: False,0 | AH30: False,0 | AI30: False,0 | AJ30: False,0 | AK30: False,0 | AL30: False,0 | AM30: False,0 | AN30: True,2 | AO30: False,0 | AP30: False,0 | AQ30: False,0 | AR30: False,0 | AS30: False,0 | AT30: 0 | AU30: False,0 | AV30: False,0 | AW30: 2 | AX30: False,0 | AY30: False,0 | BA30: False,0
A31: 158.139.121.193; 158.139.121.194; 158.139.121.196; 158.139.128.195; 158.139.128.204; 158.139.128.53; 158.139.129.119; 158.139.129.121; 158.139.129.124; 158.139.129.128; 158.139.129.141; 158.139.129.144; 158.139.129.145; 158.139.129.147; 159.139.121.195; 158.139.110.113; 158.139.110.135; 158.139.110.232; 158.139.110.233; 158.139.110.236; 158.139.110.238; 158.139.110.243; 158.139.110.246; 158.139.110.247; 158.139.110.248; 158.139.110.251; 158.139.110.252; 158.139.110.255; 158.139.111.0 | B31: 172.26.17.140; 172.26.17.141; 172.26.17.142; 172.26.17.143; 172.26.17.144; 172.26.17.145; 172.26.17.146; 172.26.17.147; 172.26.17.148; 172.26.17.149; 172.26.17.150; 172.26.17.161; 172.27.17.155; 172.27.17.157; 172.27.17.158; 172.27.17.159; 172.27.17.160; 172.27.17.161; 172.27.17.162; 172.27.17.163; 172.27.17.164; 172.27.17.165; 172.27.17.166; 172.27.17.167; 172.27.17.168 | C31: UDP/6000-6100; UDP/8834; UDP/9834 | D31: dynamic,udp | E31: Allow | F31: 0 | G31: Low | H31: otpcnfw-bvl-hoc Policies.csv | I31: 4.0 to 3.5 - Cygnet ENT to Cygnet DMZ servers | J31: otpcnfw-bvl-hoc | K31: none | L31: universal | M31: dmz-copent | N31: any | O31: dmz-cygnet | P31: Profile Group: threat-prevention-only | Q31: Traffic log sent at session end;Log Forwarding Profile setting: Forward to Panorama | R31: Used | S31: INC0071646 INC0312813 | T31: 1 | U31: 1 | V31: 3/19/2025 5:06 | W31: 2/10/2024 9:58 | AA31: False,0 | AB31: False,0 | AC31: False,0 | AD31: False,0 | AE31: False,0 | AF31: False,0 | AG31: False,0 | AH31: False,0 | AI31: False,0 | AJ31: False,0 | AK31: False,0 | AL31: False,0 | AM31: False,0 | AN31: False,0 | AO31: False,0 | AP31: False,0 | AQ31: False,0 | AR31: False,0 | AS31: False,0 | AT31: 103 | AU31: False,0 | AV31: False,0 | AW31: 0 | AX31: False,0 | AY31: False,0 | BA31: False,0
A32: 158.139.136.128; 158.139.136.154; 158.139.136.155; 158.139.136.157; 158.139.136.163; 158.139.136.87; 158.139.137.197; 158.139.137.91; 158.139.222.9; 158.139.233.11; 158.139.233.144; 158.139.233.34; 158.139.102.118; 158.139.102.155; 158.139.102.156; 158.139.102.179; 158.139.136.112; 158.139.136.118; 158.139.137.169; 158.139.137.170; 158.139.137.211; 158.139.137.228; 158.139.137.231; 158.139.174.145; 158.139.174.160; 158.139.233.175; 158.139.136.125; 158.139.136.172; 158.139.136.176; 158.139.136.177; 158.139.136.6; 158.139.137.191; 158.139.137.47; 158.139.233.115; 158.139.137.187; 158.139.167.215; 158.139.167.216; 158.139.222.50 | B32: 172.26.6.10; 172.26.6.11; 172.26.6.12; 172.26.6.16; 172.26.6.18; 172.26.6.14; 172.26.6.15; 172.26.6.17; 172.26.6.19; 172.26.6.7; 172.26.6.108; 172.26.6.13; 172.26.6.8 | C32: TCP/22; TCP/8083; TCP/8090; TCP/9091-9096; TCP/30000-30010 | D32: any | E32: Allow | F32: 10 | G32: Low | H32: otpcnfw-bvl-hoc Policies.csv | I32: 4.0 to 3.5 - 4.0 Kafka Servers to 3.5 Kafka Proxy | J32: otpcnfw-bvl-hoc | K32: Unknown-TCP/UDP | L32: universal | M32: dmz-copent | N32: any | O32: dmz-streaming | P32: Profile Group: threat-prevention-only | Q32: Traffic log sent at session end;Log Forwarding Profile setting: Forward to Panorama | R32: Partially Used | S32: INC0493929 INC0876370 INC0891410 INC1087363 | T32: 1 | U32: 95 | V32: 7/28/2025 8:20 | W32: 8/21/2024 14:22 | AA32: False,0 | AB32: False,0 | AC32: False,0 | AD32: False,0 | AE32: False,0 | AF32: False,0 | AG32: False,0 | AH32: False,0 | AI32: False,0 | AJ32: True,10 | AK32: False,0 | AL32: False,0 | AM32: False,0 | AN32: True,2 | AO32: False,0 | AP32: False,0 | AQ32: False,0 | AR32: False,0 | AS32: False,0 | AT32: 20 | AU32: False,0 | AV32: True,0 | AW32: 65535 | AX32: True,0 | AY32: False,0 | BA32: False,0
A33: [Disabled] hocuapp0218.conocophillips.net; [Disabled] hocuapp0219.conocophillips.net | B33: [Disabled] hocdmzupxdr001.l48ics.net | C33: [Disabled] tcp-8083; [Disabled] tcp-30001-30010 | D33: [Disabled] ssl | E33: [Disabled] Allow | F33: 0 | G33: Low | H33: otpcnfw-bvl-hoc Policies.csv | I33: [Disabled] 4.0 to 3.5 - Kafka - Houston Enterprise DR to 3.5 DR | J33: otpcnfw-bvl-hoc | K33: [Disabled] INC-Verified | L33: [Disabled] universal | M33: [Disabled] dmz-copent | N33: [Disabled] any | O33: [Disabled] dmz-streaming | P33: Profile Group: threat-prevention-only | Q33: Traffic log sent at session end;Log Forwarding Profile setting: Forward to Panorama | R33: - | S33: [Disabled] INC0357035 | T33: 0 | U33: - | V33: 9/11/2024 13:49 | W33: 6/19/2024 9:53 | AA33: False,0 | AB33: False,0 | AC33: False,0 | AD33: False,0 | AE33: False,0 | AF33: False,0 | AG33: False,0 | AH33: False,0 | AI33: False,0 | AJ33: False,0 | AK33: False,0 | AL33: False,0 | AM33: False,0 | AN33: True,5 | AO33: False,0 | AP33: False,0 | AQ33: False,0 | AR33: False,0 | AS33: False,0 | AT33: 0 | AU33: False,0 | AV33: False,0 | AW33: 0 | AX33: False,0 | AY33: False,0 | BA33: False,0
A34: grp-enterprise-hoc-kafka-brokers | B34: hocdmzupxp004.l48ics.net; hocdmzupxp005.l48ics.net | C34: TCP/30001-30010 | D34: 443,tcp | E34: Allow | F34: 0 | G34: Low | H34: otpcnfw-bvl-hoc Policies.csv | I34: 4.0 to 3.5 - Kafka Houston Enterprise Brokers to 3.5 Proxy | J34: otpcnfw-bvl-hoc | K34: none | L34: universal | M34: dmz-copent | N34: any | O34: dmz-streaming | P34: Profile Group: threat-prevention-only | Q34: Traffic log sent at session end;Log Forwarding Profile setting: Forward to Panorama | R34: Partially Used | S34: INC1213850 | T34: 0 | U34: - | V34: 10/7/2025 11:23 | W34: 10/7/2025 11:23 | AA34: False,0 | AB34: False,0 | AC34: False,0 | AD34: False,0 | AE34: False,0 | AF34: False,0 | AG34: False,0 | AH34: False,0 | AI34: False,0 | AJ34: False,0 | AK34: False,0 | AL34: False,0 | AM34: False,0 | AN34: True,2 | AO34: False,0 | AP34: False,0 | AQ34: False,0 | AR34: False,0 | AS34: False,0 | AT34: 10 | AU34: False,0 | AV34: False,0 | AW34: 1 | AX34: False,0 | AY34: False,0 | BA34: False,0
A35: 10.0.0.0/8; 138.32.0.0/16; 153.15.0.0/16; 155.191.0.0/16; 158.139.0.0/16; 159.163.0.0/16; 172.16.0.0/12; 192.168.0.0/16 | B35: 172.26.36.245; 172.26.36.28; 172.26.36.29; 172.27.36.104; 172.27.36.105; 172.27.36.245 | C35: application-default | D35: 443,tcp | E35: Allow | F35: 10 | G35: Low | H35: otpcnfw-bvl-hoc Policies.csv | I35: 4.0 to 3.5 - Enterprise User Access to 3.5 Clarota SRA | J35: otpcnfw-bvl-hoc | K35: none | L35: universal | M35: dmz-copent | N35: any | O35: dmz-remote-access | P35: Profile Group: threat-prevention-only | Q35: Traffic log sent at session end;Log Forwarding Profile setting: Forward to Panorama | R35: Partially Used | S35: INC0250287 | T35: 1 | U35: 1 | V35: 3/19/2025 5:06 | W35: 4/23/2024 10:43 | AA35: False,0 | AB35: True,10 | AC35: False,0 | AD35: False,0 | AE35: False,0 | AF35: False,0 | AG35: False,0 | AH35: False,0 | AI35: False,0 | AJ35: False,0 | AK35: False,0 | AL35: False,0 | AM35: False,0 | AN35: True,2 | AO35: False,0 | AP35: False,0 | AQ35: False,0 | AR35: False,0 | AS35: False,0 | AT35: 0 | AU35: False,0 | AV35: False,0 | AW35: 1 | AX35: False,0 | AY35: False,0 | BA35: False,0
... A50: 172.26.17.163 | B50: [Negate] grp-ConocoPhillips | C50: application-default | D50: 25,587,tcp | E50: Allow | F50: 0 | G50: Low | H50: otpcnfw-bvl-hoc Policies.csv | I50: 3.5 to 4.0 - Worktask 2023 Send Receive from Exchange SMTP | J50: otpcnfw-bvl-hoc | K50: none | L50: universal | M50: dmz-cygnet | N50: any | O50: dmz-copent | P50: Profile Group: threat-prevention-only | Q50: Traffic log sent at session end;Log Forwarding Profile setting: Forward to Panorama | R50: Partially Used | S50: INC1163133;Randy has asked to test this without the Proxy, once connection is stable and confirmed working we will look to move forward with the proxy. | T50: 0 | U50: - | V50: 9/22/2025 11:01 | W50: 9/22/2025 10:54 | AA50: False,0 | AB50: False,0 | AC50: False,0 | AD50: False,0 | AE50: False,0 | AF50: False,0 | AG50: False,0 | AH50: False,0 | AI50: False,0 | AJ50: False,0 | AK50: False,0 | AL50: False,0 | AM50: False,0 | AN50: True,2 | AO50: False,0 | AP50: False,0 | AQ50: False,0 | AR50: False,0 | AS50: False,0 | AT50: 0 | AU50: False,0 | AV50: False,0 | AW50: 2 | AX50: False,0 | AY50: False,0 | BA50: False,0
A51: 172.26.17.163 | B51: [Negate] grp-ConocoPhillips | C51: TCP/110; TCP/587; TCP/995 | D51: any | E51: Allow | F51: 15 | G51: Low | H51: otpcnfw-bvl-hoc Policies.csv | I51: 3.5 to 4.0 - Worktask 2023 Send Receive from Exchange ports | J51: otpcnfw-bvl-hoc | K51: none | L51: universal | M51: dmz-cygnet | N51: any | O51: dmz-copent | P51: Profile Group: threat-prevention-only | Q51: Traffic log sent at session end;Log Forwarding Profile setting: Forward to Panorama | R51: Partially Used | S51: INC1163133;Randy has asked to test this without the Proxy, once connection is stable and confirmed working we will look to move forward with the proxy. | T51: 1 | U51: 32 | V51: 9/22/2025 10:54 | W51: 9/5/2025 10:34 | AA51: False,0 | AB51: False,0 | AC51: False,0 | AD51: False,0 | AE51: False,0 | AF51: False,0 | AG51: False,0 | AH51: False,0 | AI51: False,0 | AJ51: True,10 | AK51: True,5 | AL51: False,0 | AM51: False,0 | AN51: True,2 | AO51: False,0 | AP51: False,0 | AQ51: False,0 | AR51: False,0 | AS51: False,0 | AT51: 3 | AU51: False,0 | AV51: True,0 | AW51: 65535 | AX51: True,0 | AY51: False,0 | AZ51: pop3 | BA51: True,10
A52: 172.26.17.163 | B52: any | C52: application-default | D52: 443,80,tcp; 443,tcp; 80,tcp | E52: Allow | F52: 10 | G52: Low | H52: otpcnfw-bvl-hoc Policies.csv | I52: Internet Access URLs - Worktask 2023 Certificate Validation | J52: otpcnfw-bvl-hoc | K52: none | L52: universal | M52: dmz-cygnet | N52: any | O52: dmz-copent | P52: Profile Group: threat-prevention-only | Q52: Traffic log sent at session end;Log Forwarding Profile setting: Forward to Panorama | R52: Partially Used | S52: INC1183744 - Need to allow CRL to be reached for cert validation - tmonea | T52: 0 | U52: - | V52: 9/22/2025 15:59 | W52: 9/22/2025 15:13 | AA52: False,0 | AB52: False,0 | AC52: False,0 | AD52: True,10 | AE52: False,0 | AF52: False,0 | AG52: False,0 | AH52: False,0 | AI52: False,0 | AJ52: False,0 | AK52: False,0 | AL52: False,0 | AM52: False,0 | AN52: True,2 | AO52: False,0 | AP52: False,0 | AQ52: False,0 | AR52: False,0 | AS52: False,0 | AT52: 0 | AU52: False,0 | AV52: False,0 | AW52: 2 | AX52: False,0 | AY52: False,0 | BA52: False,0
A53: 172.26.32.66 | B53: 158.139.126.6; 158.139.126.7; 158.139.137.189; 158.139.166.163; 158.139.175.68 | C53: application-default | D53: 8000,8004,8089,9887,9989,9997,9998,tcp; 80,tcp | E53: Allow | F53: 0 | G53: Low | H53: otpcnfw-bvl-hoc Policies.csv | I53: 3.5 to 4.0 - DMZ Splunk to Enterprise Splunk | J53: otpcnfw-bvl-hoc | K53: none | L53: universal | M53: dmz-splunk | N53: any | O53: dmz-copent | P53: Profile Group: threat-prevention-only | Q53: Traffic log sent at session end;Log Forwarding Profile setting: Forward to Panorama | R53: Unused | S53: INC0051565 | T53: 0 | U53: - | V53: 3/19/2025 5:06 | W53: 2/10/2024 9:58 | AA53: False,0 | AB53: False,0 | AC53: False,0 | AD53: False,0 | AE53: False,0 | AF53: False,0 | AG53: False,0 | AH53: False,0 | AI53: False,0 | AJ53: False,0 | AK53: False,0 | AL53: False,0 | AM53: False,0 | AN53: True,5 | AO53: False,0 | AP53: False,0 | AQ53: False,0 | AR53: False,0 | AS53: False,0 | AT53: 0 | AU53: False,0 | AV53: False,0 | AW53: 8 | AX53: False,0 | AY53: False,0 | BA53: False,0
A54: 172.26.32.68; 172.26.32.67; 172.26.33.207; 172.27.32.94 | B54: 158.139.175.68 | C54: application-default | D54: 8000,8004,8089,9887,9989,9997,9998,tcp | E54: Allow | F54: 0 | G54: Low | H54: otpcnfw-bvl-hoc Policies.csv | I54: 3.5 to 4.0 - Splunk Heavy Forwarder to Licensing Server | J54: otpcnfw-bvl-hoc | K54: none | L54: universal | M54: dmz-automation;dmz-splunk | N54: any | O54: dmz-copent | P54: Profile Group: threat-prevention-only | Q54: Traffic log sent at session end;Log Forwarding Profile setting: Forward to Panorama | R54: Used | S54: INC0091373 INC0114725 INC0366158 | T54: 0 | U54: - | V54: 3/19/2025 5:06 | W54: 2/10/2024 9:58 | AA54: False,0 | AB54: False,0 | AC54: False,0 | AD54: False,0 | AE54: False,0 | AF54: False,0 | AG54: False,0 | AH54: False,0 | AI54: False,0 | AJ54: False,0 | AK54: False,0 | AL54: False,0 | AM54: False,0 | AN54: False,0 | AO54: False,0 | AP54: False,0 | AQ54: False,0 | AR54: False,0 | AS54: False,0 | AT54: 0 | AU54: False,0 | AV54: False,0 | AW54: 7 | AX54: False,0 | AY54: False,0 | BA54: False,0
A55: 172.26.34.12; 172.27.34.12 | B55: 158.139.175.68 | C55: application-default | D55: 8000,8004,8089,9887,9989,9997,9998,tcp; 443,tcp; 80,tcp | E55: Allow | F55: 0 | G55: Low | H55: otpcnfw-bvl-hoc Policies.csv | I55: 3.5 to 4.0 - Netscaler Proxy to Enterprise | J55: otpcnfw-bvl-hoc | K55: none | L55: universal | M55: dmz-nsmgmt | N55: any | O55: dmz-copent | P55: Profile Group: threat-prevention-only | Q55: Traffic log sent at session end;Log Forwarding Profile setting: Forward to Panorama | R55: Used | S55: INC0169736 INC0204522 | T55: 0 | U55: - | V55: 3/19/2025 5:06 | W55: 3/5/2024 10:02 | AA55: False,0 | AB55: False,0 | AC55: False,0 | AD55: False,0 | AE55: False,0 | AF55: False,0 | AG55: False,0 | AH55: False,0 | AI55: False,0 | AJ55: False,0 | AK55: False,0 | AL55: False,0 | AM55: False,0 | AN55: False,0 | AO55: False,0 | AP55: False,0 | AQ55: False,0 | AR55: False,0 | AS55: False,0 | AT55: 0 | AU55: False,0 | AV55: False,0 | AW55: 9 | AX55: False,0 | AY55: False,0 | BA55: False,0
A56: 172.26.34.12; 172.27.34.12 | B56: 158.139.211.200; 158.139.137.8; 158.139.166.226 | C56: application-default | D56: 443,tcp | E56: Allow | F56: 0 | G56: Low | H56: otpcnfw-bvl-hoc Policies.csv | I56: 3.5 to 4.0 - Netscaler Proxy to EIP and OT-Base | J56: otpcnfw-bvl-hoc | K56: none | L56: universal | M56: dmz-nsmgmt | N56: any | O56: dmz-copent | P56: Profile Group: threat-prevention-only | Q56: Traffic log sent at session end;Log Forwarding Profile setting: Forward to Panorama | R56: Partially Used | S56: INC0328206 INC0759166 | T56: 0 | U56: - | V56: 3/19/2025 5:06 | W56: 6/4/2024 16:20 | AA56: False,0 | AB56: False,0 | AC56: False,0 | AD56: False,0 | AE56: False,0 | AF56: False,0 | AG56: False,0 | AH56: False,0 | AI56: False,0 | AJ56: False,0 | AK56: False,0 | AL56: False,0 | AM56: False,0 | AN56: True,2 | AO56: False,0 | AP56: False,0 | AQ56: False,0 | AR56: False,0 | AS56: False,0 | AT56: 0 | AU56: False,0 | AV56: False,0 | AW56: 1 | AX56: False,0 | AY56: False,0 | BA56: False,0
A57: 172.26.34.12; 172.27.34.12 | B57: 158.139.145.12 | C57: application-default | D57: 443,tcp | E57: Allow | F57: 0 | G57: Low | H57: otpcnfw-bvl-hoc Policies.csv | I57: 3.5 to 4.0 - Netscaler Proxy to Legacy Ansible Server | J57: otpcnfw-bvl-hoc | K57: none | L57: universal | M57: dmz-nsmgmt | N57: any | O57: ot-legacytransit | P57: Profile Group: threat-prevention-only | Q57: Traffic log sent at session end;Log Forwarding Profile setting: Forward to Panorama | R57: Unused | S57: INC0350525 | T57: 0 | U57: - | V57: 3/19/2025 5:06 | W57: 6/13/2024 12:12 | AA57: False,0 | AB57: False,0 | AC57: False,0 | AD57: False,0 | AE57: False,0 | AF57: False,0 | AG57: False,0 | AH57: False,0 | AI57: False,0 | AJ57: False,0 | AK57: False,0 | AL57: False,0 | AM57: False,0 | AN57: True,5 | AO57: False,0 | AP57: False,0 | AQ57: False,0 | AR57: False,0 | AS57: False,0 | AT57: 0 | AU57: False,0 | AV57: False,0 | AW57: 1 | AX57: False,0 | AY57: False,0 | BA57: False,0
A58: 172.26.34.12; 172.27.34.12 | B58: 138.32.33.6; 138.32.86.147 | C58: TCP/80; TCP/443; TCP/636 | D58: 443,tcp; 80,tcp | E58: Allow | F58: 5 | G58: Low | H58: otpcnfw-bvl-hoc Policies.csv | I58: 3.5 to 4.0 - NetScaler to CyberArk Alero Connectors | J58: otpcnfw-bvl-hoc | K58: none | L58: universal | M58: dmz-nsmgmt | N58: any | O58: dmz-copent | P58: Profile Group: threat-prevention-only | Q58: Traffic log sent at session end;Log Forwarding Profile setting: Forward to Panorama | R58: Used | S58: INC0298089 INC0537368 | T58: 0 | U58: - | V58: 9/11/2024 13:49 | W58: 5/21/2024 9:27 | AA58: False,0 | AB58: False,0 | AC58: False,0 | AD58: False,0 | AE58: False,0 | AF58: False,0 | AG58: False,0 | AH58: False,0 | AI58: False,0 | AJ58: False,0 | AK58: True,5 | AL58: False,0 | AM58: False,0 | AN58: False,0 | AO58: False,0 | AP58: False,0 | AQ58: False,0 | AR58: False,0 | AS58: False,0 | AT58: 3 | AU58: False,0 | AV58: False,0 | AW58: 2 | AX58: False,0 | AY58: False,0 | AZ58: 51.com-base | BA58: True,10
A59: 172.26.34.10; 172.26.34.11; 172.26.34.12; 172.27.34.10; 172.27.34.11; 172.27.34.12 | B59: 158.139.209.64 | C59: TCP/443; TCP/7279; TCP/27000 | D59: 27000,7279,tcp; 27000-27009,27500,27501,2984,443,5280,6457,7279,8090,tcp; 443,tcp | E59: Allow | F59: 0 | G59: Low | H59: otpcnfw-bvl-hoc Policies.csv | I59: 3.5 to 4.0 - NetScaler License Request to License Server 3.5 | J59: otpcnfw-bvl-hoc | K59: none | L59: universal | M59: dmz-nsmgmt | N59: any | O59: dmz-copent | P59: Profile Group: threat-prevention-only | Q59: Traffic log sent at session end;Log Forwarding Profile setting: Forward to Panorama | R59: Used | S59: TASK0199244 INC0102531 INC0104394 INC0230296 | T59: 1 | U59: 1 | V59: 3/19/2025 5:06 | W59: 2/10/2024 9:58 | AA59: False,0 | AB59: False,0 | AC59: False,0 | AD59: False,0 | AE59: False,0 | AF59: False,0 | AG59: False,0 | AH59: False,0 | AI59: False,0 | AJ59: False,0 | AK59: False,0 | AL59: False,0 | AM59: False,0 | AN59: False,0 | AO59: False,0 | AP59: False,0 | AQ59: False,0 | AR59: False,0 | AS59: False,0 | AT59: 3 | AU59: False,0 | AV59: False,0 | AW59: 18 | AX59: False,0 | AY59: False,0 | BA59: False,0
A60: 172.26.32.67; 172.26.33.207; 172.27.32.94 | B60: 158.139.126.6; 158.139.126.7; 158.139.137.189; 158.139.137.190 | C60: application-default | D60: 8000,8004,8089,9887,9989,9997,9998,tcp | E60: Allow | F60: 0 | G60: Low | H60: otpcnfw-bvl-hoc Policies.csv | I60: 3.5 to 4.0 - Heavy Forwarder to Enterprise Forwarders | J60: otpcnfw-bvl-hoc | K60: none | L60: universal | M60: dmz-automation;dmz-splunk | N60: any | O60: dmz-copent | P60: Profile Group: threat-prevention-only | Q60: Traffic log sent at session end;Log Forwarding Profile setting: Forward to Panorama | R60: Used | S60: INC0091373 INC0366158 | T60: 1 | U60: 1 | V60: 3/19/2025 5:06 | W60: 2/10/2024 9:58 | AA60: False,0 | AB60: False,0 | AC60: False,0 | AD60: False,0 | AE60: False,0 | AF60: False,0 | AG60: False,0 | AH60: False,0 | AI60: False,0 | AJ60: False,0 | AK60: False,0 | AL60: False,0 | AM60: False,0 | AN60: False,0 | AO60: False,0 | AP60: False,0 | AQ60: False,0 | AR60: False,0 | AS60: False,0 | AT60: 0 | AU60: False,0 | AV60: False,0 | AW60: 7 | AX60: False,0 | AY60: False,0 | BA60: False,0
A61: 172.26.6.10; 172.26.6.11; 172.26.6.12; 172.26.6.16; 172.26.6.18; 172.26.6.14; 172.26.6.15; 172.26.6.17; 172.26.6.19; 172.26.6.7; 172.26.6.108; 172.26.6.13; 172.26.6.8 | B61: 158.139.136.128; 158.139.136.154; 158.139.136.155; 158.139.136.157; 158.139.136.163; 158.139.136.87; 158.139.137.197; 158.139.137.91; 158.139.222.9; 158.139.233.11; 158.139.233.144; 158.139.233.34 | C61: TCP/8083; TCP/9093; TCP/9096 | D61: any | E61: Allow | F61: 10 | G61: Low | H61: otpcnfw-bvl-hoc Policies.csv | I61: 3.5 to 4.0 - Kafka Proxy to Kafka Broker Servers | J61: otpcnfw-bvl-hoc | K61: Unknown-TCP/UDP | L61: universal | M61: dmz-streaming | N61: any | O61: dmz-copent | P61: Profile Group: threat-prevention-only | Q61: Traffic log sent at session end;Log Forwarding Profile setting: Forward to Panorama | R61: Partially Used | S61: INC7167212 INC0230726 INC0876370 INC0877625 | T61: 8 | U61: 142 | V61: 7/21/2025 14:01 | W61: 2/10/2024 9:58 | AA61: False,0 | AB61: False,0 | AC61: False,0 | AD61: False,0 | AE61: False,0 | AF61: False,0 | AG61: False,0 | AH61: False,0 | AI61: False,0 | AJ61: True,10 | AK61: False,0 | AL61: False,0 | AM61: False,0 | AN61: True,2 | AO61: False,0 | AP61: False,0 | AQ61: False,0 | AR61: False,0 | AS61: False,0 | AT61: 3 | AU61: False,0 | AV61: True,0 | AW61: 65535 | AX61: True,0 | AY61: False,0 | BA61: False,0
A62: [Disabled] hocdmzupxdr001.l48ics.net | B62: [Disabled] hocuapp0218.conocophillips.net; [Disabled] hocuapp0219.conocophillips.net | C62: [Disabled] tcp-8083; [Disabled] tcp-30001-30010 | D62: [Disabled] ssl | E62: [Disabled] Allow | F62: 0 | G62: Low | H62: otpcnfw-bvl-hoc Policies.csv | I62: [Disabled] 3.5 to 4.0 - Kafka - 3.5 DR to Houston Enterprise | J62: otpcnfw-bvl-hoc | K62: [Disabled] none | L62: [Disabled] universal | M62: [Disabled] dmz-streaming | N62: [Disabled] any | O62: [Disabled] dmz-copent | P62: Profile Group: threat-prevention-only | Q62: Traffic log sent at session end;Log Forwarding Profile setting: Forward to Panorama | R62: Unused | S62: [Disabled] INC0357035 | T62: 0 | U62: - | V62: 7/21/2025 14:01 | W62: 6/19/2024 9:53 | AA62: False,0 | AB62: False,0 | AC62: False,0 | AD62: False,0 | AE62: False,0 | AF62: False,0 | AG62: False,0 | AH62: False,0 | AI62: False,0 | AJ62: False,0 | AK62: False,0 | AL62: False,0 | AM62: False,0 | AN62: True,5 | AO62: False,0 | AP62: False,0 | AQ62: False,0 | AR62: False,0 | AS62: False,0 | AT62: 0 | AU62: False,0 | AV62: False,0 | AW62: 0 | AX62: False,0 | AY62: False,0 | BA62: False,0
A63: 172.26.6.11; 172.26.6.7; 172.27.6.5 | B63: 158.139.102.118; 158.139.102.155; 158.139.102.156; 158.139.102.179; 158.139.136.112; 158.139.136.118; 158.139.137.169; 158.139.137.170; 158.139.137.211; 158.139.137.228; 158.139.137.231; 158.139.174.145; 158.139.174.160; 158.139.233.175 | C63: TCP/9096 | D63: 443,tcp | E63: Allow | F63: 0 | G63: Low | H63: otpcnfw-bvl-hoc Policies.csv | I63: 3.5 to 4.0 - Kafka Prod 3.5 Proxy to 4.0 Broker | J63: otpcnfw-bvl-hoc | K63: none | L63: universal | M63: dmz-streaming | N63: any | O63: dmz-copent | P63: Profile Group: threat-prevention-only | Q63: Traffic log sent at session end;Log Forwarding Profile setting: Forward to Panorama | R63: Partially Used | S63: INC0132764 INC0151327 INC0357035 | T63: 1 | U63: 1 | V63: 3/19/2025 5:06 | W63: 2/16/2024 10:40 | AA63: False,0 | AB63: False,0 | AC63: False,0 | AD63: False,0 | AE63: False,0 | AF63: False,0 | AG63: False,0 | AH63: False,0 | AI63: False,0 | AJ63: False,0 | AK63: False,0 | AL63: False,0 | AM63: False,0 | AN63: True,2 | AO63: False,0 | AP63: False,0 | AQ63: False,0 | AR63: False,0 | AS63: False,0 | AT63: 1 | AU63: False,0 | AV63: False,0 | AW63: 1 | AX63: False,0 | AY63: False,0 | BA63: False,0
A64: 172.26.6.10; 172.26.6.11; 172.26.6.12; 172.26.6.16; 172.26.6.18; 172.26.6.14; 172.26.6.15; 172.26.6.17; 172.26.6.19; 172.26.6.7; 172.26.6.108; 172.26.6.13; 172.26.6.8 | B64: 158.139.136.128; 158.139.136.154; 158.139.136.155; 158.139.136.157; 158.139.136.163; 158.139.136.87; 158.139.137.197; 158.139.137.91; 158.139.222.9; 158.139.233.11; 158.139.233.144; 158.139.233.34; 158.139.102.118; 158.139.102.155; 158.139.102.156; 158.139.102.179; 158.139.136.112; 158.139.136.118; 158.139.137.169; 158.139.137.170; 158.139.137.211; 158.139.137.228; 158.139.137.231; 158.139.174.145; 158.139.174.160; 158.139.233.175; 158.139.136.125; 158.139.136.172; 158.139.136.176; 158.139.136.177; 158.139.136.6; 158.139.137.191; 158.139.137.47; 158.139.233.115; 158.139.137.187; 158.139.167.215; 158.139.167.216; 158.139.222.50 | C64: TCP/22; TCP/8083; TCP/8090; TCP/9091-9096; TCP/30000-30010 | D64: any | E64: Allow | F64: 10 | G64: Low | H64: otpcnfw-bvl-hoc Policies.csv | I64: 3.5 to 4.0 - Kafka Dev Proxy to Kafka Enterprise | J64: otpcnfw-bvl-hoc | K64: Unknown-TCP/UDP | L64: universal | M64: dmz-streaming | N64: any | O64: dmz-copent | P64: Profile Group: threat-prevention-only | Q64: Traffic log sent at session end;Log Forwarding Profile setting: Forward to Panorama | R64: Partially Used | S64: INC0080316 INC0081364 INC0493929 INC0876370 INC0891410 INC0899332 INC1057097 | T64: 8 | U64: 139 | V64: 7/21/2025 14:01 | W64: 2/10/2024 9:58 | AA64: False,0 | AB64: False,0 | AC64: False,0 | AD64: False,0 | AE64: False,0 | AF64: False,0 | AG64: False,0 | AH64: False,0 | AI64: False,0 | AJ64: True,10 | AK64: False,0 | AL64: False,0 | AM64: False,0 | AN64: True,2 | AO64: False,0 | AP64: False,0 | AQ64: False,0 | AR64: False,0 | AS64: False,0 | AT64: 20 | AU64: False,0 | AV64: True,0 | AW64: 65535 | AX64: True,0 | AY64: False,0 | BA64: False,0
A65: hocdmzupxp004.l48ics.net; hocdmzupxp005.l48ics.net | B65: grp-enterprise-hoc-kafka-brokers | C65: TCP/22; TCP/8090; TCP/9091-9093 | D65: any | E65: Allow | F65: 10 | G65: Low | H65: otpcnfw-bvl-hoc Policies.csv | I65: 3.5 to 4.0 - Kafka - Houston 3.5 Proxy to ENT Broker | J65: otpcnfw-bvl-hoc | K65: none | L65: universal | M65: dmz-streaming | N65: any | O65: dmz-copent | P65: Profile Group: threat-prevention-only | Q65: Traffic log sent at session end;Log Forwarding Profile setting: Forward to Panorama | R65: Unused | S65: INC1213850;Rule was created separately for DR | T65: 0 | U65: - | V65: 10/7/2025 11:23 | W65: 10/7/2025 11:23 | AA65: False,0 | AB65: False,0 | AC65: False,0 | AD65: False,0 | AE65: False,0 | AF65: False,0 | AG65: False,0 | AH65: False,0 | AI65: False,0 | AJ65: True,10 | AK65: False,0 | AL65: False,0 | AM65: False,0 | AN65: True,5 | AO65: False,0 | AP65: False,0 | AQ65: False,0 | AR65: False,0 | AS65: False,0 | AT65: 5 | AU65: False,0 | AV65: True,0 | AW65: 65535 | AX65: True,0 | AY65: False,0 | BA65: False,0
A66: hocdmzupxp004.l48ics.net; hocdmzupxp005.l48ics.net | B66: grp-enterprise-hoc-kafka-connect-servers | C66: TCP/22; TCP/8083 | D66: any | E66: Allow | F66: 10 | G66: Low | H66: otpcnfw-bvl-hoc Policies.csv | I66: 3.5 to 4.0 - Kafka - Houston Proxy to ENT Connect | J66: otpcnfw-bvl-hoc | K66: none | L66: universal | M66: dmz-streaming | N66: any | O66: dmz-copent | P66: Profile Group: threat-prevention-only | Q66: Traffic log sent at session end;Log Forwarding Profile setting: Forward to Panorama | R66: Unused | S66: INC1213850;none | T66: 0 | U66: - | V66: 10/7/2025 11:23 | W66: 10/7/2025 11:23 | AA66: False,0 | AB66: False,0 | AC66: False,0 | AD66: False,0 | AE66: False,0 | AF66: False,0 | AG66: False,0 | AH66: False,0 | AI66: False,0 | AJ66: True,10 | AK66: False,0 | AL66: False,0 | AM66: False,0 | AN66: True,5 | AO66: False,0 | AP66: False,0 | AQ66: False,0 | AR66: False,0 | AS66: False,0 | AT66: 2 | AU66: False,0 | AV66: True,0 | AW66: 65535 | AX66: True,0 | AY66: False,0 | BA66: False,0
A67: 172.26.6.108; 172.26.6.12; 172.26.6.14; 172.27.6.6 | B67: 158.139.102.238; 158.139.121.175; 158.139.129.88; 158.139.129.89; 172.27.6.6 | C67: application-default | D67: mssql-db | E67: Allow | F67: 0 | G67: Low | H67: otpcnfw-bvl-hoc Policies.csv | I67: 3.5 to 4.0 - Kafka Nginx Access to Enterprise SQL Servers | J67: otpcnfw-bvl-hoc | K67: none | L67: universal | M67: dmz-streaming | N67: any | O67: dmz-copent | P67: Profile Group: threat-prevention-only | Q67: Traffic log sent at session end;Log Forwarding Profile setting: Forward to Panorama | R67: Partially Used | S67: INC0153848 INC0314288 INC0314269 | T67: 2 | U67: 6 | V67: 3/19/2025 5:06 | W67: 2/26/2024 18:04 | AA67: False,0 | AB67: False,0 | AC67: False,0 | AD67: False,0 | AE67: False,0 | AF67: False,0 | AG67: False,0 | AH67: False,0 | AI67: False,0 | AJ67: False,0 | AK67: False,0 | AL67: False,0 | AM67: False,0 | AN67: True,2 | AO67: False,0 | AP67: False,0 | AQ67: False,0 | AR67: False,0 | AS67: False,0 | AT67: 0 | AU67: False,0 | AV67: False,0 | AW67: 0 | AX67: False,0 | AY67: False,0 | BA67: False,0
A68: 172.26.6.8 | B68: 158.139.136.123; 158.139.137.24; 158.139.222.142; 158.139.233.231 | C68: TCP/9200 | D68: any | E68: Allow | F68: 10 | G68: Low | H68: otpcnfw-bvl-hoc Policies.csv | I68: 3.5 to 4.0 - Kafka 3.5 Fleet Server to 4.0 Elasticsearch | J68: otpcnfw-bvl-hoc | K68: none | L68: universal | M68: dmz-streaming | N68: any | O68: dmz-copent | P68: Profile Group: threat-prevention-only | Q68: Traffic log sent at session end;Log Forwarding Profile setting: Forward to Panorama | R68: Partially Used | S68: INC1182985 | T68: 1 | U68: 29 | V68: 9/19/2025 13:19 | W68: 9/19/2025 13:19 | AA68: False,0 | AB68: False,0 | AC68: False,0 | AD68: False,0 | AE68: False,0 | AF68: False,0 | AG68: False,0 | AH68: False,0 | AI68: False,0 | AJ68: True,10 | AK68: False,0 | AL68: False,0 | AM68: False,0 | AN68: True,2 | AO68: False,0 | AP68: False,0 | AQ68: False,0 | AR68: False,0 | AS68: False,0 | AT68: 1 | AU68: False,0 | AV68: True,0 | AW68: 65535 | AX68: True,0 | AY68: False,0 | BA68: False,0
A69: 172.26.37.7; 172.26.37.8; 172.27.18.10; 172.27.37.6; 172.27.37.7 | B69: 158.139.125.70; 158.139.83.94; nasmtprelay.conoco.net | C69: application-default | D69: 25,587,tcp | E69: Allow | F69: 0 | G69: Low | H69: otpcnfw-bvl-hoc Policies.csv | I69: 3.5 to 4.0 - DMZ SMTP Relay to Enterprise SMTP Relay Servers | J69: otpcnfw-bvl-hoc | K69: none | L69: universal | M69: dmz-file-share | N69: any | O69: dmz-copent | P69: Profile Group: threat-prevention-only | Q69: Traffic log sent at session end;Log Forwarding Profile setting: Forward to Panorama | R69: Used | S69: INC7174622 | T69: 1 | U69: 1 | V69: 8/2/2024 4:12 | W69: 2/10/2024 9:58 | AA69: False,0 | AB69: False,0 | AC69: False,0 | AD69: False,0 | AE69: False,0 | AF69: False,0 | AG69: False,0 | AH69: False,0 | AI69: False,0 | AJ69: False,0 | AK69: False,0 | AL69: False,0 | AM69: False,0 | AN69: False,0 | AO69: False,0 | AP69: False,0 | AQ69: False,0 | AR69: False,0 | AS69: False,0 | AT69: 0 | AU69: False,0 | AV69: False,0 | AW69: 2 | AX69: False,0 | AY69: False,0 | BA69: False,0
A70: 172.26.9.3; 172.26.9.6; 172.27.9.6 | B70: 10.113.244.14; 10.113.244.15; 10.113.248.14; 10.113.248.15; 10.113.252.14; 10.162.72.10; 10.164.19.75; 10.201.160.15; 10.201.160.16; 10.201.164.14; 10.201.164.15; 10.201.168.11; 10.235.0.24; 10.235.0.25; 10.235.12.11; 10.235.16.11; 10.235.20.11; 10.235.4.21; 10.235.4.22; 10.235.8.20; 10.246.132.14; 10.246.132.15; 10.246.136.14; 10.246.136.15; 10.246.140.11; 10.25.52.31; 10.25.52.8; 10.26.15.30; 10.26.15.40; 10.77.244.12; 153.15.10.100; 153.15.150.235; 153.15.164.164; 153.15.34.61; 153.15.65.220; 155.191.182.135; 155.191.182.136; 158.139.110.76; 158.139.137.12; 158.139.137.238; 158.139.137.45; 158.139.145.21; 158.139.192.200; 158.139.192.202; 158.139.212.31; 158.139.213.59; 158.139.221.60; 158.139.44.10; 158.139.44.36; 158.139.73.23; 159.163.178.5; 159.163.188.17; 159.163.244.5; 159.163.254.12; 159.163.76.47; 159.163.89.130; 164.123.209.137; 164.123.209.197; 164.123.209.72; 164.123.209.8; 164.123.210.12 | C70: application-default | D70: 53,5353,tcp,udp | E70: Allow | F70: 0 | G70: Low | H70: otpcnfw-bvl-hoc Policies.csv | I70: 3.5 to 4.0 - DMZ DNS Proxy to Enterprise DNS | J70: otpcnfw-bvl-hoc | K70: none | L70: universal | M70: dmz-ip-services | N70: any | O70: dmz-copent | P70: Profile Group: threat-prevention-only | Q70: Traffic log sent at session end;Log Forwarding Profile setting: Forward to Panorama | R70: Used | S70: INC7084147 INC0093455 | T70: 1 | U70: 1 | V70: 3/19/2025 5:06 | W70: 2/10/2024 9:58 | AA70: False,0 | AB70: False,0 | AC70: False,0 | AD70: False,0 | AE70: False,0 | AF70: False,0 | AG70: False,0 | AH70: False,0 | AI70: False,0 | AJ70: False,0 | AK70: False,0 | AL70: False,0 | AM70: False,0 | AN70: False,0 | AO70: False,0 | AP70: False,0 | AQ70: False,0 | AR70: False,0 | AS70: False,0 | AT70: 0 | AU70: False,0 | AV70: False,0 | AW70: 2 | AX70: False,0 | AY70: False,0 | BA70: False,0
... A73: 172.26.4.0/23; 172.27.4.0/23 | B73: 158.139.222.39 | C73: application-default | D73: 443,tcp | E73: Allow | F73: 0 | G73: Low | H73: otpcnfw-bvl-hoc Policies.csv | I73: 3.5 to 4.0 - OpenShift Quay Mirroring | J73: otpcnfw-bvl-hoc | K73: none | L73: universal | M73: dmz-connprod-mgmt | N73: any | O73: dmz-copent | P73: Profile Group: threat-prevention-only | Q73: Traffic log sent at session end;Log Forwarding Profile setting: Forward to Panorama | R73: Used | S73: INC7170506 INC0291854 | T73: 1 | U73: 1 | V73: 7/21/2025 13:23 | W73: 2/10/2024 9:58 | AA73: False,0 | AB73: False,0 | AC73: False,0 | AD73: False,0 | AE73: False,0 | AF73: False,0 | AG73: False,0 | AH73: False,0 | AI73: False,0 | AJ73: False,0 | AK73: False,0 | AL73: False,0 | AM73: False,0 | AN73: False,0 | AO73: False,0 | AP73: False,0 | AQ73: False,0 | AR73: False,0 | AS73: False,0 | AT73: 0 | AU73: False,0 | AV73: False,0 | AW73: 1 | AX73: False,0 | AY73: False,0 | BA73: False,0
A74: 172.26.17.162; 172.26.17.163; 172.26.17.132; 172.26.17.152; 172.26.17.153; 172.27.17.138; 172.27.17.139; 172.26.17.151; 172.27.17.137 | B74: 158.139.106.137 | C74: TCP/110; TCP/995 | D74: 110,tcp; 443,tcp | E74: Allow | F74: 5 | G74: Low | H74: otpcnfw-bvl-hoc Policies.csv | I74: 3.5 to 4.0 - Cygnet GNS POP3 Retrieval from Enterprise Exchange | J74: otpcnfw-bvl-hoc | K74: none | L74: universal | M74: dmz-cygnet | N74: any | O74: dmz-copent | P74: Profile Group: threat-prevention-only | Q74: Traffic log sent at session end;Log Forwarding Profile setting: Forward to Panorama | R74: Partially Used | S74: INC0116686 ,INC1074882 | T74: 2 | U74: 1 | V74: 7/18/2025 15:42 | W74: 2/10/2024 9:58 | AA74: False,0 | AB74: False,0 | AC74: False,0 | AD74: False,0 | AE74: False,0 | AF74: False,0 | AG74: False,0 | AH74: False,0 | AI74: False,0 | AJ74: False,0 | AK74: True,5 | AL74: False,0 | AM74: False,0 | AN74: True,2 | AO74: False,0 | AP74: False,0 | AQ74: False,0 | AR74: False,0 | AS74: False,0 | AT74: 2 | AU74: False,0 | AV74: False,0 | AW74: 2 | AX74: False,0 | AY74: False,0 | AZ74: pop3 | BA74: True,10
A75: [Disabled] bvlicswscap1041.l48ics.net; [Disabled] hocdmzwscap1041.l48ics.net | B75: [Disabled] CBLORBIT1.conocophillips.net | C75: [Disabled] tcp-2101 | D75: [Disabled] any | E75: [Disabled] Allow | F75: 0 | G75: Low | H75: otpcnfw-bvl-hoc Policies.csv | I75: [Disabled] 3.5 to 4.0 - 3.5 XSPOC Server to Cabin Lake Tower | J75: otpcnfw-bvl-hoc | K75: [Disabled] Unknown-TCP/UDP | L75: [Disabled] universal | M75: [Disabled] dmz-xspoc | N75: [Disabled] any | O75: [Disabled] dmz-copent | P75: Profile Group: threat-prevention-only | Q75: Traffic log sent at session end;Log Forwarding Profile setting: Forward to Panorama | R75: Unused | S75: [Disabled] INC0279152 INC0303084 INC0303244 | T75: 0 | U75: - | V75: 7/23/2025 15:41 | W75: 5/7/2024 9:04 | AA75: False,0 | AB75: False,0 | AC75: False,0 | AD75: False,0 | AE75: False,0 | AF75: False,0 | AG75: False,0 | AH75: False,0 | AI75: False,0 | AJ75: False,0 | AK75: False,0 | AL75: False,0 | AM75: False,0 | AN75: True,5 | AO75: False,0 | AP75: False,0 | AQ75: False,0 | AR75: False,0 | AS75: False,0 | AT75: 0 | AU75: False,0 | AV75: False,0 | AW75: 0 | AX75: False,0 | AY75: False,0 | BA75: False,0
A76: 172.26.20.4 | B76: 10.232.35.92; 10.236.161.140; 10.236.161.142 | C76: TCP/443; TCP/5671; TCP/8883 | D76: 443,5671,80,8883,tcp; 443,tcp | E76: Allow | F76: 0 | G76: Low | H76: otpcnfw-bvl-hoc Policies.csv | I76: 3.5 to 4.0 - Ignition to Azure IoT Hub Private Endpoint | J76: otpcnfw-bvl-hoc | K76: none | L76: universal | M76: dmz-iot | N76: any | O76: dmz-copent | P76: Profile Group: threat-prevention-only | Q76: Traffic log sent at session end;Log Forwarding Profile setting: Forward to Panorama | R76: Partially Used | S76: INC0617286 INC0766688 INC1204391 | T76: 1 | U76: 1 | V76: 9/30/2025 14:43 | W76: 10/21/2024 14:31 | AA76: False,0 | AB76: False,0 | AC76: False,0 | AD76: False,0 | AE76: False,0 | AF76: False,0 | AG76: False,0 | AH76: False,0 | AI76: False,0 | AJ76: False,0 | AK76: False,0 | AL76: False,0 | AM76: False,0 | AN76: True,2 | AO76: False,0 | AP76: False,0 | AQ76: False,0 | AR76: False,0 | AS76: False,0 | AT76: 3 | AU76: False,0 | AV76: False,0 | AW76: 4 | AX76: False,0 | AY76: False,0 | BA76: False,0
A77: 172.26.20.4 | B77: 158.139.174.206; 158.139.142.148; 158.139.142.149 | C77: TCP/1883; TCP/8883; TCP/45280 | D77: any | E77: Allow | F77: 10 | G77: Low | H77: otpcnfw-bvl-hoc Policies.csv | I77: 3.5 to 4.0 - Ignition to Highbyte Server Data Streaming | J77: otpcnfw-bvl-hoc | K77: none | L77: universal | M77: dmz-iot | N77: any | O77: dmz-copent | P77: Profile Group: threat-prevention-only | Q77: Traffic log sent at session end;Log Forwarding Profile setting: Forward to Panorama | R77: Partially Used | S77: INC1064612 INC1067956 INC1114802 | T77: 0 | U77: - | V77: 8/11/2025 12:21 | W77: 7/14/2025 14:28 | AA77: False,0 | AB77: False,0 | AC77: False,0 | AD77: False,0 | AE77: False,0 | AF77: False,0 | AG77: False,0 | AH77: False,0 | AI77: False,0 | AJ77: True,10 | AK77: False,0 | AL77: False,0 | AM77: False,0 | AN77: True,2 | AO77: False,0 | AP77: False,0 | AQ77: False,0 | AR77: False,0 | AS77: False,0 | AT77: 3 | AU77: False,0 | AV77: True,0 | AW77: 65535 | AX77: True,0 | AY77: False,0 | BA77: False,0
A78: [Disabled] bvldmzwapp0004.l48ics.net | B78: [Disabled] IP-10.232.35.88 | C78: [Disabled] tcp-21; [Disabled] tcp-22; [Disabled] tcp-2404; [Disabled] udp-53; [Disabled] udp-123; [Disabled] udp-500; [Disabled] udp-4500 | D78: [Disabled] icmp | E78: [Disabled] Allow | F78: 0 | G78: Low | H78: otpcnfw-bvl-hoc Policies.csv | I78: [Disabled] 3.5 dmz ignition server and 4.0 iothub | J78: otpcnfw-bvl-hoc | K78: [Disabled] none | L78: [Disabled] universal | M78: [Disabled] dmz-iot | N78: [Disabled] any | O78: [Disabled] dmz-copent | P78: Profile Group: threat-prevention-only | Q78: Traffic log sent at session end;Log Forwarding Profile setting: Forward to Panorama | R78: Unused | S78: [Disabled] INC1045504 | T78: 0 | U78: - | V78: 9/3/2025 10:32 | W78: 7/7/2025 12:23 | AA78: False,0 | AB78: False,0 | AC78: False,0 | AD78: False,0 | AE78: False,0 | AF78: False,0 | AG78: False,0 | AH78: False,0 | AI78: False,0 | AJ78: False,0 | AK78: False,0 | AL78: False,0 | AM78: False,0 | AN78: True,5 | AO78: False,0 | AP78: False,0 | AQ78: False,0 | AR78: False,0 | AS78: False,0 | AT78: 0 | AU78: False,0 | AV78: False,0 | AW78: 0 | AX78: False,0 | AY78: False,0 | BA78: False,0
A79: 172.26.17.133 | B79: 158.139.142.188; 158.139.142.194 | C79: application-default | D79: 5450,tcp | E79: Allow | F79: 0 | G79: Low | H79: otpcnfw-bvl-hoc Policies.csv | I79: 3.5 to 4.0 - PI OT to PI ENT | J79: otpcnfw-bvl-hoc | K79: none | L79: universal | M79: dmz-cygnet | N79: any | O79: dmz-copent | P79: Profile Group: threat-prevention-only | Q79: Traffic log sent at session end;Log Forwarding Profile setting: Forward to Panorama | R79: Partially Used | S79: INC0950876 | T79: 0 | U79: - | V79: 5/15/2025 9:15 | W79: 5/15/2025 9:11 | AA79: False,0 | AB79: False,0 | AC79: False,0 | AD79: False,0 | AE79: False,0 | AF79: False,0 | AG79: False,0 | AH79: False,0 | AI79: False,0 | AJ79: False,0 | AK79: False,0 | AL79: False,0 | AM79: False,0 | AN79: True,2 | AO79: False,0 | AP79: False,0 | AQ79: False,0 | AR79: False,0 | AS79: False,0 | AT79: 0 | AU79: False,0 | AV79: False,0 | AW79: 1 | AX79: False,0 | AY79: False,0 | BA79: False,0
A80: 172.26.17.134; 172.26.17.169 | B80: 158.139.142.188; 158.139.142.194 | C80: TCP/5450; TCP/5457; TCP/5459 | D80: any | E80: Allow | F80: 10 | G80: Low | H80: otpcnfw-bvl-hoc Policies.csv | I80: 3.5 to 4.0 - Scada Data Hub to Pi ENT ports | J80: otpcnfw-bvl-hoc | K80: Needs Revisiting | L80: universal | M80: dmz-cygnet | N80: any | O80: dmz-copent | P80: Profile Group: threat-prevention-only | Q80: Traffic log sent at session end;Log Forwarding Profile setting: Forward to Panorama | R80: Partially Used | S80: INC1146350 INC1161617 | T80: 2 | U80: 49 | V80: 9/4/2025 14:01 | W80: 8/27/2025 9:18 | AA80: False,0 | AB80: False,0 | AC80: False,0 | AD80: False,0 | AE80: False,0 | AF80: False,0 | AG80: False,0 | AH80: False,0 | AI80: False,0 | AJ80: True,10 | AK80: False,0 | AL80: False,0 | AM80: False,0 | AN80: True,2 | AO80: False,0 | AP80: False,0 | AQ80: False,0 | AR80: False,0 | AS80: False,0 | AT80: 3 | AU80: False,0 | AV80: True,0 | AW80: 65535 | AX80: True,0 | AY80: False,0 | BA80: False,0
A81: 172.26.17.134; 172.26.17.169 | B81: 158.139.167.130; 158.139.167.16; 158.139.175.0 | C81: application-default | D81: mssql-db; ping | E81: Allow | F81: 0 | G81: Low | H81: otpcnfw-bvl-hoc Policies.csv | I81: 3.5 to 4.0 - Scada Data Hub to Scada Data Hub | J81: otpcnfw-bvl-hoc | K81: none | L81: universal | M81: dmz-cygnet | N81: any | O81: dmz-copent | P81: Profile Group: threat-prevention-only | Q81: Traffic log sent at session end;Log Forwarding Profile setting: Forward to Panorama | R81: Partially Used | S81: INC0948184 | T81: 1 | U81: 1 | V81: 5/28/2025 9:26 | W81: 5/15/2025 9:46 | AA81: False,0 | AB81: False,0 | AC81: False,0 | AD81: False,0 | AE81: False,0 | AF81: False,0 | AG81: False,0 | AH81: False,0 | AI81: False,0 | AJ81: False,0 | AK81: False,0 | AL81: False,0 | AM81: False,0 | AN81: True,2 | AO81: False,0 | AP81: False,0 | AQ81: False,0 | AR81: False,0 | AS81: False,0 | AT81: 0 | AU81: False,0 | AV81: False,0 | AW81: 0 | AX81: False,0 | AY81: False,0 | BA81: False,0
A82: [Disabled] grp-scada-data-hub-dmz-servers | B82: [Disabled] grp-scada-data-hub-ent-servers | C82: [Disabled] tcp-1433 | D82: [Disabled] any | E82: [Disabled] Allow | F82: 0 | G82: Low | H82: otpcnfw-bvl-hoc Policies.csv | I82: [Disabled] 3.5 to 4.0 - Scada Data Hub to Scada Data Hub ports | J82: otpcnfw-bvl-hoc | K82: [Disabled] none | L82: [Disabled] universal | M82: [Disabled] dmz-cygnet | N82: [Disabled] any | O82: [Disabled] dmz-copent | P82: Profile Group: threat-prevention-only | Q82: Traffic log sent at session end;Log Forwarding Profile setting: Forward to Panorama | R82: Unused | S82: [Disabled] INC0948184;[Disabled] testing for randy | T82: 0 | U82: - | V82: 7/23/2025 15:41 | W82: 5/27/2025 17:44 | AA82: False,0 | AB82: False,0 | AC82: False,0 | AD82: False,0 | AE82: False,0 | AF82: False,0 | AG82: False,0 | AH82: False,0 | AI82: False,0 | AJ82: False,0 | AK82: False,0 | AL82: False,0 | AM82: False,0 | AN82: True,5 | AO82: False,0 | AP82: False,0 | AQ82: False,0 | AR82: False,0 | AS82: False,0 | AT82: 0 | AU82: False,0 | AV82: False,0 | AW82: 0 | AX82: False,0 | AY82: False,0 | BA82: False,0
A83: 172.26.20.4; 10.232.35.92 | B83: 172.26.20.4; 10.232.35.92; 10.232.35.88 | C83: TCP/21; TCP/22; TCP/2404; TCP/8883; UDP/53; UDP/123; UDP/500; UDP/4500 | D83: any | E83: Allow | F83: 15 | G83: Low | H83: otpcnfw-bvl-hoc Policies.csv | I83: 3.5 to 4.0 - Ignition 3.5 Server to Green Field Azure IoT Hub | J83: otpcnfw-bvl-hoc | K83: Needs Revisiting | L83: universal | M83: dmz-copent;dmz-iot | N83: any | O83: dmz-copent;dmz-iot | P83: Profile Group: threat-prevention-only | Q83: Traffic log sent at session end;Log Forwarding Profile setting: Forward to Panorama | R83: Partially Used | S83: INC1019116 | T83: 0 | U83: - | V83: 9/30/2025 14:12 | W83: 6/23/2025 9:47 | AA83: False,0 | AB83: False,0 | AC83: False,0 | AD83: False,0 | AE83: False,0 | AF83: False,0 | AG83: False,0 | AH83: False,0 | AI83: False,0 | AJ83: True,10 | AK83: True,5 | AL83: False,0 | AM83: False,0 | AN83: True,2 | AO83: False,0 | AP83: False,0 | AQ83: False,0 | AR83: False,0 | AS83: False,0 | AT83: 8 | AU83: False,0 | AV83: True,0 | AW83: 65535 | AX83: True,0 | AY83: False,0 | AZ83: ftp | BA83: True,10
A84: 172.26.20.4 | B84: 10.232.35.88 | C84: application-default | D84: ping | E84: Allow | F84: 0 | G84: Low | H84: otpcnfw-bvl-hoc Policies.csv | I84: 3.5 to 4.0 - Ignition Server to GreenField Azure IoT Hub ping | J84: otpcnfw-bvl-hoc | K84: Needs Revisiting | L84: universal | M84: dmz-iot | N84: any | O84: dmz-copent | P84: Profile Group: threat-prevention-only | Q84: Traffic log sent at session end;Log Forwarding Profile setting: Forward to Panorama | R84: Unused | S84: INC1019116 | T84: 0 | U84: - | V84: 6/23/2025 10:27 | W84: 6/23/2025 9:55 | AA84: False,0 | AB84: False,0 | AC84: False,0 | AD84: False,0 | AE84: False,0 | AF84: False,0 | AG84: False,0 | AH84: False,0 | AI84: False,0 | AJ84: False,0 | AK84: False,0 | AL84: False,0 | AM84: False,0 | AN84: True,5 | AO84: False,0 | AP84: False,0 | AQ84: False,0 | AR84: False,0 | AS84: False,0 | AT84: 0 | AU84: False,0 | AV84: False,0 | AW84: 0 | AX84: False,0 | AY84: False,0 | BA84: False,0
A85: 172.26.32.69 | B85: 158.139.137.8; 10.21.64.131; 10.21.64.132; 10.21.64.133; 10.21.64.134 | C85: application-default | D85: 139,445,tcp,udp; 22,tcp; 443,tcp; 80,tcp | E85: Allow | F85: 0 | G85: Low | H85: otpcnfw-bvl-hoc Policies.csv | I85: 3.5 to 4.0 - OTBase Automation to Cyberark | J85: otpcnfw-bvl-hoc | K85: none | L85: universal | M85: dmz-splunk | N85: any | O85: dmz-copent | P85: Profile Group: threat-prevention-only | Q85: Traffic log sent at session end;Log Forwarding Profile setting: Forward to Panorama | R85: Partially Used | S85: INC1122979 | T85: 0 | U85: - | V85: 8/15/2025 11:34 | W85: 8/14/2025 13:29 | AA85: False,0 | AB85: False,0 | AC85: False,0 | AD85: False,0 | AE85: False,0 | AF85: False,0 | AG85: False,0 | AH85: False,0 | AI85: False,0 | AJ85: False,0 | AK85: False,0 | AL85: False,0 | AM85: False,0 | AN85: True,2 | AO85: False,0 | AP85: False,0 | AQ85: False,0 | AR85: False,0 | AS85: False,0 | AT85: 0 | AU85: False,0 | AV85: False,0 | AW85: 5 | AX85: False,0 | AY85: False,0 | BA85: False,0
A86: 172.26.17.163 | B86: 158.139.233.167; 158.139.125.70; 158.139.83.94; nasmtprelay.conoco.net | C86: application-default | D86: 25,587,tcp | E86: Allow | F86: 0 | G86: Low | H86: otpcnfw-bvl-hoc Policies.csv | I86: 3.5 to 4.0 - CD Servers to SMTP Relay | J86: otpcnfw-bvl-hoc | K86: none | L86: universal | M86: dmz-cygnet | N86: any | O86: dmz-copent | P86: Profile Group: threat-prevention-only | Q86: Traffic log sent at session end;Log Forwarding Profile setting: Forward to Panorama | R86: Partially Used | S86: INC1182703 | T86: 0 | U86: - | V86: 9/17/2025 11:04 | W86: 9/17/2025 9:50 | AA86: False,0 | AB86: False,0 | AC86: False,0 | AD86: False,0 | AE86: False,0 | AF86: False,0 | AG86: False,0 | AH86: False,0 | AI86: False,0 | AJ86: False,0 | AK86: False,0 | AL86: False,0 | AM86: False,0 | AN86: True,2 | AO86: False,0 | AP86: False,0 | AQ86: False,0 | AR86: False,0 | AS86: False,0 | AT86: 0 | AU86: False,0 | AV86: False,0 | AW86: 2 | AX86: False,0 | AY86: False,0 | BA86: False,0
A87: 172.26.0.1; 172.26.0.2; 172.27.0.1; 172.27.0.2; 172.26.0.10; 172.26.0.17; 172.26.0.18; 172.26.0.73; 172.26.0.78; 172.26.0.9; 172.26.1.73; 172.26.1.78; 172.27.0.10; 172.27.0.73; 172.27.0.78; 172.27.0.9; 172.27.1.73; 172.27.1.78 | B87: 172.26.0.1; 172.26.0.2; 172.27.0.1; 172.27.0.2; 172.26.0.10; 172.26.0.17; 172.26.0.18; 172.26.0.73; 172.26.0.78; 172.26.0.9; 172.26.1.73; 172.26.1.78; 172.27.0.10; 172.27.0.73; 172.27.0.78; 172.27.0.9; 172.27.1.73; 172.27.1.78 | C87: application-default | D87: 3784,3785,4784,udp; 179,tcp,udp; ping | E87: Allow | F87: 0 | G87: Low | H87: otpcnfw-bvl-hoc Policies.csv | I87: TCOM - BGP otpcn-fws to ics-fws | J87: otpcnfw-bvl-hoc | K87: none | L87: universal | M87: dmz-copent | N87: any | O87: dmz-copent | P87: Profile Group: threat-prevention-only | Q87: Traffic log sent at session end;Log Forwarding Profile setting: Forward to Panorama | R87: Used | S87: INC0051604 INC0179146 | T87: 2 | U87: 10 | V87: 3/19/2025 5:06 | W87: 2/10/2024 9:58 | AA87: False,0 | AB87: False,0 | AC87: False,0 | AD87: False,0 | AE87: False,0 | AF87: False,0 | AG87: False,0 | AH87: False,0 | AI87: False,0 | AJ87: False,0 | AK87: False,0 | AL87: False,0 | AM87: False,0 | AN87: False,0 | AO87: False,0 | AP87: False,0 | AQ87: False,0 | AR87: False,0 | AS87: False,0 | AT87: 0 | AU87: False,0 | AV87: False,0 | AW87: 4 | AX87: False,0 | AY87: False,0 | BA87: False,0
A88: 172.26.0.53; 172.26.0.54; 172.26.128.109; 172.26.128.110; 172.26.128.113; 172.26.128.114; 172.26.128.117; 172.26.128.118; 172.26.128.121; 172.26.128.122; 172.26.128.14; 172.26.128.53; 172.26.128.54; 172.26.128.57; 172.26.128.58; 172.26.128.61; 172.26.128.62; 172.26.128.65; 172.26.128.66; 172.26.128.69; 172.26.128.70; 172.26.128.9; 172.27.0.53; 172.27.0.54; 172.27.128.109; 172.27.128.110; 172.27.128.113; 172.27.128.114; 172.27.128.117; 172.27.128.118; 172.27.128.121; 172.27.128.122; 172.27.128.14; 172.27.128.53; 172.27.128.54; 172.27.128.57; 172.27.128.58; 172.27.128.61; 172.27.128.62; 172.27.128.65; 172.27.128.66; 172.27.128.69; 172.27.128.70; 172.27.128.9 | B88: 172.26.0.53; 172.26.0.54; 172.26.128.109; 172.26.128.110; 172.26.128.113; 172.26.128.114; 172.26.128.117; 172.26.128.118; 172.26.128.121; 172.26.128.122; 172.26.128.14; 172.26.128.53; 172.26.128.54; 172.26.128.57; 172.26.128.58; 172.26.128.61; 172.26.128.62; 172.26.128.65; 172.26.128.66; 172.26.128.69; 172.26.128.70; 172.26.128.9; 172.27.0.53; 172.27.0.54; 172.27.128.109; 172.27.128.110; 172.27.128.113; 172.27.128.114; 172.27.128.117; 172.27.128.118; 172.27.128.121; 172.27.128.122; 172.27.128.14; 172.27.128.53; 172.27.128.54; 172.27.128.57; 172.27.128.58; 172.27.128.61; 172.27.128.62; 172.27.128.65; 172.27.128.66; 172.27.128.69; 172.27.128.70; 172.27.128.9 | C88: application-default | D88: 179,tcp,udp; ping | E88: Allow | F88: 0 | G88: Low | H88: otpcnfw-bvl-hoc Policies.csv | I88: TCOM - BGP otpcn-fws to Legacy l48hubrtrs | J88: otpcnfw-bvl-hoc | K88: none | L88: universal | M88: ot-field-cxo;ot-field-fence;ot-field-shellpcd;ot-field-vzwotapn;ot-legacytransit | N88: any | O88: ot-field-cxo;ot-field-fence;ot-field-shellpcd;ot-field-vzwotapn;ot-legacytransit | P88: Profile Group: threat-prevention-only | Q88: Traffic log sent at session end;Log Forwarding Profile setting: Forward to Panorama | R88: Used | S88: INC0051604, INC0202895 | T88: 0 | U88: - | V88: 3/19/2025 5:06 | W88: 2/10/2024 9:58 | AA88: False,0 | AB88: False,0 | AC88: False,0 | AD88: False,0 | AE88: False,0 | AF88: False,0 | AG88: False,0 | AH88: False,0 | AI88: False,0 | AJ88: False,0 | AK88: False,0 | AL88: False,0 | AM88: False,0 | AN88: False,0 | AO88: False,0 | AP88: False,0 | AQ88: False,0 | AR88: False,0 | AS88: False,0 | AT88: 0 | AU88: False,0 | AV88: False,0 | AW88: 1 | AX88: False,0 | AY88: False,0 | BA88: False,0
A89: 172.26.128.25; 172.26.128.28; 172.26.128.29; 172.27.128.25; 172.27.128.28; 172.27.128.29 | B89: 172.26.128.25; 172.26.128.28; 172.26.128.29; 172.27.128.25; 172.27.128.28; 172.27.128.29 | C89: application-default | D89: 179,tcp,udp; ping | E89: Allow | F89: 0 | G89: Low | H89: otpcnfw-bvl-hoc Policies.csv | I89: TCOM - BGP otpcn-fws to Legacy L48 Firewalls | J89: otpcnfw-bvl-hoc | K89: none | L89: universal | M89: ot-legacytransit | N89: any | O89: ot-legacytransit | P89: Profile Group: threat-prevention-only | Q89: Traffic log sent at session end;Log Forwarding Profile setting: Forward to Panorama | R89: Unused | S89: CHG0213879 | T89: 0 | U89: - | V89: 8/2/2024 4:12 | W89: 2/10/2024 9:58 | AA89: False,0 | AB89: False,0 | AC89: False,0 | AD89: False,0 | AE89: False,0 | AF89: False,0 | AG89: False,0 | AH89: False,0 | AI89: False,0 | AJ89: False,0 | AK89: False,0 | AL89: False,0 | AM89: False,0 | AN89: True,5 | AO89: False,0 | AP89: False,0 | AQ89: False,0 | AR89: False,0 | AS89: False,0 | AT89: 0 | AU89: False,0 | AV89: False,0 | AW89: 1 | AX89: False,0 | AY89: False,0 | BA89: False,0
A90: 10.34.0.1; 10.34.0.2; 10.34.0.5; 10.34.0.6; 10.34.1.1; 10.34.1.2; 10.34.1.5; 10.34.1.6; 10.34.2.1; 10.34.2.2; 10.34.2.5; 10.34.2.6 | B90: 10.34.0.1; 10.34.0.2; 10.34.0.5; 10.34.0.6; 10.34.1.1; 10.34.1.2; 10.34.1.5; 10.34.1.6; 10.34.2.1; 10.34.2.2; 10.34.2.5; 10.34.2.6 | C90: application-default | D90: 179,tcp,udp; ping | E90: Allow | F90: 0 | G90: Low | H90: otpcnfw-bvl-hoc Policies.csv | I90: TCOM - BGP otpcn-fws to otwan-fws | J90: otpcnfw-bvl-hoc | K90: none | L90: universal | M90: wan-ot-underlay | N90: any | O90: wan-ot-underlay | P90: Profile Group: threat-prevention-only | Q90: Traffic log sent at session end;Log Forwarding Profile setting: Forward to Panorama | R90: Unused | S90: INC0051604 | T90: 0 | U90: - | V90: 3/19/2025 5:06 | W90: 2/10/2024 9:58 | AA90: False,0 | AB90: False,0 | AC90: False,0 | AD90: False,0 | AE90: False,0 | AF90: False,0 | AG90: False,0 | AH90: False,0 | AI90: False,0 | AJ90: False,0 | AK90: False,0 | AL90: False,0 | AM90: False,0 | AN90: True,5 | AO90: False,0 | AP90: False,0 | AQ90: False,0 | AR90: False,0 | AS90: False,0 | AT90: 0 | AU90: False,0 | AV90: False,0 | AW90: 1 | AX90: False,0 | AY90: False,0 | BA90: False,0
A91: 172.26.128.17; 172.26.128.18; 172.26.128.81; 172.26.128.86; 172.26.129.81; 172.26.129.86 | B91: 172.26.128.17; 172.26.128.18; 172.26.128.81; 172.26.128.86; 172.26.129.81; 172.26.129.86 | C91: application-default | D91: 3784,3785,4784,udp; 179,tcp,udp; ping | E91: Allow | F91: 0 | G91: Low | H91: otpcnfw-bvl-hoc Policies.csv | I91: TCOM - BGP between otpcn-fws for DR Transit | J91: otpcnfw-bvl-hoc | K91: none | L91: universal | M91: ot-drtransit | N91: any | O91: ot-drtransit | P91: Profile Group: threat-prevention-only | Q91: Traffic log sent at session end;Log Forwarding Profile setting: Forward to Panorama | R91: Used | S91: INC0051604 INC0179146 | T91: 1 | U91: 1 | V91: 3/19/2025 5:06 | W91: 2/10/2024 9:58 | AA91: False,0 | AB91: False,0 | AC91: False,0 | AD91: False,0 | AE91: False,0 | AF91: False,0 | AG91: False,0 | AH91: False,0 | AI91: False,0 | AJ91: False,0 | AK91: False,0 | AL91: False,0 | AM91: False,0 | AN91: False,0 | AO91: False,0 | AP91: False,0 | AQ91: False,0 | AR91: False,0 | AS91: False,0 | AT91: 0 | AU91: False,0 | AV91: False,0 | AW91: 4 | AX91: False,0 | AY91: False,0 | BA91: False,0
A92: 172.26.0.81; 172.26.0.86; 172.26.1.81; 172.26.1.86 | B92: 172.26.0.81; 172.26.0.86; 172.26.1.81; 172.26.1.86 | C92: application-default | D92: 3784,3785,4784,udp; 179,tcp,udp; ping | E92: Allow | F92: 0 | G92: Low | H92: otpcnfw-bvl-hoc Policies.csv | I92: TCOM - BGP between otpcn-fws for DMZ DR Transit | J92: otpcnfw-bvl-hoc | K92: none | L92: universal | M92: dmz-drtransit | N92: any | O92: dmz-drtransit | P92: Profile Group: threat-prevention-only | Q92: Traffic log sent at session end;Log Forwarding Profile setting: Forward to Panorama | R92: Used | S92: INC0179146 | T92: 1 | U92: 1 | V92: 3/19/2025 5:06 | W92: 3/9/2024 15:56 | AA92: False,0 | AB92: False,0 | AC92: False,0 | AD92: False,0 | AE92: False,0 | AF92: False,0 | AG92: False,0 | AH92: False,0 | AI92: False,0 | AJ92: False,0 | AK92: False,0 | AL92: False,0 | AM92: False,0 | AN92: False,0 | AO92: False,0 | AP92: False,0 | AQ92: False,0 | AR92: False,0 | AS92: False,0 | AT92: 0 | AU92: False,0 | AV92: False,0 | AW92: 4 | AX92: False,0 | AY92: False,0 | BA92: False,0
A93: 172.26.129.101; 172.26.129.102; 172.26.129.133; 172.26.129.134; 172.26.3.137; 172.26.3.142; 172.26.3.145; 172.26.3.150; 172.27.129.101; 172.27.129.102; 172.27.129.133; 172.27.129.134; 172.27.3.137; 172.27.3.142; 172.27.3.145; 172.27.3.150 | B93: 172.26.129.101; 172.26.129.102; 172.26.129.133; 172.26.129.134; 172.26.3.137; 172.26.3.142; 172.26.3.145; 172.26.3.150; 172.27.129.101; 172.27.129.102; 172.27.129.133; 172.27.129.134; 172.27.3.137; 172.27.3.142; 172.27.3.145; 172.27.3.150 | C93: application-default | D93: 179,tcp,udp; ping | E93: Allow | F93: 0 | G93: Low | H93: otpcnfw-bvl-hoc Policies.csv | I93: TCOM - BGP OTTRAN North Underlay | J93: otpcnfw-bvl-hoc | K93: none | L93: universal | M93: dmz-ottran-underlay | N93: any | O93: dmz-ottran-underlay | P93: Profile Group: threat-prevention-only | Q93: Traffic log sent at session end;Log Forwarding Profile setting: Forward to Panorama | R93: Used | S93: INC0179146 | T93: 1 | U93: 1 | V93: 3/19/2025 5:06 | W93: 3/8/2024 16:22 | AA93: False,0 | AB93: False,0 | AC93: False,0 | AD93: False,0 | AE93: False,0 | AF93: False,0 | AG93: False,0 | AH93: False,0 | AI93: False,0 | AJ93: False,0 | AK93: False,0 | AL93: False,0 | AM93: False,0 | AN93: False,0 | AO93: False,0 | AP93: False,0 | AQ93: False,0 | AR93: False,0 | AS93: False,0 | AT93: 0 | AU93: False,0 | AV93: False,0 | AW93: 1 | AX93: False,0 | AY93: False,0 | BA93: False,0
A94: 172.26.129.105; 172.26.129.106; 172.26.129.137; 172.26.129.138; 172.26.129.145; 172.26.129.146; 172.26.3.193; 172.26.3.198; 172.26.3.201; 172.26.3.206; 172.26.3.209; 172.26.3.214; 172.27.129.105; 172.27.129.106; 172.27.129.137; 172.27.129.138; 172.27.129.145; 172.27.129.146; 172.27.3.193; 172.27.3.198; 172.27.3.201; 172.27.3.206; 172.27.3.209; 172.27.3.214 | B94: 172.26.129.105; 172.26.129.106; 172.26.129.137; 172.26.129.138; 172.26.129.145; 172.26.129.146; 172.26.3.193; 172.26.3.198; 172.26.3.201; 172.26.3.206; 172.26.3.209; 172.26.3.214; 172.27.129.105; 172.27.129.106; 172.27.129.137; 172.27.129.138; 172.27.129.145; 172.27.129.146; 172.27.3.193; 172.27.3.198; 172.27.3.201; 172.27.3.206; 172.27.3.209; 172.27.3.214 | C94: application-default | D94: 179,tcp,udp; ping | E94: Allow | F94: 0 | G94: Low | H94: otpcnfw-bvl-hoc Policies.csv | I94: TCOM - BGP OTTRAN South Underlay | J94: otpcnfw-bvl-hoc | K94: none | L94: universal | M94: dmz-ottran-underlay | N94: any | O94: dmz-ottran-underlay | P94: Profile Group: threat-prevention-only | Q94: Traffic log sent at session end;Log Forwarding Profile setting: Forward to Panorama | R94: Used | S94: INC0179146 | T94: 0 | U94: - | V94: 3/19/2025 5:06 | W94: 3/8/2024 16:22 | AA94: False,0 | AB94: False,0 | AC94: False,0 | AD94: False,0 | AE94: False,0 | AF94: False,0 | AG94: False,0 | AH94: False,0 | AI94: False,0 | AJ94: False,0 | AK94: False,0 | AL94: False,0 | AM94: False,0 | AN94: False,0 | AO94: False,0 | AP94: False,0 | AQ94: False,0 | AR94: False,0 | AS94: False,0 | AT94: 0 | AU94: False,0 | AV94: False,0 | AW94: 1 | AX94: False,0 | AY94: False,0 | BA94: False,0
A95: 172.26.128.73; 172.26.128.78; 172.26.129.73; 172.26.129.78; 172.26.130.255; 172.26.3.255; 172.27.128.73; 172.27.128.78; 172.27.129.73; 172.27.129.78; 172.27.130.255; 172.27.3.255 | B95: 172.26.128.73; 172.26.128.78; 172.26.129.73; 172.26.129.78; 172.26.130.255; 172.26.3.255; 172.27.128.73; 172.27.128.78; 172.27.129.73; 172.27.129.78; 172.27.130.255; 172.27.3.255 | C95: application-default | D95: 3784,3785,4784,udp; 179,tcp,udp; ping | E95: Allow | F95: 0 | G95: Low | H95: otpcnfw-bvl-hoc Policies.csv | I95: TCOM - BGP otpcnfw vr-dmz to vr-ot | J95: otpcnfw-bvl-hoc | K95: none | L95: universal | M95: dmz-ot | N95: any | O95: dmz-ot | P95: Profile Group: threat-prevention-only | Q95: Traffic log sent at session end;Log Forwarding Profile setting: Forward to Panorama | R95: Used | S95: INC0179146 | T95: 1 | U95: 1 | V95: 3/19/2025 5:06 | W95: 3/9/2024 13:42 | AA95: False,0 | AB95: False,0 | AC95: False,0 | AD95: False,0 | AE95: False,0 | AF95: False,0 | AG95: False,0 | AH95: False,0 | AI95: False,0 | AJ95: False,0 | AK95: False,0 | AL95: False,0 | AM95: False,0 | AN95: False,0 | AO95: False,0 | AP95: False,0 | AQ95: False,0 | AR95: False,0 | AS95: False,0 | AT95: 0 | AU95: False,0 | AV95: False,0 | AW95: 4 | AX95: False,0 | AY95: False,0 | BA95: False,0
... A146: 172.26.160.4; 172.27.160.4 | B146: 172.26.137.11; 172.27.137.9 | C146: application-default | D146: 49,tcp | E146: Allow | F146: 0 | G146: Low | H146: otpcnfw-bvl-hoc Policies.csv | I146: TCOM - NTP ISE Access | J146: otpcnfw-bvl-hoc | K146: none | L146: universal | M146: ot-drtransit;ot-ntp | N146: any | O146: ot-drtransit;ot-ip-services | P146: Profile Group: threat-prevention-only | Q146: Traffic log sent at session end;Log Forwarding Profile setting: Forward to Panorama | R146: Unused | S146: INC0139089 | T146: 0 | U146: - | V146: 3/20/2025 7:56 | W146: 2/16/2024 1:57 | AA146: False,0 | AB146: False,0 | AC146: False,0 | AD146: False,0 | AE146: False,0 | AF146: False,0 | AG146: False,0 | AH146: False,0 | AI146: False,0 | AJ146: False,0 | AK146: False,0 | AL146: False,0 | AM146: False,0 | AN146: True,5 | AO146: False,0 | AP146: False,0 | AQ146: False,0 | AR146: False,0 | AS146: False,0 | AT146: 0 | AU146: False,0 | AV146: False,0 | AW146: 1 | AX146: False,0 | AY146: False,0 | BA146: False,0
A147: 172.26.160.4; 172.27.160.4; 172.26.162.134; 172.26.162.135; 172.26.162.136; 172.26.162.137; 172.26.162.138; 172.26.162.139; 172.26.169.6; 172.27.162.130; 172.27.162.132; 172.27.162.133; 172.27.162.134; 172.27.162.136; 172.27.162.137 | B147: 172.26.160.4; 172.27.160.4; 172.26.162.134; 172.26.162.135; 172.26.162.136; 172.26.162.137; 172.26.162.138; 172.26.162.139; 172.26.169.6; 172.27.162.130; 172.27.162.132; 172.27.162.133; 172.27.162.134; 172.27.162.136; 172.27.162.137 | C147: UDP/161; UDP/162 | D147: 161,tcp,udp; 162,tcp,udp | E147: Allow | F147: 5 | G147: Low | H147: otpcnfw-bvl-hoc Policies.csv | I147: TCOM - NTP SNMP Access | J147: otpcnfw-bvl-hoc | K147: none | L147: universal | M147: ot-drtransit;ot-monitoring;ot-ntp | N147: any | O147: ot-drtransit;ot-monitoring;ot-ntp | P147: Profile Group: threat-prevention-only | Q147: Traffic log sent at session end;Log Forwarding Profile setting: Forward to Panorama | R147: Used | S147: INC0139089 | T147: 1 | U147: 1 | V147: 3/20/2025 7:56 | W147: 2/16/2024 1:57 | AA147: False,0 | AB147: False,0 | AC147: False,0 | AD147: False,0 | AE147: False,0 | AF147: False,0 | AG147: False,0 | AH147: False,0 | AI147: False,0 | AJ147: False,0 | AK147: True,5 | AL147: False,0 | AM147: False,0 | AN147: False,0 | AO147: False,0 | AP147: False,0 | AQ147: False,0 | AR147: False,0 | AS147: False,0 | AT147: 2 | AU147: False,0 | AV147: False,0 | AW147: 2 | AX147: False,0 | AY147: False,0 | AZ147: ntcip-snmp | BA147: True,10
A148: 172.26.137.6; 172.27.137.4 | B148: 172.26.137.6; 172.27.137.4 | C148: application-default | D148: 139,445,tcp,udp | E148: Allow | F148: 0 | G148: Low | H148: otpcnfw-bvl-hoc Policies.csv | I148: TCOM - Robocopy between EDL File Servers | J148: otpcnfw-bvl-hoc | K148: none | L148: universal | M148: ot-drtransit;ot-ip-services | N148: any | O148: ot-drtransit;ot-ip-services | P148: Profile Group: threat-prevention-only | Q148: Traffic log sent at session end;Log Forwarding Profile setting: Forward to Panorama | R148: Partially Used | S148: INC0264801 | T148: 1 | U148: 1 | V148: 3/20/2025 7:56 | W148: 4/29/2024 16:37 | AA148: False,0 | AB148: False,0 | AC148: False,0 | AD148: False,0 | AE148: False,0 | AF148: False,0 | AG148: False,0 | AH148: False,0 | AI148: False,0 | AJ148: False,0 | AK148: False,0 | AL148: False,0 | AM148: False,0 | AN148: True,2 | AO148: False,0 | AP148: False,0 | AQ148: False,0 | AR148: False,0 | AS148: False,0 | AT148: 0 | AU148: False,0 | AV148: False,0 | AW148: 2 | AX148: False,0 | AY148: False,0 | BA148: False,0
A149: 172.26.162.2; 172.26.162.3; 172.26.162.4; 172.26.162.5; 172.26.162.6 | B149: 172.26.137.11; 172.27.137.9 | C149: application-default | D149: 1645,1646,1812,1813,udp | E149: Allow | F149: 0 | G149: Low | H149: otpcnfw-bvl-hoc Policies.csv | I149: TCOM - Radio Tools to Radius | J149: otpcnfw-bvl-hoc | K149: none | L149: universal | M149: ot-tcom-tools | N149: any | O149: ot-ip-services | P149: Profile Group: threat-prevention-only | Q149: Traffic log sent at session end;Log Forwarding Profile setting: Forward to Panorama | R149: Partially Used | S149: INC0303693 | T149: 1 | U149: 10 | V149: 3/20/2025 7:56 | W149: 5/21/2024 12:37 | AA149: False,0 | AB149: False,0 | AC149: False,0 | AD149: False,0 | AE149: False,0 | AF149: False,0 | AG149: False,0 | AH149: False,0 | AI149: False,0 | AJ149: False,0 | AK149: False,0 | AL149: False,0 | AM149: False,0 | AN149: True,2 | AO149: False,0 | AP149: False,0 | AQ149: False,0 | AR149: False,0 | AS149: False,0 | AT149: 0 | AU149: False,0 | AV149: False,0 | AW149: 4 | AX149: False,0 | AY149: False,0 | BA149: False,0
A150: 10.131.46.0/23; 10.133.130.0/23; 10.133.146.0/23; 10.133.162.0/23; 10.133.178.0/23; 10.133.194.0/23; 10.133.210.0/23; 10.133.226.0/23; 10.133.242.0/23; 10.134.18.0/23; 10.134.2.0/23; 10.14.80.0/24; 10.14.81.0/24; 10.147.20.0/23; 10.147.22.0/23; 10.147.26.0/23; 10.147.28.0/23; 10.147.54.0/24; 10.147.56.0/24; 10.147.59.0/24; 10.147.62.0/23; 10.147.68.0/22; 10.148.144.0/22; 10.150.72.0/21; 10.38.0.32/28; 10.38.0.48/28; 10.133.128.0/24; 10.133.144.0/24; 10.133.160.0/24; 10.133.176.0/24; 10.133.192.0/24; 10.133.208.0/24; 10.133.224.0/24; 10.133.240.0/24; 10.134.0.0/24; 10.134.16.0/24; 10.144.185.0/24; 10.144.198.0/24; 10.144.201.0/24; 10.144.214.0/24; 10.144.217.0/24; 10.144.220.0/24; 10.144.224.0/24; 10.144.226.0/24; 10.144.229.0/24; 10.147.60.0/24; 10.38.0.16/28; 10.38.0.64/28; 10.146.193.0/24; 10.147.34.0/23; 10.147.38.0/23; 10.147.42.0/23; 10.147.50.0/23; 10.153.34.0/23; 10.153.50.0/23; 10.153.66.0/23; 10.153.82.0/23; 10.153.98.0/23; 10.202.204.0/23; 10.202.220.0/23; 10.202.4.0/23; 10.202.6.0/23; 10.41.114.0/23; 10.41.130.0/23; 10.41.146.0/23; 10.41.162.0/23; 10.41.178.0/23; 10.41.194.0/23; 10.41.210.0/23; 10.41.226.0/23; 10.41.242.0/23; 10.41.98.0/23; 10.42.18.0/23; 10.42.2.0/23; 10.42.34.0/23; 10.42.50.0/23; 10.42.66.0/23; 10.42.82.0/23; 10.42.98.0/23; 10.43.34.0/23; 10.45.114.0/23; 10.45.98.0/23; 10.102.44.0/22; 10.130.226.0/23; 10.130.228.0/23; 10.130.230.0/23; 10.130.232.0/23; 10.130.234.0/23; 10.130.236.0/23; 10.130.238.0/23; 10.130.240.0/23; 10.130.242.0/23; 10.130.244.0/23; 10.132.114.0/23; 10.132.130.0/23; 10.132.146.0/23; 10.132.162.0/23; 10.132.178.0/23; 10.132.18.0/23; 10.132.194.0/23; 10.132.2.0/23; 10.132.210.0/23; 10.132.226.0/23; 10.132.242.0/23; 10.132.34.0/23; 10.132.50.0/23; 10.132.66.0/23; 10.132.82.0/23; 10.132.98.0/23; 10.133.114.0/23; 10.133.18.0/23; 10.133.2.0/23; 10.133.34.0/23; 10.133.50.0/23; 10.133.66.0/23; 10.133.82.0/23; 10.133.98.0/23; 10.134.34.0/23; 10.130.10.0/24; 10.130.14.0/24; 10.130.18.0/24; 10.130.192.0/24; 10.130.195.0/24; 10.130.198.0/24; 10.130.2.0/24; 10.130.201.0/24; 10.130.204.0/24; 10.130.207.0/24; 10.130.210.0/24; 10.130.213.0/24; 10.130.216.0/24; 10.130.219.0/24; 10.130.22.0/24; 10.130.222.0/24; 10.130.26.0/24; 10.130.30.0/24; 10.130.34.0/24; 10.130.38.0/24; 10.130.6.0/24; 10.132.0.0/24; 10.132.112.0/24; 10.132.128.0/24; 10.132.144.0/24; 10.132.16.0/24; 10.132.160.0/24; 10.132.176.0/24; 10.132.192.0/24; 10.132.208.0/24; 10.132.224.0/24; 10.132.240.0/24; 10.132.32.0/24; 10.132.48.0/24; 10.132.64.0/24; 10.132.80.0/24; 10.132.96.0/24; 10.133.0.0/24; 10.133.112.0/24; 10.133.16.0/24; 10.133.32.0/24; 10.133.48.0/24; 10.133.64.0/24; 10.133.80.0/24; 10.133.96.0/24; 10.134.32.0/24; 10.105.128.0/22; 10.105.132.0/22; 10.105.136.0/22; 10.105.140.0/22; 10.105.148.0/22; 10.105.52.0/22; 172.20.84.0/24; 10.131.38.0/24; 10.40.114.0/23; 10.40.130.0/23; 10.40.146.0/23; 10.40.162.0/23; 10.40.178.0/23; 10.40.18.0/23; 10.40.194.0/23; 10.40.2.0/23; 10.40.210.0/23; 10.40.226.0/23; 10.40.242.0/23; 10.40.34.0/23; 10.40.50.0/23; 10.40.66.0/23; 10.40.82.0/23; 10.40.98.0/23; 10.41.66.0/23; 10.41.82.0/23; 10.42.114.0/23; 10.42.130.0/23; 10.42.146.0/23; 10.42.162.0/23; 10.42.178.0/23; 10.42.194.0/23; 10.42.210.0/23; 10.42.226.0/23; 10.42.242.0/23; 10.43.130.0/23; 10.43.146.0/23; 10.43.162.0/23; 10.43.178.0/23; 10.43.194.0/23; 10.43.2.0/23; 10.43.210.0/23; 10.43.226.0/23; 10.43.242.0/23; 10.44.114.0/23; 10.44.130.0/23; 10.44.146.0/23; 10.44.162.0/23; 10.44.18.0/23; 10.44.2.0/23; 10.44.34.0/23; 10.44.50.0/23; 10.44.66.0/23; 10.44.82.0/23; 10.44.98.0/23; 10.153.32.0/24; 10.153.48.0/24; 10.153.64.0/24; 10.153.80.0/24; 10.153.96.0/24; 10.202.192.0/24; 10.202.208.0/24; 10.202.224.0/24; 10.202.240.0/24; 10.40.0.0/24; 10.40.112.0/24; 10.40.128.0/24; 10.40.144.0/24; 10.40.16.0/24; 10.40.160.0/24; 10.40.176.0/24; 10.40.192.0/24; 10.40.208.0/24; 10.40.224.0/24; 10.40.240.0/24; 10.40.32.0/24; 10.40.48.0/24; 10.40.64.0/24; 10.40.80.0/24; 10.40.96.0/24; 10.41.112.0/24; 10.41.128.0/24; 10.41.144.0/24; 10.41.160.0/24; 10.41.176.0/24; 10.41.192.0/24; 10.41.208.0/24; 10.41.224.0/24; 10.41.240.0/24; 10.41.64.0/24; 10.41.80.0/24; 10.41.96.0/24; 10.42.0.0/24; 10.42.112.0/24; 10.42.128.0/24; 10.42.144.0/24; 10.42.16.0/24; 10.42.160.0/24; 10.42.176.0/24; 10.42.192.0/24; 10.42.208.0/24; 10.42.224.0/24; 10.42.240.0/24; 10.42.32.0/24; 10.42.48.0/24; 10.42.64.0/24; 10.42.80.0/24; 10.42.96.0/24; 10.43.0.0/24; 10.43.128.0/24; 10.43.144.0/24; 10.43.160.0/24; 10.43.176.0/24; 10.43.192.0/24; 10.43.208.0/23; 10.43.224.0/24; 10.43.240.0/24; 10.43.32.0/24; 10.44.0.0/24; 10.44.112.0/24; 10.44.128.0/24; 10.44.144.0/24; 10.44.16.0/24; 10.44.160.0/24; 10.44.32.0/24; 10.44.48.0/24; 10.44.64.0/24; 10.44.80.0/24; 10.44.96.0/24; 10.45.96.0/24; 10.1.115.0/24; 10.102.100.0/22; 10.102.104.0/22; 10.102.108.0/22; 10.102.112.0/22; 10.102.116.0/22; 10.102.120.0/22; 10.102.164.0/22; 10.102.4.0/22; 10.102.40.0/22; 10.102.48.0/22; 10.102.52.0/22; 10.102.56.0/22; 10.102.60.0/22; 10.102.64.0/22; 10.102.8.0/22; 10.102.92.0/22; 10.102.96.0/22; 10.103.0.0/16; 10.103.204.0/22; 10.104.0.0/22; 10.104.12.0/22; 10.104.16.0/22; 10.104.20.0/22; 10.104.24.0/22; 10.104.28.0/22; 10.104.4.0/22; 10.104.40.0/22; 10.104.8.0/22; 10.105.0.0/22; 10.105.12.0/22; 10.105.16.0/22; 10.105.20.0/22; 10.105.24.0/22; 10.105.28.0/22; 10.105.32.0/22; 10.105.36.0/22; 10.105.4.0/22; 10.105.40.0/22; 10.105.44.0/22; 10.105.48.0/22; 10.105.60.0/22; 10.105.64.0/22; 10.105.76.0/22; 10.105.8.0/22; 10.106.4.0/22; 10.106.8.0/22; 10.107.0.0/22; 10.107.12.0/22; 10.107.16.0/22; 10.107.20.0/22; 10.107.24.0/22; 10.107.28.0/22; 10.107.8.0/22; 10.130.7.0/24; 10.202.194.0/23; 10.202.210.0/23; 10.202.226.0/23; 10.202.242.0/23; 10.41.76.0/22; 10.42.252.0/22; 10.43.140.0/22; 10.43.44.0/22; 10.44.172.0/22; 10.47.216.0/21; 10.47.224.0/21; 10.47.232.0/21; 10.47.240.0/21; 10.47.248.0/21; 164.123.255.96/29; 172.17.16.0/27; 172.17.20.0/22; 172.17.24.0/22; 172.17.28.0/27; 172.17.28.192/27; 172.17.28.64/27; 172.17.29.0/27; 172.17.29.192/27; 172.17.29.64/27; 172.17.30.0/27; 172.17.30.64/27; 172.17.36.0/22; 172.17.44.0/22; 172.17.48.0/22; 172.17.52.0/22; 172.17.56.0/22; 172.17.60.0/27; 172.17.60.128/27; 172.17.60.160/27; 172.17.60.192/27; 172.17.60.32/27; 172.17.60.64/27; 172.17.60.96/27; 172.17.68.0/27; 172.17.72.128/27; 172.17.72.160/27; 172.17.72.32/27; 172.17.72.64/27; 172.17.72.96/27; 172.17.76.0/27; 172.17.76.32/27; 172.17.76.64/27; 172.17.76.96/27; 172.17.8.0/22; 192.168.12.0/24; 10.102.0.0/16; 10.104.0.0/16; 10.105.0.0/16; 10.107.0.0/16; 10.108.0.0/16; 10.202.0.0/16; 11.128.142.0/23; 10.144.128.0/24; 10.144.132.0/24; 10.144.136.0/24; 10.144.144.0/24; 172.28.2.32/28; 172.28.2.16/28 | B150: 172.26.137.11; 172.27.137.9 | C150: application-default | D150: 1645,1646,1812,1813,udp; 49,tcp | E150: Allow | F150: 10 | G150: Low | H150: otpcnfw-bvl-hoc Policies.csv | I150: TCOM - Radios to Radius | J150: otpcnfw-bvl-hoc | K150: none | L150: universal | M150: ot-field-cxo;ot-field-fence;ot-field-shellpcd;zone-to-branch | N150: any | O150: ot-ip-services | P150: Profile Group: threat-prevention-only | Q150: Traffic log sent at session end;Log Forwarding Profile setting: Forward to Panorama | R150: Used | S150: INC0306955 INC0381041 INC0411938 INC0529665 INC0528341 INC0567803 INC0624233 INC0622816 INC0674206 INC0691652 INC0795909 INC0810165 INC0857282 INC0959621 INC1079436 | T150: 1 | U150: 1 | V150: 7/28/2025 10:37 | W150: 5/22/2024 9:45 | AA150: False,0 | AB150: True,10 | AC150: False,0 | AD150: False,0 | AE150: False,0 | AF150: False,0 | AG150: False,0 | AH150: False,0 | AI150: False,0 | AJ150: False,0 | AK150: False,0 | AL150: False,0 | AM150: False,0 | AN150: False,0 | AO150: False,0 | AP150: False,0 | AQ150: False,0 | AR150: False,0 | AS150: False,0 | AT150: 0 | AU150: False,0 | AV150: False,0 | AW150: 5 | AX150: False,0 | AY150: False,0 | BA150: False,0
A151: 10.131.46.0/23; 10.133.130.0/23; 10.133.146.0/23; 10.133.162.0/23; 10.133.178.0/23; 10.133.194.0/23; 10.133.210.0/23; 10.133.226.0/23; 10.133.242.0/23; 10.134.18.0/23; 10.134.2.0/23; 10.14.80.0/24; 10.14.81.0/24; 10.147.20.0/23; 10.147.22.0/23; 10.147.26.0/23; 10.147.28.0/23; 10.147.54.0/24; 10.147.56.0/24; 10.147.59.0/24; 10.147.62.0/23; 10.147.68.0/22; 10.148.144.0/22; 10.150.72.0/21; 10.38.0.32/28; 10.38.0.48/28; 10.146.193.0/24; 10.147.34.0/23; 10.147.38.0/23; 10.147.42.0/23; 10.147.50.0/23; 10.153.34.0/23; 10.153.50.0/23; 10.153.66.0/23; 10.153.82.0/23; 10.153.98.0/23; 10.202.204.0/23; 10.202.220.0/23; 10.202.4.0/23; 10.202.6.0/23; 10.41.114.0/23; 10.41.130.0/23; 10.41.146.0/23; 10.41.162.0/23; 10.41.178.0/23; 10.41.194.0/23; 10.41.210.0/23; 10.41.226.0/23; 10.41.242.0/23; 10.41.98.0/23; 10.42.18.0/23; 10.42.2.0/23; 10.42.34.0/23; 10.42.50.0/23; 10.42.66.0/23; 10.42.82.0/23; 10.42.98.0/23; 10.43.34.0/23; 10.45.114.0/23; 10.45.98.0/23; 10.104.0.0/16; 10.107.0.0/16; 10.108.0.0/16; 10.202.0.0/16; 10.130.226.0/23; 10.130.228.0/23; 10.130.230.0/23; 10.130.232.0/23; 10.130.234.0/23; 10.130.236.0/23; 10.130.238.0/23; 10.130.240.0/23; 10.130.242.0/23; 10.130.244.0/23; 10.132.114.0/23; 10.132.130.0/23; 10.132.146.0/23; 10.132.162.0/23; 10.132.178.0/23; 10.132.18.0/23; 10.132.194.0/23; 10.132.2.0/23; 10.132.210.0/23; 10.132.226.0/23; 10.132.242.0/23; 10.132.34.0/23; 10.132.50.0/23; 10.132.66.0/23; 10.132.82.0/23; 10.132.98.0/23; 10.133.114.0/23; 10.133.18.0/23; 10.133.2.0/23; 10.133.34.0/23; 10.133.50.0/23; 10.133.66.0/23; 10.133.82.0/23; 10.133.98.0/23; 10.134.34.0/23; 10.131.38.0/24; 10.38.0.16/28; 10.38.0.64/28; 10.40.114.0/23; 10.40.130.0/23; 10.40.146.0/23; 10.40.162.0/23; 10.40.178.0/23; 10.40.18.0/23; 10.40.194.0/23; 10.40.2.0/23; 10.40.210.0/23; 10.40.226.0/23; 10.40.242.0/23; 10.40.34.0/23; 10.40.50.0/23; 10.40.66.0/23; 10.40.82.0/23; 10.40.98.0/23; 10.41.66.0/23; 10.41.82.0/23; 10.42.114.0/23; 10.42.130.0/23; 10.42.146.0/23; 10.42.162.0/23; 10.42.178.0/23; 10.42.194.0/23; 10.42.210.0/23; 10.42.226.0/23; 10.42.242.0/23; 10.43.130.0/23; 10.43.146.0/23; 10.43.162.0/23; 10.43.178.0/23; 10.43.194.0/23; 10.43.2.0/23; 10.43.210.0/23; 10.43.226.0/23; 10.43.242.0/23; 10.44.114.0/23; 10.44.130.0/23; 10.44.146.0/23; 10.44.162.0/23; 10.44.18.0/23; 10.44.2.0/23; 10.44.34.0/23; 10.44.50.0/23; 10.44.66.0/23; 10.44.82.0/23; 10.44.98.0/23; 10.102.0.0/16; 10.103.0.0/16; 10.105.0.0/16; 172.28.2.16/28 | B151: 172.26.162.3; 172.26.162.4; 172.26.162.5; 172.26.162.6 | C151: application-default | D151: ping; 162,tcp,udp | E151: Allow | F151: 10 | G151: Low | H151: otpcnfw-bvl-hoc Policies.csv | I151: TCOM - Tropos to Supros Servers | J151: otpcnfw-bvl-hoc | K151: none | L151: universal | M151: ot-field-cxo;ot-field-fence;zone-to-branch | N151: any | O151: ot-tcom-tools | P151: Profile Group: threat-prevention-only | Q151: Traffic log sent at session end;Log Forwarding Profile setting: Forward to Panorama | R151: Partially Used | S151: INC0306955 INC0464288 INC0529665 INC0691652 INC0795909 INC0857282 INC0959628,INC1079436 | T151: 2 | U151: 1 | V151: 7/28/2025 11:56 | W151: 5/22/2024 9:58 | AA151: False,0 | AB151: True,10 | AC151: False,0 | AD151: False,0 | AE151: False,0 | AF151: False,0 | AG151: False,0 | AH151: False,0 | AI151: False,0 | AJ151: False,0 | AK151: False,0 | AL151: False,0 | AM151: False,0 | AN151: True,2 | AO151: False,0 | AP151: False,0 | AQ151: False,0 | AR151: False,0 | AS151: False,0 | AT151: 0 | AU151: False,0 | AV151: False,0 | AW151: 1 | AX151: False,0 | AY151: False,0 | BA151: False,0
A152: 10.131.46.0/23; 10.133.130.0/23; 10.133.146.0/23; 10.133.162.0/23; 10.133.178.0/23; 10.133.194.0/23; 10.133.210.0/23; 10.133.226.0/23; 10.133.242.0/23; 10.134.18.0/23; 10.134.2.0/23; 10.14.80.0/24; 10.14.81.0/24; 10.147.20.0/23; 10.147.22.0/23; 10.147.26.0/23; 10.147.28.0/23; 10.147.54.0/24; 10.147.56.0/24; 10.147.59.0/24; 10.147.62.0/23; 10.147.68.0/22; 10.148.144.0/22; 10.150.72.0/21; 10.38.0.32/28; 10.38.0.48/28; 10.146.193.0/24; 10.147.34.0/23; 10.147.38.0/23; 10.147.42.0/23; 10.147.50.0/23; 10.153.34.0/23; 10.153.50.0/23; 10.153.66.0/23; 10.153.82.0/23; 10.153.98.0/23; 10.202.204.0/23; 10.202.220.0/23; 10.202.4.0/23; 10.202.6.0/23; 10.41.114.0/23; 10.41.130.0/23; 10.41.146.0/23; 10.41.162.0/23; 10.41.178.0/23; 10.41.194.0/23; 10.41.210.0/23; 10.41.226.0/23; 10.41.242.0/23; 10.41.98.0/23; 10.42.18.0/23; 10.42.2.0/23; 10.42.34.0/23; 10.42.50.0/23; 10.42.66.0/23; 10.42.82.0/23; 10.42.98.0/23; 10.43.34.0/23; 10.45.114.0/23; 10.45.98.0/23; 10.104.0.0/16; 10.107.0.0/16; 10.108.0.0/16; 10.202.0.0/16; 10.130.226.0/23; 10.130.228.0/23; 10.130.230.0/23; 10.130.232.0/23; 10.130.234.0/23; 10.130.236.0/23; 10.130.238.0/23; 10.130.240.0/23; 10.130.242.0/23; 10.130.244.0/23; 10.132.114.0/23; 10.132.130.0/23; 10.132.146.0/23; 10.132.162.0/23; 10.132.178.0/23; 10.132.18.0/23; 10.132.194.0/23; 10.132.2.0/23; 10.132.210.0/23; 10.132.226.0/23; 10.132.242.0/23; 10.132.34.0/23; 10.132.50.0/23; 10.132.66.0/23; 10.132.82.0/23; 10.132.98.0/23; 10.133.114.0/23; 10.133.18.0/23; 10.133.2.0/23; 10.133.34.0/23; 10.133.50.0/23; 10.133.66.0/23; 10.133.82.0/23; 10.133.98.0/23; 10.134.34.0/23; 10.131.38.0/24; 10.38.0.16/28; 10.38.0.64/28; 10.40.114.0/23; 10.40.130.0/23; 10.40.146.0/23; 10.40.162.0/23; 10.40.178.0/23; 10.40.18.0/23; 10.40.194.0/23; 10.40.2.0/23; 10.40.210.0/23; 10.40.226.0/23; 10.40.242.0/23; 10.40.34.0/23; 10.40.50.0/23; 10.40.66.0/23; 10.40.82.0/23; 10.40.98.0/23; 10.41.66.0/23; 10.41.82.0/23; 10.42.114.0/23; 10.42.130.0/23; 10.42.146.0/23; 10.42.162.0/23; 10.42.178.0/23; 10.42.194.0/23; 10.42.210.0/23; 10.42.226.0/23; 10.42.242.0/23; 10.43.130.0/23; 10.43.146.0/23; 10.43.162.0/23; 10.43.178.0/23; 10.43.194.0/23; 10.43.2.0/23; 10.43.210.0/23; 10.43.226.0/23; 10.43.242.0/23; 10.44.114.0/23; 10.44.130.0/23; 10.44.146.0/23; 10.44.162.0/23; 10.44.18.0/23; 10.44.2.0/23; 10.44.34.0/23; 10.44.50.0/23; 10.44.66.0/23; 10.44.82.0/23; 10.44.98.0/23; 10.102.0.0/16; 10.103.0.0/16; 10.105.0.0/16; 172.28.2.16/28 | B152: 172.26.162.3; 172.26.162.4; 172.26.162.5; 172.26.162.6 | C152: TCP/5000-5001 | D152: any | E152: Allow | F152: 20 | G152: Low | H152: otpcnfw-bvl-hoc Policies.csv | I152: TCOM - Tropos to Supros Servers ports | J152: otpcnfw-bvl-hoc | K152: Unknown-TCP/UDP | L152: universal | M152: ot-field-cxo;ot-field-fence;zone-to-branch | N152: any | O152: ot-tcom-tools | P152: Profile Group: threat-prevention-only | Q152: Traffic log sent at session end;Log Forwarding Profile setting: Forward to Panorama | R152: Partially Used | S152: INC0306955 INC0464288 INC0529665 INC0691652 INC0795909 INC0857282 INC0959628,INC1079436 | T152: 18 | U152: 154 | V152: 7/28/2025 11:56 | W152: 5/22/2024 10:20 | AA152: False,0 | AB152: True,10 | AC152: False,0 | AD152: False,0 | AE152: False,0 | AF152: False,0 | AG152: False,0 | AH152: False,0 | AI152: False,0 | AJ152: True,10 | AK152: False,0 | AL152: False,0 | AM152: False,0 | AN152: True,2 | AO152: False,0 | AP152: False,0 | AQ152: False,0 | AR152: False,0 | AS152: False,0 | AT152: 2 | AU152: False,0 | AV152: True,0 | AW152: 65535 | AX152: True,0 | AY152: False,0 | BA152: False,0
A153: 172.26.162.3; 172.26.162.4; 172.26.162.5; 172.26.162.6 | B153: 10.131.46.0/23; 10.133.130.0/23; 10.133.146.0/23; 10.133.162.0/23; 10.133.178.0/23; 10.133.194.0/23; 10.133.210.0/23; 10.133.226.0/23; 10.133.242.0/23; 10.134.18.0/23; 10.134.2.0/23; 10.14.80.0/24; 10.14.81.0/24; 10.147.20.0/23; 10.147.22.0/23; 10.147.26.0/23; 10.147.28.0/23; 10.147.54.0/24; 10.147.56.0/24; 10.147.59.0/24; 10.147.62.0/23; 10.147.68.0/22; 10.148.144.0/22; 10.150.72.0/21; 10.38.0.32/28; 10.38.0.48/28; 10.146.193.0/24; 10.147.34.0/23; 10.147.38.0/23; 10.147.42.0/23; 10.147.50.0/23; 10.153.34.0/23; 10.153.50.0/23; 10.153.66.0/23; 10.153.82.0/23; 10.153.98.0/23; 10.202.204.0/23; 10.202.220.0/23; 10.202.4.0/23; 10.202.6.0/23; 10.41.114.0/23; 10.41.130.0/23; 10.41.146.0/23; 10.41.162.0/23; 10.41.178.0/23; 10.41.194.0/23; 10.41.210.0/23; 10.41.226.0/23; 10.41.242.0/23; 10.41.98.0/23; 10.42.18.0/23; 10.42.2.0/23; 10.42.34.0/23; 10.42.50.0/23; 10.42.66.0/23; 10.42.82.0/23; 10.42.98.0/23; 10.43.34.0/23; 10.45.114.0/23; 10.45.98.0/23; 10.104.0.0/16; 10.107.0.0/16; 10.108.0.0/16; 10.202.0.0/16; 10.130.226.0/23; 10.130.228.0/23; 10.130.230.0/23; 10.130.232.0/23; 10.130.234.0/23; 10.130.236.0/23; 10.130.238.0/23; 10.130.240.0/23; 10.130.242.0/23; 10.130.244.0/23; 10.132.114.0/23; 10.132.130.0/23; 10.132.146.0/23; 10.132.162.0/23; 10.132.178.0/23; 10.132.18.0/23; 10.132.194.0/23; 10.132.2.0/23; 10.132.210.0/23; 10.132.226.0/23; 10.132.242.0/23; 10.132.34.0/23; 10.132.50.0/23; 10.132.66.0/23; 10.132.82.0/23; 10.132.98.0/23; 10.133.114.0/23; 10.133.18.0/23; 10.133.2.0/23; 10.133.34.0/23; 10.133.50.0/23; 10.133.66.0/23; 10.133.82.0/23; 10.133.98.0/23; 10.134.34.0/23; 10.131.38.0/24; 10.38.0.16/28; 10.38.0.64/28; 10.40.114.0/23; 10.40.130.0/23; 10.40.146.0/23; 10.40.162.0/23; 10.40.178.0/23; 10.40.18.0/23; 10.40.194.0/23; 10.40.2.0/23; 10.40.210.0/23; 10.40.226.0/23; 10.40.242.0/23; 10.40.34.0/23; 10.40.50.0/23; 10.40.66.0/23; 10.40.82.0/23; 10.40.98.0/23; 10.41.66.0/23; 10.41.82.0/23; 10.42.114.0/23; 10.42.130.0/23; 10.42.146.0/23; 10.42.162.0/23; 10.42.178.0/23; 10.42.194.0/23; 10.42.210.0/23; 10.42.226.0/23; 10.42.242.0/23; 10.43.130.0/23; 10.43.146.0/23; 10.43.162.0/23; 10.43.178.0/23; 10.43.194.0/23; 10.43.2.0/23; 10.43.210.0/23; 10.43.226.0/23; 10.43.242.0/23; 10.44.114.0/23; 10.44.130.0/23; 10.44.146.0/23; 10.44.162.0/23; 10.44.18.0/23; 10.44.2.0/23; 10.44.34.0/23; 10.44.50.0/23; 10.44.66.0/23; 10.44.82.0/23; 10.44.98.0/23; 10.102.0.0/16; 10.103.0.0/16; 10.105.0.0/16; 172.28.2.16/28 | C153: application-default | D153: ping; 161,tcp,udp; 443,tcp | E153: Allow | F153: 10 | G153: Low | H153: otpcnfw-bvl-hoc Policies.csv | I153: TCOM - Supros Servers to Tropos | J153: otpcnfw-bvl-hoc | K153: none | L153: universal | M153: ot-tcom-tools | N153: any | O153: ot-field-cxo;ot-field-fence;zone-to-branch | P153: Profile Group: threat-prevention-only | Q153: Traffic log sent at session end;Log Forwarding Profile setting: Forward to Panorama | R153: Partially Used | S153: INC0306955 INC0464288 INC0529665 INC0691652 INC0795909 INC0857282 INC0959628,INC1079436 | T153: 2 | U153: 1 | V153: 7/28/2025 11:56 | W153: 5/22/2024 10:20 | AA153: False,0 | AB153: False,0 | AC153: False,0 | AD153: False,0 | AE153: True,10 | AF153: False,0 | AG153: False,0 | AH153: False,0 | AI153: False,0 | AJ153: False,0 | AK153: False,0 | AL153: False,0 | AM153: False,0 | AN153: True,2 | AO153: False,0 | AP153: False,0 | AQ153: False,0 | AR153: False,0 | AS153: False,0 | AT153: 0 | AU153: False,0 | AV153: False,0 | AW153: 2 | AX153: False,0 | AY153: False,0 | BA153: False,0
A154: 172.26.162.3; 172.26.162.4; 172.26.162.5; 172.26.162.6 | B154: 10.131.46.0/23; 10.133.130.0/23; 10.133.146.0/23; 10.133.162.0/23; 10.133.178.0/23; 10.133.194.0/23; 10.133.210.0/23; 10.133.226.0/23; 10.133.242.0/23; 10.134.18.0/23; 10.134.2.0/23; 10.14.80.0/24; 10.14.81.0/24; 10.147.20.0/23; 10.147.22.0/23; 10.147.26.0/23; 10.147.28.0/23; 10.147.54.0/24; 10.147.56.0/24; 10.147.59.0/24; 10.147.62.0/23; 10.147.68.0/22; 10.148.144.0/22; 10.150.72.0/21; 10.38.0.32/28; 10.38.0.48/28; 10.146.193.0/24; 10.147.34.0/23; 10.147.38.0/23; 10.147.42.0/23; 10.147.50.0/23; 10.153.34.0/23; 10.153.50.0/23; 10.153.66.0/23; 10.153.82.0/23; 10.153.98.0/23; 10.202.204.0/23; 10.202.220.0/23; 10.202.4.0/23; 10.202.6.0/23; 10.41.114.0/23; 10.41.130.0/23; 10.41.146.0/23; 10.41.162.0/23; 10.41.178.0/23; 10.41.194.0/23; 10.41.210.0/23; 10.41.226.0/23; 10.41.242.0/23; 10.41.98.0/23; 10.42.18.0/23; 10.42.2.0/23; 10.42.34.0/23; 10.42.50.0/23; 10.42.66.0/23; 10.42.82.0/23; 10.42.98.0/23; 10.43.34.0/23; 10.45.114.0/23; 10.45.98.0/23; 10.104.0.0/16; 10.107.0.0/16; 10.108.0.0/16; 10.202.0.0/16; 10.130.226.0/23; 10.130.228.0/23; 10.130.230.0/23; 10.130.232.0/23; 10.130.234.0/23; 10.130.236.0/23; 10.130.238.0/23; 10.130.240.0/23; 10.130.242.0/23; 10.130.244.0/23; 10.132.114.0/23; 10.132.130.0/23; 10.132.146.0/23; 10.132.162.0/23; 10.132.178.0/23; 10.132.18.0/23; 10.132.194.0/23; 10.132.2.0/23; 10.132.210.0/23; 10.132.226.0/23; 10.132.242.0/23; 10.132.34.0/23; 10.132.50.0/23; 10.132.66.0/23; 10.132.82.0/23; 10.132.98.0/23; 10.133.114.0/23; 10.133.18.0/23; 10.133.2.0/23; 10.133.34.0/23; 10.133.50.0/23; 10.133.66.0/23; 10.133.82.0/23; 10.133.98.0/23; 10.134.34.0/23; 10.131.38.0/24; 10.38.0.16/28; 10.38.0.64/28; 10.40.114.0/23; 10.40.130.0/23; 10.40.146.0/23; 10.40.162.0/23; 10.40.178.0/23; 10.40.18.0/23; 10.40.194.0/23; 10.40.2.0/23; 10.40.210.0/23; 10.40.226.0/23; 10.40.242.0/23; 10.40.34.0/23; 10.40.50.0/23; 10.40.66.0/23; 10.40.82.0/23; 10.40.98.0/23; 10.41.66.0/23; 10.41.82.0/23; 10.42.114.0/23; 10.42.130.0/23; 10.42.146.0/23; 10.42.162.0/23; 10.42.178.0/23; 10.42.194.0/23; 10.42.210.0/23; 10.42.226.0/23; 10.42.242.0/23; 10.43.130.0/23; 10.43.146.0/23; 10.43.162.0/23; 10.43.178.0/23; 10.43.194.0/23; 10.43.2.0/23; 10.43.210.0/23; 10.43.226.0/23; 10.43.242.0/23; 10.44.114.0/23; 10.44.130.0/23; 10.44.146.0/23; 10.44.162.0/23; 10.44.18.0/23; 10.44.2.0/23; 10.44.34.0/23; 10.44.50.0/23; 10.44.66.0/23; 10.44.82.0/23; 10.44.98.0/23; 10.102.0.0/16; 10.103.0.0/16; 10.105.0.0/16; 172.28.2.16/28 | C154: TCP/5000-5001; TCP/8443; TCP/8900 | D154: any | E154: Allow | F154: 20 | G154: Low | H154: otpcnfw-bvl-hoc Policies.csv | I154: TCOM - Supros Servers to Tropos ports | J154: otpcnfw-bvl-hoc | K154: Unknown-TCP/UDP | L154: universal | M154: ot-tcom-tools | N154: any | O154: ot-field-cxo;ot-field-fence;zone-to-branch | P154: Profile Group: threat-prevention-only | Q154: Traffic log sent at session end;Log Forwarding Profile setting: Forward to Panorama | R154: Partially Used | S154: INC0306955 INC0464288 INC0529665 INC0691652 INC0795909 INC0857282 INC0959628,INC1079436 | T154: 20 | U154: 151 | V154: 7/28/2025 11:56 | W154: 5/22/2024 10:20 | AA154: False,0 | AB154: False,0 | AC154: False,0 | AD154: False,0 | AE154: True,10 | AF154: False,0 | AG154: False,0 | AH154: False,0 | AI154: False,0 | AJ154: True,10 | AK154: False,0 | AL154: False,0 | AM154: False,0 | AN154: True,2 | AO154: False,0 | AP154: False,0 | AQ154: False,0 | AR154: False,0 | AS154: False,0 | AT154: 4 | AU154: False,0 | AV154: True,0 | AW154: 65535 | AX154: True,0 | AY154: False,0 | BA154: False,0
A155: 10.133.128.0/24; 10.133.144.0/24; 10.133.160.0/24; 10.133.176.0/24; 10.133.192.0/24; 10.133.208.0/24; 10.133.224.0/24; 10.133.240.0/24; 10.134.0.0/24; 10.134.16.0/24; 10.14.80.0/24; 10.14.81.0/24; 10.144.185.0/24; 10.144.198.0/24; 10.144.201.0/24; 10.144.214.0/24; 10.144.217.0/24; 10.144.220.0/24; 10.144.224.0/24; 10.144.226.0/24; 10.144.229.0/24; 10.147.60.0/24; 10.104.0.0/16; 10.107.0.0/16; 10.108.0.0/16; 10.202.0.0/16; 10.102.44.0/22; 10.130.10.0/24; 10.130.14.0/24; 10.130.18.0/24; 10.130.192.0/24; 10.130.195.0/24; 10.130.198.0/24; 10.130.2.0/24; 10.130.201.0/24; 10.130.204.0/24; 10.130.207.0/24; 10.130.210.0/24; 10.130.213.0/24; 10.130.216.0/24; 10.130.219.0/24; 10.130.22.0/24; 10.130.222.0/24; 10.130.26.0/24; 10.130.30.0/24; 10.130.34.0/24; 10.130.38.0/24; 10.130.6.0/24; 10.132.0.0/24; 10.132.112.0/24; 10.132.128.0/24; 10.132.144.0/24; 10.132.16.0/24; 10.132.160.0/24; 10.132.176.0/24; 10.132.192.0/24; 10.132.208.0/24; 10.132.224.0/24; 10.132.240.0/24; 10.132.32.0/24; 10.132.48.0/24; 10.132.64.0/24; 10.132.80.0/24; 10.132.96.0/24; 10.133.0.0/24; 10.133.112.0/24; 10.133.16.0/24; 10.133.32.0/24; 10.133.48.0/24; 10.133.64.0/24; 10.133.80.0/24; 10.133.96.0/24; 10.134.32.0/24; 10.105.128.0/22; 10.105.132.0/22; 10.105.136.0/22; 10.105.140.0/22; 10.105.148.0/22; 10.105.52.0/22; 172.20.84.0/24; 10.153.33.0/24; 10.153.49.0/24; 10.153.65.0/24; 10.153.81.0/24; 10.153.97.0/24; 10.202.193.0/24; 10.202.209.0/24; 10.202.225.0/24; 10.202.241.0/24; 10.40.1.0/24; 10.40.113.0/24; 10.40.129.0/24; 10.40.145.0/24; 10.40.161.0/24; 10.40.17.0/24; 10.40.177.0/24; 10.40.193.0/24; 10.40.209.0/24; 10.40.225.0/24; 10.40.241.0/24; 10.40.33.0/24; 10.40.49.0/24; 10.40.65.0/24; 10.40.81.0/23; 10.40.97.0/24; 10.41.113.0/24; 10.41.129.0/24; 10.41.145.0/24; 10.41.161.0/24; 10.41.177.0/24; 10.41.193.0/24; 10.41.209.0/24; 10.41.225.0/24; 10.41.241.0/24; 10.41.65.0/24; 10.41.81.0/24; 10.41.97.0/24; 10.42.1.0/24; 10.42.113.0/24; 10.42.129.0/24; 10.42.145.0/24; 10.42.161.0/24; 10.42.17.0/24; 10.42.177.0/24; 10.42.193.0/24; 10.42.209.0/24; 10.42.225.0/24; 10.42.241.0/24; 10.42.33.0/24; 10.42.49.0/24; 10.42.65.0/24; 10.42.81.0/24; 10.42.97.0/24; 10.43.1.0/24; 10.43.129.0/24; 10.43.145.0/24; 10.43.161.0/24; 10.43.177.0/24; 10.43.193.0/24; 10.43.209.0/24; 10.43.225.0/24; 10.43.241.0/24; 10.43.33.0/24; 10.44.1.0/24; 10.44.113.0/24; 10.44.129.0/24; 10.44.145.0/24; 10.44.161.0/24; 10.44.17.0/24; 10.44.33.0/24; 10.44.49.0/24; 10.44.65.0/24; 10.44.81.0/24; 10.44.97.0/24; 10.45.97.0/24; 10.153.32.0/24; 10.153.48.0/24; 10.153.64.0/24; 10.153.80.0/24; 10.153.96.0/24; 10.202.192.0/24; 10.202.208.0/24; 10.202.224.0/24; 10.202.240.0/24; 10.40.0.0/24; 10.40.112.0/24; 10.40.128.0/24; 10.40.144.0/24; 10.40.16.0/24; 10.40.160.0/24; 10.40.176.0/24; 10.40.192.0/24; 10.40.208.0/24; 10.40.224.0/24; 10.40.240.0/24; 10.40.32.0/24; 10.40.48.0/24; 10.40.64.0/24; 10.40.80.0/24; 10.40.96.0/24; 10.41.112.0/24; 10.41.128.0/24; 10.41.144.0/24; 10.41.160.0/24; 10.41.176.0/24; 10.41.192.0/24; 10.41.208.0/24; 10.41.224.0/24; 10.41.240.0/24; 10.41.64.0/24; 10.41.80.0/24; 10.41.96.0/24; 10.42.0.0/24; 10.42.112.0/24; 10.42.128.0/24; 10.42.144.0/24; 10.42.16.0/24; 10.42.160.0/24; 10.42.176.0/24; 10.42.192.0/24; 10.42.208.0/24; 10.42.224.0/24; 10.42.240.0/24; 10.42.32.0/24; 10.42.48.0/24; 10.42.64.0/24; 10.42.80.0/24; 10.42.96.0/24; 10.43.0.0/24; 10.43.128.0/24; 10.43.144.0/24; 10.43.160.0/24; 10.43.176.0/24; 10.43.192.0/24; 10.43.208.0/23; 10.43.224.0/24; 10.43.240.0/24; 10.43.32.0/24; 10.44.0.0/24; 10.44.112.0/24; 10.44.128.0/24; 10.44.144.0/24; 10.44.16.0/24; 10.44.160.0/24; 10.44.32.0/24; 10.44.48.0/24; 10.44.64.0/24; 10.44.80.0/24; 10.44.96.0/24; 10.45.96.0/24; 10.1.115.0/24; 10.102.100.0/22; 10.102.104.0/22; 10.102.108.0/22; 10.102.112.0/22; 10.102.116.0/22; 10.102.120.0/22; 10.102.164.0/22; 10.102.4.0/22; 10.102.40.0/22; 10.102.48.0/22; 10.102.52.0/22; 10.102.56.0/22; 10.102.60.0/22; 10.102.64.0/22; 10.102.8.0/22; 10.102.92.0/22; 10.102.96.0/22; 10.103.0.0/16; 10.103.204.0/22; 10.104.0.0/22; 10.104.12.0/22; 10.104.16.0/22; 10.104.20.0/22; 10.104.24.0/22; 10.104.28.0/22; 10.104.4.0/22; 10.104.40.0/22; 10.104.8.0/22; 10.105.0.0/22; 10.105.12.0/22; 10.105.16.0/22; 10.105.20.0/22; 10.105.24.0/22; 10.105.28.0/22; 10.105.32.0/22; 10.105.36.0/22; 10.105.4.0/22; 10.105.40.0/22; 10.105.44.0/22; 10.105.48.0/22; 10.105.60.0/22; 10.105.64.0/22; 10.105.76.0/22; 10.105.8.0/22; 10.106.4.0/22; 10.106.8.0/22; 10.107.0.0/22; 10.107.12.0/22; 10.107.16.0/22; 10.107.20.0/22; 10.107.24.0/22; 10.107.28.0/22; 10.107.8.0/22; 10.130.7.0/24; 10.202.194.0/23; 10.202.210.0/23; 10.202.226.0/23; 10.202.242.0/23; 10.41.76.0/22; 10.42.252.0/22; 10.43.140.0/22; 10.43.44.0/22; 10.44.172.0/22; 10.47.216.0/21; 10.47.224.0/21; 10.47.232.0/21; 10.47.240.0/21; 10.47.248.0/21; 164.123.255.96/29; 172.17.16.0/27; 172.17.20.0/22; 172.17.24.0/22; 172.17.28.0/27; 172.17.28.192/27; 172.17.28.64/27; 172.17.29.0/27; 172.17.29.192/27; 172.17.29.64/27; 172.17.30.0/27; 172.17.30.64/27; 172.17.36.0/22; 172.17.44.0/22; 172.17.48.0/22; 172.17.52.0/22; 172.17.56.0/22; 172.17.60.0/27; 172.17.60.128/27; 172.17.60.160/27; 172.17.60.192/27; 172.17.60.32/27; 172.17.60.64/27; 172.17.60.96/27; 172.17.68.0/27; 172.17.72.128/27; 172.17.72.160/27; 172.17.72.32/27; 172.17.72.64/27; 172.17.72.96/27; 172.17.76.0/27; 172.17.76.32/27; 172.17.76.64/27; 172.17.76.96/27; 172.17.8.0/22; 192.168.12.0/24; 10.102.0.0/16; 10.105.0.0/16; 11.128.142.0/23; 10.36.10.184/29; 10.36.10.56/29; 10.36.104.56/29; 10.36.11.184/29; 10.36.11.56/29; 10.36.12.184/29; 10.36.12.56/29; 10.36.13.184/29; 10.36.13.56/29; 10.36.14.184/29; 10.36.14.56/29; 10.36.15.184/29; 10.36.15.56/29; 10.36.16.184/29; 10.36.16.56/29; 10.36.17.184/29; 10.36.17.56/29; 10.36.18.184/29; 10.36.18.56/29; 10.36.19.184/29; 10.36.19.56/29; 10.36.20.184/29; 10.36.20.56/29; 10.36.21.184/29; 10.36.21.56/29; 10.36.22.56/29; 10.36.25.184/29; 10.36.25.56/29; 10.36.26.184/29; 10.36.26.56/29; 10.36.27.56/29; 10.36.28.184/29; 10.36.28.56/29; 10.36.29.184/29; 10.36.29.56/29; 10.36.30.56/29; 10.36.4.184/29; 10.36.4.56/29; 10.36.45.184/29; 10.36.46.184/29; 10.36.46.56/29; 10.36.47.184/29; 10.36.47.56/29; 10.36.48.184/29; 10.36.48.56/29; 10.36.49.184/29; 10.36.49.56/29; 10.36.5.184/29; 10.36.5.56/29; 10.36.50.184/29; 10.36.50.56/29; 10.36.51.184/29; 10.36.51.56/29; 10.36.52.184/29; 10.36.53.56/29; 10.36.55.184/29; 10.36.55.56/29; 10.36.56.184/29; 10.36.56.56/29; 10.36.57.56/29; 10.36.60.184/29; 10.36.60.56/29; 10.36.61.184/29; 10.36.61.56/29; 10.36.62.184/29; 10.36.62.56/29; 10.36.63.184/29; 10.36.63.56/29; 10.36.64.184/29; 10.36.64.56/29; 10.36.65.184/29; 10.36.65.56/29; 10.36.66.184/29; 10.36.66.56/29; 10.36.7.184/29; 10.36.70.184/29; 10.36.70.56/29; 10.36.71.56/29; 10.144.128.0/24; 10.144.132.0/24; 10.144.136.0/24; 10.144.144.0/24; 10.240.193.0/30; 10.240.193.4/30; 10.36.87.0/27; 10.36.87.128/27; 10.36.88.128/27; 10.36.89.0/27; 10.36.89.128/27; 10.36.90.0/27; 10.36.90.128/27; 10.36.91.0/27; 10.36.91.128/27; 10.36.92.0/27; 10.36.92.128/27; 10.36.93.0/27; 10.36.93.128/27; 10.36.94.0/27; 10.36.94.128/27; 10.36.95.0/27; 10.36.95.128/27; 10.36.96.0/27; 10.36.96.128/27; 10.36.97.0/27; 10.102.47.251; 10.102.47.252; 10.202.0.48/30; 10.202.0.52/30; 10.202.0.56/30; 10.202.0.60/30; 10.240.130.148/30; 10.240.130.152/30; 10.240.130.20/30; 10.240.130.212/30; 10.240.130.216/30; 10.240.130.24/30; 10.240.130.32/30; 10.240.130.36/30; 10.240.130.44/30; 10.240.130.48/30; 10.240.130.84/30; 10.240.130.88/30; 10.240.131.148/30; 10.240.131.152/30; 10.240.131.160/30; 10.240.131.164/30; 10.240.132.148/30; 10.240.132.152/30; 10.240.132.160/30; 10.240.132.164/30; 10.240.132.20/30; 10.240.132.212/30; 10.240.132.216/30; 10.240.132.224/30; 10.240.132.236/30; 10.240.132.24/30; 10.240.139.160/30; 10.240.139.164/30; 10.240.139.172/30; 10.240.139.176/30; 10.240.140.160/30; 10.240.140.164/30; 10.240.140.172/30; 10.240.140.176/30; 10.240.140.184/30; 10.240.140.188/30; 10.240.142.20/30; 10.240.142.24/30; 10.240.142.84/30; 10.240.142.88/30; 10.240.144.148/30; 10.240.144.152/30; 10.240.145.212/30; 10.240.145.216/30; 10.240.146.20/30; 10.240.146.212/30; 10.240.146.216/30; 10.240.146.224/30; 10.240.146.228/30; 10.240.146.236/30; 10.240.146.24/30; 10.240.146.240/30; 10.240.146.32/30; 10.240.146.40/30; 10.240.146.84/30; 10.240.146.88/30; 10.240.147.20/30; 10.240.147.24/30; 10.240.147.84/30; 10.240.147.88/30; 10.240.148.20/30; 10.240.148.24/30; 10.240.148.32/30; 10.240.148.36/30; 10.240.148.44/30; 10.240.148.48/30; 10.240.154.84/30; 10.240.154.88/30; 10.240.156.20/30; 10.240.156.24/30; 10.240.156.84/30; 10.240.156.88/30; 10.240.162.148/30; 10.240.162.152/30; 10.240.192.0/30; 10.240.192.12/30; 10.240.192.4/30; 10.240.192.8/30; 10.254.254.136/29; 10.36.10.128/27; 10.36.104.0/27; 10.36.104.112/30; 10.36.11.0/27; 10.36.11.128/27; 10.36.12.0/27; 10.36.12.128/27; 10.36.13.0/27; 10.36.13.128/27; 10.36.14.0/27; 10.36.14.128/27; 10.36.15.0/27; 10.36.15.128/27; 10.36.16.0/27; 10.36.16.128/27; 10.36.17.0/27; 10.36.17.128/27; 10.36.18.0/27; 10.36.18.128/27; 10.36.19.0/27; 10.36.19.128/27; 10.36.20.0/27; 10.36.20.128/27; 10.36.21.0/27; 10.36.21.128/27; 10.36.22.0/27; 10.36.25.0/27; 10.36.25.128/27; 10.36.26.0/27; 10.36.26.128/27; 10.36.27.0/27; 10.36.28.0/27; 10.36.28.128/27; 10.36.29.0/27; 10.36.29.128/27; 10.36.29.240/30; 10.36.30.0/27; 10.36.4.0/27; 10.36.4.128/27; 10.36.45.128/27; 10.36.46.0/27; 10.36.46.128/27; 10.36.47.0/27; 10.36.47.128/27; 10.36.48.0/27; 10.36.48.128/27; 10.36.49.0/27; 10.36.49.128/27; 10.36.5.0/27; 10.36.5.128/27; 10.36.50.0/27; 10.36.50.128/27; 10.36.51.0/27; 10.36.51.128/27; 10.36.52.128/27; 10.36.53.0/27; 10.36.55.0/27; 10.36.55.128/27; 10.36.56.0/27; 10.36.56.128/27; 10.36.57.0/27; 10.36.60.0/27; 10.36.60.112/30; 10.36.60.128/27; 10.36.61.0/27; 10.36.61.112/30; 10.36.61.128/27; 10.36.62.0/27; 10.36.62.128/27; 10.36.63.0/27; 10.36.63.128/27; 10.36.64.0/27; 10.36.64.128/27; 10.36.65.0/27; 10.36.65.128/27; 10.36.66.0/27; 10.36.66.112/30; 10.36.66.116/30; 10.36.66.128/27; 10.36.66.240/30; 10.36.66.244/30; 10.36.7.128/27; 10.36.70.0/27; 10.36.70.128/27; 10.36.71.0/27; 10.46.14.128/27; 172.28.2.0/28; 172.28.2.32/28; 10.56.0.0/18; 10.10.229.32/27; 10.10.229.64/26; 10.10.230.0/24; 10.10.231.0/24; 10.131.7.0/24; 10.153.0.0/27; 10.153.0.128/27; 10.153.0.160/27; 10.153.0.192/27; 10.153.0.224/27; 10.153.0.32/27; 10.153.0.64/27; 10.153.0.96/27; 10.38.0.1/28; 10.36.62.112/30; 10.36.255.56/29 | B155: 172.26.162.2; l48-cnmaestro.l48ics.net | C155: application-default | D155: ping; 443,tcp | E155: Allow | F155: 10 | G155: Low | H155: otpcnfw-bvl-hoc Policies.csv | I155: TCOM - Field Cambium to CNMaestro | J155: otpcnfw-bvl-hoc | K155: none | L155: universal | M155: ot-field-cxo;ot-field-fence;ot-field-shellpcd;ot-field-vzwotapn;ot-nsmgmt;ot-sdw-ics;zone-to-branch | N155: any | O155: ot-tcom-tools | P155: Profile Group: threat-prevention-only | Q155: Traffic log sent at session end;Log Forwarding Profile setting: Forward to Panorama | R155: Partially Used | S155: INC0306955 INC0381041 INC0411938 INC0529665 INC0567803 INC0624946 INC0730879 INC0751613 INC0762793 INC0810770 INC0845134 INC0911773 RITM0173736,INC1079436 INC1134637 INC1192977 SCTASK0134899 | T155: 2 | U155: 1 | V155: 10/1/2025 10:31 | W155: 5/22/2024 10:20 | AA155: False,0 | AB155: True,10 | AC155: False,0 | AD155: False,0 | AE155: False,0 | AF155: False,0 | AG155: False,0 | AH155: False,0 | AI155: False,0 | AJ155: False,0 | AK155: False,0 | AL155: False,0 | AM155: False,0 | AN155: True,2 | AO155: False,0 | AP155: False,0 | AQ155: False,0 | AR155: False,0 | AS155: False,0 | AT155: 0 | AU155: False,0 | AV155: False,0 | AW155: 1 | AX155: False,0 | AY155: False,0 | BA155: False,0
A156: [Disabled] kdr-otpcnfw-eth1-4-1060 | B156: [Disabled] bvlicsucnm0001.l48ics.net | C156: [Disabled] application-default | D156: [Disabled] ssl | E156: [Disabled] Allow | F156: 0 | G156: Low | H156: otpcnfw-bvl-hoc Policies.csv | I156: [Disabled] TEMP TCOM - KDR Subnet to CNMaestro | J156: otpcnfw-bvl-hoc | K156: [Disabled] none | L156: [Disabled] universal | M156: [Disabled] ot-nsmgmt;[Disabled] zone-to-branch | N156: [Disabled] any | O156: [Disabled] ot-tcom-tools | P156: Profile Group: threat-prevention-only | Q156: Traffic log sent at session end;Log Forwarding Profile setting: Forward to Panorama | R156: Partially Used | S156: [Disabled] INC0751377 | T156: 0 | U156: - | V156: 9/23/2025 11:12 | W156: 1/23/2025 9:45 | AA156: False,0 | AB156: False,0 | AC156: False,0 | AD156: False,0 | AE156: False,0 | AF156: False,0 | AG156: False,0 | AH156: False,0 | AI156: False,0 | AJ156: False,0 | AK156: False,0 | AL156: False,0 | AM156: False,0 | AN156: True,2 | AO156: False,0 | AP156: False,0 | AQ156: False,0 | AR156: False,0 | AS156: False,0 | AT156: 0 | AU156: False,0 | AV156: False,0 | AW156: 0 | AX156: False,0 | AY156: False,0 | BA156: False,0
A157: [Disabled] grp-ot-supros-servers | B157: [Disabled] bvlicsuorap0001.l48ics.net | C157: [Disabled] application-default | D157: [Disabled] oracle | E157: [Disabled] Allow | F157: 0 | G157: Low | H157: otpcnfw-bvl-hoc Policies.csv | I157: [Disabled] TCOM - SuprOS to Oracle DB | J157: otpcnfw-bvl-hoc | K157: [Disabled] none | L157: [Disabled] universal | M157: [Disabled] ot-tcom-tools | N157: [Disabled] any | O157: [Disabled] ot-tcom-tools | P157: Profile Group: threat-prevention-only | Q157: Traffic log sent at session end;Log Forwarding Profile setting: Forward to Panorama | R157: Unused | S157: [Disabled] INC0337989 INC1145765 | T157: 0 | U157: - | V157: 9/3/2025 13:10 | W157: 6/6/2024 13:30 | AA157: False,0 | AB157: False,0 | AC157: False,0 | AD157: False,0 | AE157: False,0 | AF157: False,0 | AG157: False,0 | AH157: False,0 | AI157: False,0 | AJ157: False,0 | AK157: False,0 | AL157: False,0 | AM157: False,0 | AN157: True,5 | AO157: False,0 | AP157: False,0 | AQ157: False,0 | AR157: False,0 | AS157: False,0 | AT157: 0 | AU157: False,0 | AV157: False,0 | AW157: 0 | AX157: False,0 | AY157: False,0 | BA157: False,0
A158: 172.26.162.2 | B158: 172.26.142.6; 172.27.142.6 | C158: application-default | D158: 22,tcp | E158: Allow | F158: 0 | G158: Low | H158: otpcnfw-bvl-hoc Policies.csv | I158: TCOM - cnMaestro SFTP configs backups | J158: otpcnfw-bvl-hoc | K158: none | L158: universal | M158: ot-drtransit;ot-tcom-tools | N158: any | O158: ot-drtransit;ot-file-share | P158: Profile Group: threat-prevention-only | Q158: Traffic log sent at session end;Log Forwarding Profile setting: Forward to Panorama | R158: Partially Used | S158: INC0359419 | T158: 1 | U158: 0 | V158: 3/20/2025 7:56 | W158: 6/18/2024 12:34 | AA158: False,0 | AB158: False,0 | AC158: False,0 | AD158: False,0 | AE158: False,0 | AF158: False,0 | AG158: False,0 | AH158: False,0 | AI158: False,0 | AJ158: False,0 | AK158: False,0 | AL158: False,0 | AM158: False,0 | AN158: True,2 | AO158: False,0 | AP158: False,0 | AQ158: False,0 | AR158: False,0 | AS158: False,0 | AT158: 0 | AU158: False,0 | AV158: False,0 | AW158: 1 | AX158: False,0 | AY158: False,0 | BA158: False,0
A159: 172.26.162.8 | B159: 10.36.45.128/27; 10.240.193.0/30; 10.240.193.4/30; 10.36.87.0/27; 10.36.87.128/27; 10.36.88.128/27; 10.36.89.0/27; 10.36.89.128/27; 10.36.90.0/27; 10.36.90.128/27; 10.36.91.0/27; 10.36.91.128/27; 10.36.92.0/27; 10.36.92.128/27; 10.36.93.0/27; 10.36.93.128/27; 10.36.94.0/27; 10.36.94.128/27; 10.36.95.0/27; 10.36.95.128/27; 10.36.96.0/27; 10.36.96.128/27; 10.36.97.0/27; 10.36.1.1/27; 10.36.1.129/27; 10.36.10.128/27; 10.36.104.0/27; 10.36.11.0/27; 10.36.11.128/27; 10.36.12.0/27; 10.36.12.128/27; 10.36.13.0/27; 10.36.13.128/27; 10.36.14.0/27; 10.36.14.128/27; 10.36.15.128/27; 10.36.16.0/27; 10.36.16.128/27; 10.36.17.0/27; 10.36.17.128/27; 10.36.18.128/27; 10.36.19.0/27; 10.36.19.128/27; 10.36.2.1/27; 10.36.2.129/27; 10.36.20.0/27; 10.36.20.128/27; 10.36.21.0/27; 10.36.21.128/27; 10.36.25.0/27; 10.36.3.1/27; 10.36.4.0/27; 10.36.4.128/27; 10.36.5.0/27; 10.36.5.128/27; 10.240.193.100/30; 10.240.193.104/30; 10.240.193.108/30; 10.240.193.112/30; 10.240.193.116/30; 10.240.193.12/30; 10.240.193.120/30; 10.240.193.124/30; 10.240.193.128/30; 10.240.193.132/30; 10.240.193.136/30; 10.240.193.140/30; 10.240.193.144/30; 10.240.193.148/30; 10.240.193.152/30; 10.240.193.156/30; 10.240.193.16/30; 10.240.193.160/30; 10.240.193.164/30; 10.240.193.176/30; 10.240.193.180/30; 10.240.193.184/30; 10.240.193.188/30; 10.240.193.20/30; 10.240.193.208/30; 10.240.193.212/30; 10.240.193.216/30; 10.240.193.220/30; 10.240.193.24/30; 10.240.193.28/30; 10.240.193.32/30; 10.240.193.36/30; 10.240.193.40/30; 10.240.193.44/30; 10.240.193.48/30; 10.240.193.52/30; 10.240.193.56/30; 10.240.193.60/30; 10.240.193.64/30; 10.240.193.68/30; 10.240.193.72/30; 10.240.193.76/30; 10.240.193.8/30; 10.240.193.80/30; 10.240.193.84/30; 10.240.193.88/30; 10.240.193.92/30; 10.240.193.96/30; 10.36.110.0/27; 10.36.110.128/27; 10.36.111.0/27; 10.36.111.128/27; 10.36.112.0/27; 10.36.112.128/27; 10.36.113.0/27; 10.36.113.128/27; 10.36.114.0/27; 10.36.114.128/27; 10.36.115.0/27; 10.36.115.128/27; 10.36.116.0/27; 10.36.116.128/27; 10.36.117.0/27; 10.36.117.128/27; 10.36.118.0/27; 10.36.118.128/27; 10.36.119.0/27; 10.36.119.128/27; 10.36.120.0/27; 10.36.120.128/27; 10.36.121.0/27; 10.36.121.128/27; 10.36.122.0/27; 10.36.76.128/27; 10.36.77.0/27; 10.36.77.128/27; 10.36.78.0/27; 10.36.78.128/27; 10.36.79.0/27; 10.36.79.128/27; 10.36.80.0/27; 10.36.80.128/27; 10.36.81.0/27; 10.102.47.251; 10.102.47.252; 10.202.0.48/30; 10.202.0.52/30; 10.202.0.56/30; 10.202.0.60/30; 10.240.130.148/30; 10.240.130.152/30; 10.240.130.20/30; 10.240.130.212/30; 10.240.130.216/30; 10.240.130.24/30; 10.240.130.32/30; 10.240.130.36/30; 10.240.130.44/30; 10.240.130.48/30; 10.240.130.84/30; 10.240.130.88/30; 10.240.131.148/30; 10.240.131.152/30; 10.240.131.160/30; 10.240.131.164/30; 10.240.132.148/30; 10.240.132.152/30; 10.240.132.160/30; 10.240.132.164/30; 10.240.132.20/30; 10.240.132.212/30; 10.240.132.216/30; 10.240.132.224/30; 10.240.132.236/30; 10.240.132.24/30; 10.240.139.160/30; 10.240.139.164/30; 10.240.139.172/30; 10.240.139.176/30; 10.240.140.160/30; 10.240.140.164/30; 10.240.140.172/30; 10.240.140.176/30; 10.240.140.184/30; 10.240.140.188/30; 10.240.142.20/30; 10.240.142.24/30; 10.240.142.84/30; 10.240.142.88/30; 10.240.144.148/30; 10.240.144.152/30; 10.240.145.212/30; 10.240.145.216/30; 10.240.146.20/30; 10.240.146.212/30; 10.240.146.216/30; 10.240.146.224/30; 10.240.146.228/30; 10.240.146.236/30; 10.240.146.24/30; 10.240.146.240/30; 10.240.146.32/30; 10.240.146.40/30; 10.240.146.84/30; 10.240.146.88/30; 10.240.147.20/30; 10.240.147.24/30; 10.240.147.84/30; 10.240.147.88/30; 10.240.148.20/30; 10.240.148.24/30; 10.240.148.32/30; 10.240.148.36/30; 10.240.148.44/30; 10.240.148.48/30; 10.240.154.84/30; 10.240.154.88/30; 10.240.156.20/30; 10.240.156.24/30; 10.240.156.84/30; 10.240.156.88/30; 10.240.162.148/30; 10.240.162.152/30; 10.240.192.0/30; 10.240.192.12/30; 10.240.192.4/30; 10.240.192.8/30; 10.254.254.136/29; 10.36.104.112/30; 10.36.15.0/27; 10.36.18.0/27; 10.36.22.0/27; 10.36.25.128/27; 10.36.26.0/27; 10.36.26.128/27; 10.36.27.0/27; 10.36.28.0/27; 10.36.28.128/27; 10.36.29.0/27; 10.36.29.128/27; 10.36.29.240/30; 10.36.30.0/27; 10.36.46.0/27; 10.36.46.128/27; 10.36.47.0/27; 10.36.47.128/27; 10.36.48.0/27; 10.36.48.128/27; 10.36.49.0/27; 10.36.49.128/27; 10.36.50.0/27; 10.36.50.128/27; 10.36.51.0/27; 10.36.51.128/27; 10.36.52.128/27; 10.36.53.0/27; 10.36.55.0/27; 10.36.55.128/27; 10.36.56.0/27; 10.36.56.128/27; 10.36.57.0/27; 10.36.60.0/27; 10.36.60.112/30; 10.36.60.128/27; 10.36.61.0/27; 10.36.61.112/30; 10.36.61.128/27; 10.36.62.0/27; 10.36.62.128/27; 10.36.63.0/27; 10.36.63.128/27; 10.36.64.0/27; 10.36.64.128/27; 10.36.65.0/27; 10.36.65.128/27; 10.36.66.0/27; 10.36.66.112/30; 10.36.66.116/30; 10.36.66.128/27; 10.36.66.240/30; 10.36.66.244/30; 10.36.7.128/27; 10.36.70.0/27; 10.36.70.128/27; 10.36.71.0/27; 10.46.14.128/27; 10.1.115.0/24; 10.10.229.0/24; 10.10.230.0/24; 10.10.231.0/24; 10.104.0.0/16; 10.107.0.0/16; 10.152.96.0/19; 10.153.0.0/27; 10.153.0.128/27; 10.153.0.160/27; 10.153.0.192/27; 10.153.0.32/27; 10.153.0.64/27; 10.153.0.96/27; 10.30.7.20/24; 10.47.216.0/21; 10.47.224.0/21; 10.47.232.0/21; 10.47.240.0/21; 10.47.248.0/21; 172.17.12.0/22; 172.17.16.0/22; 172.17.20.0/22; 172.17.24.0/22; 172.17.28.0/26; 172.17.28.128/26; 172.17.28.192/26; 172.17.28.64/26; 172.17.29.0/26; 172.17.29.128/26; 172.17.29.192/26; 172.17.29.64/26; 172.17.30.0/26; 172.17.30.64/26; 172.17.36.0/22; 172.17.40.0/22; 172.17.44.0/22; 172.17.48.0/22; 172.17.52.0/22; 172.17.56.0/22; 172.17.60.0/27; 172.17.60.128/27; 172.17.60.192/27; 172.17.60.32/27; 172.17.60.64/27; 172.17.60.96/27; 172.17.68.0/27; 172.17.72.0/27; 172.17.72.128/27; 172.17.72.160/27; 172.17.72.32/27; 172.17.72.64/27; 172.17.72.96/27; 172.17.76.0/27; 172.17.76.32/27; 172.17.76.64/27; 172.17.76.96/27; 172.17.8.0/22; 192.168.10.0/23; 192.168.12.0/24 | C159: application-default | D159: 161,tcp,udp; 22,tcp; 443,tcp; 80,tcp | E159: Allow | F159: 10 | G159: Low | H159: otpcnfw-bvl-hoc Policies.csv | I159: TCOM - Provision to Aviat | J159: otpcnfw-bvl-hoc | K159: none | L159: universal | M159: ot-tcom-tools | N159: any | O159: ot-field-cxo;ot-field-fence;ot-field-shellpcd;zone-to-branch | P159: Profile Group: threat-prevention-only | Q159: Traffic log sent at session end;Log Forwarding Profile setting: Forward to Panorama | R159: Partially Used | S159: INC0381041 INC0398586 INC0449645 INC0529665 INC0622816 INC0795909 | T159: 5 | U159: 1 | V159: 5/8/2025 9:16 | W159: 6/27/2024 13:51 | AA159: False,0 | AB159: False,0 | AC159: False,0 | AD159: False,0 | AE159: True,10 | AF159: False,0 | AG159: False,0 | AH159: False,0 | AI159: False,0 | AJ159: False,0 | AK159: False,0 | AL159: False,0 | AM159: False,0 | AN159: True,2 | AO159: False,0 | AP159: False,0 | AQ159: False,0 | AR159: False,0 | AS159: False,0 | AT159: 0 | AU159: False,0 | AV159: False,0 | AW159: 4 | AX159: False,0 | AY159: False,0 | BA159: False,0
... A186: 172.26.162.134; 172.26.162.135; 172.26.162.136; 172.26.162.137; 172.26.162.138; 172.26.162.139; 172.26.169.6; 172.27.162.130; 172.27.162.132; 172.27.162.133; 172.27.162.134; 172.27.162.136; 172.27.162.137 | B186: 172.26.129.252; 172.27.129.252; 10.46.242.0/23; 10.133.92.0/22; 10.32.240.120/29; 10.32.240.16/29; 10.32.240.160/29; 10.32.240.168/29; 10.32.240.176/29; 10.32.240.184/29; 10.32.240.192/29; 10.32.240.200/29; 10.32.240.208/29; 10.32.240.216/29; 10.32.240.224/29; 10.32.240.232/29; 10.32.240.24/29; 10.32.240.240/29; 10.32.240.248/29; 10.32.240.32/29; 10.32.240.40/29; 10.32.240.48/29; 10.32.240.56/29; 10.32.240.64/29; 10.32.240.72/29; 10.32.240.8/29; 10.32.240.80/29; 10.32.240.88/29; 10.32.241.0/29; 10.32.241.144/29; 10.32.241.152/29; 10.32.241.16/29; 10.32.241.160/29; 10.32.241.168/29; 10.32.241.176/29; 10.32.241.184/29; 10.32.241.192/29; 10.32.241.200/29; 10.32.241.208/29; 10.32.241.216/29; 10.32.241.224/29; 10.32.241.24/29; 10.32.241.32/29; 10.32.241.40/29; 10.32.241.48/29; 10.32.241.56/29; 10.32.241.64/29; 10.32.241.72/29; 10.32.241.8/29; 10.32.241.80/29; 10.32.241.88/29; 10.32.241.96/29; 10.32.242.104/29; 10.32.242.112/29; 10.32.242.120/29; 10.32.242.208/29; 10.32.242.216/29; 10.32.242.224/29; 10.32.242.232/29; 10.32.242.240/29; 10.32.242.248/29; 10.32.242.48/29; 10.32.242.56/29; 10.32.242.64/29; 10.32.242.72/29; 10.32.242.80/29; 10.32.242.88/29; 10.32.242.96/29; 10.32.243.0/29; 10.32.243.112/29; 10.32.243.120/29; 10.32.243.128/29; 10.32.243.136/29; 10.32.243.144/29; 10.32.243.152/29; 10.32.243.16/29; 10.32.243.192/29; 10.32.243.200/29; 10.32.243.208/29; 10.32.243.216/29; 10.32.243.224/29; 10.32.243.232/29; 10.32.243.24/29; 10.32.243.240/29; 10.32.243.248/29; 10.32.243.32/29; 10.32.243.40/29; 10.32.243.48/29; 10.32.243.56/29; 10.32.243.64/29; 10.32.243.72/29; 10.32.243.8/29; 10.32.243.80/29; 10.32.244.0/29; 10.32.244.104/29; 10.32.244.112/29; 10.32.244.16/29; 10.32.244.176/29; 10.32.244.184/29; 10.32.244.192/29; 10.32.244.200/29; 10.32.244.202/29; 10.32.244.208/29; 10.32.244.210/29; 10.32.244.216/29; 10.32.244.224/29; 10.32.244.226/29; 10.32.244.232/29; 10.32.244.24/29; 10.32.244.240/29; 10.32.244.248/29; 10.32.244.33/29; 10.32.244.40/29; 10.32.244.48/29; 10.32.244.50; 10.32.244.8/29; 10.32.244.96/29; 10.32.245.0/29; 10.32.245.104/29; 10.32.245.112/29; 10.32.245.120/29; 10.32.245.128/29; 10.32.245.136/29; 10.32.245.144/29; 10.32.245.152/29; 10.32.245.16/29; 10.32.245.160/29; 10.32.245.168/29; 10.32.245.176/29; 10.32.245.18/29; 10.32.245.184/29; 10.32.245.192/29; 10.32.245.200/29; 10.32.245.208/29; 10.32.245.216/29; 10.32.245.224/29; 10.32.245.232/29; 10.32.245.240/29; 10.32.245.248/29; 10.32.245.8/29; 10.32.245.88/29; 10.32.245.96/29; 10.32.246.0/29; 10.32.246.128/29; 10.32.246.16/29; 10.32.246.224/29; 10.32.246.232/29; 10.32.246.240/29; 10.32.246.248/29; 10.32.246.8/29; 10.32.247.0/29; 10.32.247.104/29; 10.32.247.112/29; 10.32.247.120/29; 10.32.247.128/29; 10.32.247.136/29; 10.32.247.144/29; 10.32.247.152/29; 10.32.247.16/29; 10.32.247.160/29; 10.32.247.24/29; 10.32.247.32/29; 10.32.247.40/29; 10.32.247.48/29; 10.32.247.56/29; 10.32.247.64/29; 10.32.247.72/29; 10.32.247.8/29; 10.32.247.80/29; 10.32.247.88/29; 10.32.247.96/29; 10.32.255.210/30; 10.32.255.214/30; 10.32.255.218/30; 10.32.255.222/30; 10.32.255.232/29; 10.32.255.240/29; 10.34.0.48/29; 10.34.0.56/29; 10.34.0.64/29; 10.34.2.0/23 | C186: application-default | D186: 161,tcp,udp; ping; 22,tcp | E186: Allow | F186: 5 | G186: Low | H186: otpcnfw-bvl-hoc Policies.csv | I186: TCOM Underlay - Solarwinds to Network Gear | J186: otpcnfw-bvl-hoc | K186: none | L186: universal | M186: ot-monitoring | N186: any | O186: sdwan-underlay;underlay-fwmgmt | P186: Profile Group: threat-prevention-only | Q186: Traffic log sent at session end;Log Forwarding Profile setting: Forward to Panorama | R186: Used | S186: INC0674129 INC0700598 INC0761786 | T186: 7 | U186: 0 | V186: 8/6/2025 16:05 | W186: 8/24/2024 1:43 | AA186: False,0 | AB186: False,0 | AC186: False,0 | AD186: False,0 | AE186: False,0 | AF186: True,5 | AG186: False,0 | AH186: False,0 | AI186: False,0 | AJ186: False,0 | AK186: False,0 | AL186: False,0 | AM186: False,0 | AN186: False,0 | AO186: False,0 | AP186: False,0 | AQ186: False,0 | AR186: False,0 | AS186: False,0 | AT186: 0 | AU186: False,0 | AV186: False,0 | AW186: 2 | AX186: False,0 | AY186: False,0 | BA186: False,0
A187: 172.26.162.134; 172.26.162.135; 172.26.162.136; 172.26.162.137; 172.26.162.138; 172.26.162.139; 172.26.169.6; 172.27.162.130; 172.27.162.132; 172.27.162.133; 172.27.162.134; 172.27.162.136; 172.27.162.137 | B187: 172.26.129.252; 172.27.129.252; 10.46.242.0/23; 10.133.92.0/22; 10.32.240.120/29; 10.32.240.16/29; 10.32.240.160/29; 10.32.240.168/29; 10.32.240.176/29; 10.32.240.184/29; 10.32.240.192/29; 10.32.240.200/29; 10.32.240.208/29; 10.32.240.216/29; 10.32.240.224/29; 10.32.240.232/29; 10.32.240.24/29; 10.32.240.240/29; 10.32.240.248/29; 10.32.240.32/29; 10.32.240.40/29; 10.32.240.48/29; 10.32.240.56/29; 10.32.240.64/29; 10.32.240.72/29; 10.32.240.8/29; 10.32.240.80/29; 10.32.240.88/29; 10.32.241.0/29; 10.32.241.144/29; 10.32.241.152/29; 10.32.241.16/29; 10.32.241.160/29; 10.32.241.168/29; 10.32.241.176/29; 10.32.241.184/29; 10.32.241.192/29; 10.32.241.200/29; 10.32.241.208/29; 10.32.241.216/29; 10.32.241.224/29; 10.32.241.24/29; 10.32.241.32/29; 10.32.241.40/29; 10.32.241.48/29; 10.32.241.56/29; 10.32.241.64/29; 10.32.241.72/29; 10.32.241.8/29; 10.32.241.80/29; 10.32.241.88/29; 10.32.241.96/29; 10.32.242.104/29; 10.32.242.112/29; 10.32.242.120/29; 10.32.242.208/29; 10.32.242.216/29; 10.32.242.224/29; 10.32.242.232/29; 10.32.242.240/29; 10.32.242.248/29; 10.32.242.48/29; 10.32.242.56/29; 10.32.242.64/29; 10.32.242.72/29; 10.32.242.80/29; 10.32.242.88/29; 10.32.242.96/29; 10.32.243.0/29; 10.32.243.112/29; 10.32.243.120/29; 10.32.243.128/29; 10.32.243.136/29; 10.32.243.144/29; 10.32.243.152/29; 10.32.243.16/29; 10.32.243.192/29; 10.32.243.200/29; 10.32.243.208/29; 10.32.243.216/29; 10.32.243.224/29; 10.32.243.232/29; 10.32.243.24/29; 10.32.243.240/29; 10.32.243.248/29; 10.32.243.32/29; 10.32.243.40/29; 10.32.243.48/29; 10.32.243.56/29; 10.32.243.64/29; 10.32.243.72/29; 10.32.243.8/29; 10.32.243.80/29; 10.32.244.0/29; 10.32.244.104/29; 10.32.244.112/29; 10.32.244.16/29; 10.32.244.176/29; 10.32.244.184/29; 10.32.244.192/29; 10.32.244.200/29; 10.32.244.202/29; 10.32.244.208/29; 10.32.244.210/29; 10.32.244.216/29; 10.32.244.224/29; 10.32.244.226/29; 10.32.244.232/29; 10.32.244.24/29; 10.32.244.240/29; 10.32.244.248/29; 10.32.244.33/29; 10.32.244.40/29; 10.32.244.48/29; 10.32.244.50; 10.32.244.8/29; 10.32.244.96/29; 10.32.245.0/29; 10.32.245.104/29; 10.32.245.112/29; 10.32.245.120/29; 10.32.245.128/29; 10.32.245.136/29; 10.32.245.144/29; 10.32.245.152/29; 10.32.245.16/29; 10.32.245.160/29; 10.32.245.168/29; 10.32.245.176/29; 10.32.245.18/29; 10.32.245.184/29; 10.32.245.192/29; 10.32.245.200/29; 10.32.245.208/29; 10.32.245.216/29; 10.32.245.224/29; 10.32.245.232/29; 10.32.245.240/29; 10.32.245.248/29; 10.32.245.8/29; 10.32.245.88/29; 10.32.245.96/29; 10.32.246.0/29; 10.32.246.128/29; 10.32.246.16/29; 10.32.246.224/29; 10.32.246.232/29; 10.32.246.240/29; 10.32.246.248/29; 10.32.246.8/29; 10.32.247.0/29; 10.32.247.104/29; 10.32.247.112/29; 10.32.247.120/29; 10.32.247.128/29; 10.32.247.136/29; 10.32.247.144/29; 10.32.247.152/29; 10.32.247.16/29; 10.32.247.160/29; 10.32.247.24/29; 10.32.247.32/29; 10.32.247.40/29; 10.32.247.48/29; 10.32.247.56/29; 10.32.247.64/29; 10.32.247.72/29; 10.32.247.8/29; 10.32.247.80/29; 10.32.247.88/29; 10.32.247.96/29; 10.32.255.210/30; 10.32.255.214/30; 10.32.255.218/30; 10.32.255.222/30; 10.32.255.232/29; 10.32.255.240/29; 10.34.0.48/29; 10.34.0.56/29; 10.34.0.64/29; 10.34.2.0/23 | C187: TCP/161; UDP/161 | D187: any | E187: Allow | F187: 20 | G187: Low | H187: otpcnfw-bvl-hoc Policies.csv | I187: TCOM Underlay - Solarwinds to Network Gear-1 | J187: otpcnfw-bvl-hoc | K187: none | L187: universal | M187: ot-monitoring | N187: any | O187: underlay-fwmgmt;sdwan-underlay | P187: Profile Group: threat-prevention-only | Q187: Traffic log sent at session end;Log Forwarding Profile setting: Forward to Panorama | R187: Partially Used | S187: INC0674129 INC0700598 INC0761786 | T187: 3 | U187: 15 | V187: 8/6/2025 16:05 | W187: 8/5/2025 7:57 | AA187: False,0 | AB187: False,0 | AC187: False,0 | AD187: False,0 | AE187: False,0 | AF187: True,5 | AG187: False,0 | AH187: False,0 | AI187: False,0 | AJ187: True,10 | AK187: True,5 | AL187: False,0 | AM187: False,0 | AN187: True,2 | AO187: False,0 | AP187: False,0 | AQ187: False,0 | AR187: False,0 | AS187: False,0 | AT187: 1 | AU187: False,0 | AV187: True,0 | AW187: 65535 | AX187: True,0 | AY187: False,0 | AZ187: ntcip-snmp | BA187: True,10
A188: 172.26.129.252; 172.27.129.252; 10.46.242.0/23; 10.133.92.0/22; 10.32.240.120/29; 10.32.240.16/29; 10.32.240.160/29; 10.32.240.168/29; 10.32.240.176/29; 10.32.240.184/29; 10.32.240.192/29; 10.32.240.200/29; 10.32.240.208/29; 10.32.240.216/29; 10.32.240.224/29; 10.32.240.232/29; 10.32.240.24/29; 10.32.240.240/29; 10.32.240.248/29; 10.32.240.32/29; 10.32.240.40/29; 10.32.240.48/29; 10.32.240.56/29; 10.32.240.64/29; 10.32.240.72/29; 10.32.240.8/29; 10.32.240.80/29; 10.32.240.88/29; 10.32.241.0/29; 10.32.241.144/29; 10.32.241.152/29; 10.32.241.16/29; 10.32.241.160/29; 10.32.241.168/29; 10.32.241.176/29; 10.32.241.184/29; 10.32.241.192/29; 10.32.241.200/29; 10.32.241.208/29; 10.32.241.216/29; 10.32.241.224/29; 10.32.241.24/29; 10.32.241.32/29; 10.32.241.40/29; 10.32.241.48/29; 10.32.241.56/29; 10.32.241.64/29; 10.32.241.72/29; 10.32.241.8/29; 10.32.241.80/29; 10.32.241.88/29; 10.32.241.96/29; 10.32.242.104/29; 10.32.242.112/29; 10.32.242.120/29; 10.32.242.208/29; 10.32.242.216/29; 10.32.242.224/29; 10.32.242.232/29; 10.32.242.240/29; 10.32.242.248/29; 10.32.242.48/29; 10.32.242.56/29; 10.32.242.64/29; 10.32.242.72/29; 10.32.242.80/29; 10.32.242.88/29; 10.32.242.96/29; 10.32.243.0/29; 10.32.243.112/29; 10.32.243.120/29; 10.32.243.128/29; 10.32.243.136/29; 10.32.243.144/29; 10.32.243.152/29; 10.32.243.16/29; 10.32.243.192/29; 10.32.243.200/29; 10.32.243.208/29; 10.32.243.216/29; 10.32.243.224/29; 10.32.243.232/29; 10.32.243.24/29; 10.32.243.240/29; 10.32.243.248/29; 10.32.243.32/29; 10.32.243.40/29; 10.32.243.48/29; 10.32.243.56/29; 10.32.243.64/29; 10.32.243.72/29; 10.32.243.8/29; 10.32.243.80/29; 10.32.244.0/29; 10.32.244.104/29; 10.32.244.112/29; 10.32.244.16/29; 10.32.244.176/29; 10.32.244.184/29; 10.32.244.192/29; 10.32.244.200/29; 10.32.244.202/29; 10.32.244.208/29; 10.32.244.210/29; 10.32.244.216/29; 10.32.244.224/29; 10.32.244.226/29; 10.32.244.232/29; 10.32.244.24/29; 10.32.244.240/29; 10.32.244.248/29; 10.32.244.33/29; 10.32.244.40/29; 10.32.244.48/29; 10.32.244.50; 10.32.244.8/29; 10.32.244.96/29; 10.32.245.0/29; 10.32.245.104/29; 10.32.245.112/29; 10.32.245.120/29; 10.32.245.128/29; 10.32.245.136/29; 10.32.245.144/29; 10.32.245.152/29; 10.32.245.16/29; 10.32.245.160/29; 10.32.245.168/29; 10.32.245.176/29; 10.32.245.18/29; 10.32.245.184/29; 10.32.245.192/29; 10.32.245.200/29; 10.32.245.208/29; 10.32.245.216/29; 10.32.245.224/29; 10.32.245.232/29; 10.32.245.240/29; 10.32.245.248/29; 10.32.245.8/29; 10.32.245.88/29; 10.32.245.96/29; 10.32.246.0/29; 10.32.246.128/29; 10.32.246.16/29; 10.32.246.224/29; 10.32.246.232/29; 10.32.246.240/29; 10.32.246.248/29; 10.32.246.8/29; 10.32.247.0/29; 10.32.247.104/29; 10.32.247.112/29; 10.32.247.120/29; 10.32.247.128/29; 10.32.247.136/29; 10.32.247.144/29; 10.32.247.152/29; 10.32.247.16/29; 10.32.247.160/29; 10.32.247.24/29; 10.32.247.32/29; 10.32.247.40/29; 10.32.247.48/29; 10.32.247.56/29; 10.32.247.64/29; 10.32.247.72/29; 10.32.247.8/29; 10.32.247.80/29; 10.32.247.88/29; 10.32.247.96/29; 10.32.255.210/30; 10.32.255.214/30; 10.32.255.218/30; 10.32.255.222/30; 10.32.255.232/29; 10.32.255.240/29; 10.34.0.48/29; 10.34.0.56/29; 10.34.0.64/29; 10.34.2.0/23 | B188: 172.26.133.6; 172.27.133.5 | C188: application-default | D188: 162,tcp,udp | E188: Allow | F188: 5 | G188: Low | H188: otpcnfw-bvl-hoc Policies.csv | I188: TCOM Underlay - Network Gear to Solarwinds | J188: otpcnfw-bvl-hoc | K188: none | L188: universal | M188: underlay-fwmgmt | N188: any | O188: ot-nsext | P188: Profile Group: threat-prevention-only | Q188: Traffic log sent at session end;Log Forwarding Profile setting: Forward to Panorama | R188: Used | S188: INC0674129 INC0700598 | T188: 1 | U188: 1 | V188: 3/20/2025 7:56 | W188: 8/24/2024 4:22 | AA188: False,0 | AB188: False,0 | AC188: True,5 | AD188: False,0 | AE188: False,0 | AF188: False,0 | AG188: False,0 | AH188: False,0 | AI188: False,0 | AJ188: False,0 | AK188: False,0 | AL188: False,0 | AM188: False,0 | AN188: False,0 | AO188: False,0 | AP188: False,0 | AQ188: False,0 | AR188: False,0 | AS188: False,0 | AT188: 0 | AU188: False,0 | AV188: False,0 | AW188: 1 | AX188: False,0 | AY188: False,0 | BA188: False,0
A189: 10.133.92.0/22; 10.32.240.120/29; 10.32.240.16/29; 10.32.240.160/29; 10.32.240.168/29; 10.32.240.176/29; 10.32.240.184/29; 10.32.240.192/29; 10.32.240.200/29; 10.32.240.208/29; 10.32.240.216/29; 10.32.240.224/29; 10.32.240.232/29; 10.32.240.24/29; 10.32.240.240/29; 10.32.240.248/29; 10.32.240.32/29; 10.32.240.40/29; 10.32.240.48/29; 10.32.240.56/29; 10.32.240.64/29; 10.32.240.72/29; 10.32.240.8/29; 10.32.240.80/29; 10.32.240.88/29; 10.32.241.0/29; 10.32.241.144/29; 10.32.241.152/29; 10.32.241.16/29; 10.32.241.160/29; 10.32.241.168/29; 10.32.241.176/29; 10.32.241.184/29; 10.32.241.192/29; 10.32.241.200/29; 10.32.241.208/29; 10.32.241.216/29; 10.32.241.224/29; 10.32.241.24/29; 10.32.241.32/29; 10.32.241.40/29; 10.32.241.48/29; 10.32.241.56/29; 10.32.241.64/29; 10.32.241.72/29; 10.32.241.8/29; 10.32.241.80/29; 10.32.241.88/29; 10.32.241.96/29; 10.32.242.104/29; 10.32.242.112/29; 10.32.242.120/29; 10.32.242.208/29; 10.32.242.216/29; 10.32.242.224/29; 10.32.242.232/29; 10.32.242.240/29; 10.32.242.248/29; 10.32.242.48/29; 10.32.242.56/29; 10.32.242.64/29; 10.32.242.72/29; 10.32.242.80/29; 10.32.242.88/29; 10.32.242.96/29; 10.32.243.0/29; 10.32.243.112/29; 10.32.243.120/29; 10.32.243.128/29; 10.32.243.136/29; 10.32.243.144/29; 10.32.243.152/29; 10.32.243.16/29; 10.32.243.192/29; 10.32.243.200/29; 10.32.243.208/29; 10.32.243.216/29; 10.32.243.224/29; 10.32.243.232/29; 10.32.243.24/29; 10.32.243.240/29; 10.32.243.248/29; 10.32.243.32/29; 10.32.243.40/29; 10.32.243.48/29; 10.32.243.56/29; 10.32.243.64/29; 10.32.243.72/29; 10.32.243.8/29; 10.32.243.80/29; 10.32.244.0/29; 10.32.244.104/29; 10.32.244.112/29; 10.32.244.16/29; 10.32.244.176/29; 10.32.244.184/29; 10.32.244.192/29; 10.32.244.200/29; 10.32.244.202/29; 10.32.244.208/29; 10.32.244.210/29; 10.32.244.216/29; 10.32.244.224/29; 10.32.244.226/29; 10.32.244.232/29; 10.32.244.24/29; 10.32.244.240/29; 10.32.244.248/29; 10.32.244.33/29; 10.32.244.40/29; 10.32.244.48/29; 10.32.244.50; 10.32.244.8/29; 10.32.244.96/29; 10.32.245.0/29; 10.32.245.104/29; 10.32.245.112/29; 10.32.245.120/29; 10.32.245.128/29; 10.32.245.136/29; 10.32.245.144/29; 10.32.245.152/29; 10.32.245.16/29; 10.32.245.160/29; 10.32.245.168/29; 10.32.245.176/29; 10.32.245.18/29; 10.32.245.184/29; 10.32.245.192/29; 10.32.245.200/29; 10.32.245.208/29; 10.32.245.216/29; 10.32.245.224/29; 10.32.245.232/29; 10.32.245.240/29; 10.32.245.248/29; 10.32.245.8/29; 10.32.245.88/29; 10.32.245.96/29; 10.32.246.0/29; 10.32.246.128/29; 10.32.246.16/29; 10.32.246.224/29; 10.32.246.232/29; 10.32.246.240/29; 10.32.246.248/29; 10.32.246.8/29; 10.32.247.0/29; 10.32.247.104/29; 10.32.247.112/29; 10.32.247.120/29; 10.32.247.128/29; 10.32.247.136/29; 10.32.247.144/29; 10.32.247.152/29; 10.32.247.16/29; 10.32.247.160/29; 10.32.247.24/29; 10.32.247.32/29; 10.32.247.40/29; 10.32.247.48/29; 10.32.247.56/29; 10.32.247.64/29; 10.32.247.72/29; 10.32.247.8/29; 10.32.247.80/29; 10.32.247.88/29; 10.32.247.96/29; 10.32.255.210/30; 10.32.255.214/30; 10.32.255.218/30; 10.32.255.222/30; 10.32.255.232/29; 10.32.255.240/29; 10.34.0.48/29; 10.34.0.56/29; 10.34.0.64/29; 10.34.2.0/23 | B189: 172.26.161.98; 172.26.161.99; 172.27.161.98 | C189: TCP/3978; TCP/28443 | D189: any | E189: Allow | F189: 15 | G189: Low | H189: otpcnfw-bvl-hoc Policies.csv | I189: TCOM Underlay - Firewalls to Panorama | J189: otpcnfw-bvl-hoc | K189: none | L189: universal | M189: underlay-fwmgmt | N189: any | O189: ot-panorama | P189: Profile Group: threat-prevention-only | Q189: Traffic log sent at session end;Log Forwarding Profile setting: Forward to Panorama | R189: Used | S189: INC0674129 | T189: 13 | U189: 154 | V189: 3/20/2025 7:56 | W189: 7/12/2024 15:43 | AA189: False,0 | AB189: False,0 | AC189: True,5 | AD189: False,0 | AE189: False,0 | AF189: False,0 | AG189: False,0 | AH189: False,0 | AI189: False,0 | AJ189: True,10 | AK189: False,0 | AL189: False,0 | AM189: False,0 | AN189: False,0 | AO189: False,0 | AP189: False,0 | AQ189: False,0 | AR189: False,0 | AS189: False,0 | AT189: 2 | AU189: False,0 | AV189: True,0 | AW189: 65535 | AX189: True,0 | AY189: False,0 | BA189: False,0
A190: [Disabled] grp-fw-mgmt-underlay | B190: [Disabled] grp-ot-edl-servers | C190: [Disabled] application-default | D190: [Disabled] ssl | E190: [Disabled] Allow | F190: 0 | G190: Low | H190: otpcnfw-bvl-hoc Policies.csv | I190: [Disabled] TCOM Underlay - Firewalls to EDL Servers | J190: otpcnfw-bvl-hoc | K190: [Disabled] none | L190: [Disabled] universal | M190: [Disabled] underlay-fwmgmt | N190: [Disabled] any | O190: [Disabled] ot-nsext | P190: Profile Group: threat-prevention-only | Q190: Traffic log sent at session end;Log Forwarding Profile setting: Forward to Panorama | R190: Unused | S190: [Disabled] INC0674129 INC1145765 | T190: 0 | U190: - | V190: 9/3/2025 12:21 | W190: 8/22/2024 7:34 | AA190: False,0 | AB190: False,0 | AC190: False,0 | AD190: False,0 | AE190: False,0 | AF190: False,0 | AG190: False,0 | AH190: False,0 | AI190: False,0 | AJ190: False,0 | AK190: False,0 | AL190: False,0 | AM190: False,0 | AN190: True,5 | AO190: False,0 | AP190: False,0 | AQ190: False,0 | AR190: False,0 | AS190: False,0 | AT190: 0 | AU190: False,0 | AV190: False,0 | AW190: 0 | AX190: False,0 | AY190: False,0 | BA190: False,0
A191: 10.133.92.0/22; 10.32.240.120/29; 10.32.240.16/29; 10.32.240.160/29; 10.32.240.168/29; 10.32.240.176/29; 10.32.240.184/29; 10.32.240.192/29; 10.32.240.200/29; 10.32.240.208/29; 10.32.240.216/29; 10.32.240.224/29; 10.32.240.232/29; 10.32.240.24/29; 10.32.240.240/29; 10.32.240.248/29; 10.32.240.32/29; 10.32.240.40/29; 10.32.240.48/29; 10.32.240.56/29; 10.32.240.64/29; 10.32.240.72/29; 10.32.240.8/29; 10.32.240.80/29; 10.32.240.88/29; 10.32.241.0/29; 10.32.241.144/29; 10.32.241.152/29; 10.32.241.16/29; 10.32.241.160/29; 10.32.241.168/29; 10.32.241.176/29; 10.32.241.184/29; 10.32.241.192/29; 10.32.241.200/29; 10.32.241.208/29; 10.32.241.216/29; 10.32.241.224/29; 10.32.241.24/29; 10.32.241.32/29; 10.32.241.40/29; 10.32.241.48/29; 10.32.241.56/29; 10.32.241.64/29; 10.32.241.72/29; 10.32.241.8/29; 10.32.241.80/29; 10.32.241.88/29; 10.32.241.96/29; 10.32.242.104/29; 10.32.242.112/29; 10.32.242.120/29; 10.32.242.208/29; 10.32.242.216/29; 10.32.242.224/29; 10.32.242.232/29; 10.32.242.240/29; 10.32.242.248/29; 10.32.242.48/29; 10.32.242.56/29; 10.32.242.64/29; 10.32.242.72/29; 10.32.242.80/29; 10.32.242.88/29; 10.32.242.96/29; 10.32.243.0/29; 10.32.243.112/29; 10.32.243.120/29; 10.32.243.128/29; 10.32.243.136/29; 10.32.243.144/29; 10.32.243.152/29; 10.32.243.16/29; 10.32.243.192/29; 10.32.243.200/29; 10.32.243.208/29; 10.32.243.216/29; 10.32.243.224/29; 10.32.243.232/29; 10.32.243.24/29; 10.32.243.240/29; 10.32.243.248/29; 10.32.243.32/29; 10.32.243.40/29; 10.32.243.48/29; 10.32.243.56/29; 10.32.243.64/29; 10.32.243.72/29; 10.32.243.8/29; 10.32.243.80/29; 10.32.244.0/29; 10.32.244.104/29; 10.32.244.112/29; 10.32.244.16/29; 10.32.244.176/29; 10.32.244.184/29; 10.32.244.192/29; 10.32.244.200/29; 10.32.244.202/29; 10.32.244.208/29; 10.32.244.210/29; 10.32.244.216/29; 10.32.244.224/29; 10.32.244.226/29; 10.32.244.232/29; 10.32.244.24/29; 10.32.244.240/29; 10.32.244.248/29; 10.32.244.33/29; 10.32.244.40/29; 10.32.244.48/29; 10.32.244.50; 10.32.244.8/29; 10.32.244.96/29; 10.32.245.0/29; 10.32.245.104/29; 10.32.245.112/29; 10.32.245.120/29; 10.32.245.128/29; 10.32.245.136/29; 10.32.245.144/29; 10.32.245.152/29; 10.32.245.16/29; 10.32.245.160/29; 10.32.245.168/29; 10.32.245.176/29; 10.32.245.18/29; 10.32.245.184/29; 10.32.245.192/29; 10.32.245.200/29; 10.32.245.208/29; 10.32.245.216/29; 10.32.245.224/29; 10.32.245.232/29; 10.32.245.240/29; 10.32.245.248/29; 10.32.245.8/29; 10.32.245.88/29; 10.32.245.96/29; 10.32.246.0/29; 10.32.246.128/29; 10.32.246.16/29; 10.32.246.224/29; 10.32.246.232/29; 10.32.246.240/29; 10.32.246.248/29; 10.32.246.8/29; 10.32.247.0/29; 10.32.247.104/29; 10.32.247.112/29; 10.32.247.120/29; 10.32.247.128/29; 10.32.247.136/29; 10.32.247.144/29; 10.32.247.152/29; 10.32.247.16/29; 10.32.247.160/29; 10.32.247.24/29; 10.32.247.32/29; 10.32.247.40/29; 10.32.247.48/29; 10.32.247.56/29; 10.32.247.64/29; 10.32.247.72/29; 10.32.247.8/29; 10.32.247.80/29; 10.32.247.88/29; 10.32.247.96/29; 10.32.255.210/30; 10.32.255.214/30; 10.32.255.218/30; 10.32.255.222/30; 10.32.255.232/29; 10.32.255.240/29; 10.34.0.48/29; 10.34.0.56/29; 10.34.0.64/29; 10.34.2.0/23 | B191: 172.26.7.19; 172.26.7.7; 172.27.7.7 | C191: TCP/8080 | D191: 1080,3128,443,80,8000,8080,tcp; 443,tcp; 3978,444,tcp; 443,444,80,tcp; 28443,443,tcp; 80,tcp | E191: Allow | F191: 5 | G191: Low | H191: otpcnfw-bvl-hoc Policies.csv | I191: TCOM Underlay - Firewalls to PA Services | J191: otpcnfw-bvl-hoc | K191: none | L191: universal | M191: underlay-fwmgmt | N191: any | O191: dmz-nsext | P191: Profile Group: threat-prevention-only | Q191: Traffic log sent at session end;Log Forwarding Profile setting: Forward to Panorama | R191: Used | S191: INC0674129 INC0762793 | T191: 7 | U191: 1 | V191: 3/20/2025 7:56 | W191: 8/22/2024 7:34 | AA191: False,0 | AB191: False,0 | AC191: True,5 | AD191: False,0 | AE191: False,0 | AF191: False,0 | AG191: False,0 | AH191: False,0 | AI191: False,0 | AJ191: False,0 | AK191: False,0 | AL191: False,0 | AM191: False,0 | AN191: False,0 | AO191: False,0 | AP191: False,0 | AQ191: False,0 | AR191: False,0 | AS191: False,0 | AT191: 1 | AU191: False,0 | AV191: False,0 | AW191: 9 | AX191: False,0 | AY191: False,0 | BA191: False,0
A192: 10.133.92.0/22; 10.32.240.120/29; 10.32.240.16/29; 10.32.240.160/29; 10.32.240.168/29; 10.32.240.176/29; 10.32.240.184/29; 10.32.240.192/29; 10.32.240.200/29; 10.32.240.208/29; 10.32.240.216/29; 10.32.240.224/29; 10.32.240.232/29; 10.32.240.24/29; 10.32.240.240/29; 10.32.240.248/29; 10.32.240.32/29; 10.32.240.40/29; 10.32.240.48/29; 10.32.240.56/29; 10.32.240.64/29; 10.32.240.72/29; 10.32.240.8/29; 10.32.240.80/29; 10.32.240.88/29; 10.32.241.0/29; 10.32.241.144/29; 10.32.241.152/29; 10.32.241.16/29; 10.32.241.160/29; 10.32.241.168/29; 10.32.241.176/29; 10.32.241.184/29; 10.32.241.192/29; 10.32.241.200/29; 10.32.241.208/29; 10.32.241.216/29; 10.32.241.224/29; 10.32.241.24/29; 10.32.241.32/29; 10.32.241.40/29; 10.32.241.48/29; 10.32.241.56/29; 10.32.241.64/29; 10.32.241.72/29; 10.32.241.8/29; 10.32.241.80/29; 10.32.241.88/29; 10.32.241.96/29; 10.32.242.104/29; 10.32.242.112/29; 10.32.242.120/29; 10.32.242.208/29; 10.32.242.216/29; 10.32.242.224/29; 10.32.242.232/29; 10.32.242.240/29; 10.32.242.248/29; 10.32.242.48/29; 10.32.242.56/29; 10.32.242.64/29; 10.32.242.72/29; 10.32.242.80/29; 10.32.242.88/29; 10.32.242.96/29; 10.32.243.0/29; 10.32.243.112/29; 10.32.243.120/29; 10.32.243.128/29; 10.32.243.136/29; 10.32.243.144/29; 10.32.243.152/29; 10.32.243.16/29; 10.32.243.192/29; 10.32.243.200/29; 10.32.243.208/29; 10.32.243.216/29; 10.32.243.224/29; 10.32.243.232/29; 10.32.243.24/29; 10.32.243.240/29; 10.32.243.248/29; 10.32.243.32/29; 10.32.243.40/29; 10.32.243.48/29; 10.32.243.56/29; 10.32.243.64/29; 10.32.243.72/29; 10.32.243.8/29; 10.32.243.80/29; 10.32.244.0/29; 10.32.244.104/29; 10.32.244.112/29; 10.32.244.16/29; 10.32.244.176/29; 10.32.244.184/29; 10.32.244.192/29; 10.32.244.200/29; 10.32.244.202/29; 10.32.244.208/29; 10.32.244.210/29; 10.32.244.216/29; 10.32.244.224/29; 10.32.244.226/29; 10.32.244.232/29; 10.32.244.24/29; 10.32.244.240/29; 10.32.244.248/29; 10.32.244.33/29; 10.32.244.40/29; 10.32.244.48/29; 10.32.244.50; 10.32.244.8/29; 10.32.244.96/29; 10.32.245.0/29; 10.32.245.104/29; 10.32.245.112/29; 10.32.245.120/29; 10.32.245.128/29; 10.32.245.136/29; 10.32.245.144/29; 10.32.245.152/29; 10.32.245.16/29; 10.32.245.160/29; 10.32.245.168/29; 10.32.245.176/29; 10.32.245.18/29; 10.32.245.184/29; 10.32.245.192/29; 10.32.245.200/29; 10.32.245.208/29; 10.32.245.216/29; 10.32.245.224/29; 10.32.245.232/29; 10.32.245.240/29; 10.32.245.248/29; 10.32.245.8/29; 10.32.245.88/29; 10.32.245.96/29; 10.32.246.0/29; 10.32.246.128/29; 10.32.246.16/29; 10.32.246.224/29; 10.32.246.232/29; 10.32.246.240/29; 10.32.246.248/29; 10.32.246.8/29; 10.32.247.0/29; 10.32.247.104/29; 10.32.247.112/29; 10.32.247.120/29; 10.32.247.128/29; 10.32.247.136/29; 10.32.247.144/29; 10.32.247.152/29; 10.32.247.16/29; 10.32.247.160/29; 10.32.247.24/29; 10.32.247.32/29; 10.32.247.40/29; 10.32.247.48/29; 10.32.247.56/29; 10.32.247.64/29; 10.32.247.72/29; 10.32.247.8/29; 10.32.247.80/29; 10.32.247.88/29; 10.32.247.96/29; 10.32.255.210/30; 10.32.255.214/30; 10.32.255.218/30; 10.32.255.222/30; 10.32.255.232/29; 10.32.255.240/29; 10.34.0.48/29; 10.34.0.56/29; 10.34.0.64/29; 10.34.2.0/23 | B192: 172.26.37.7-172.26.37.8; 172.26.7.4; 172.27.142.133; 172.27.7.9 | C192: application-default | D192: 25,587,tcp | E192: Allow | F192: 5 | G192: Low | H192: otpcnfw-bvl-hoc Policies.csv | I192: TCOM Underlay - Firewalls to SMTP Relay | J192: otpcnfw-bvl-hoc | K192: none | L192: universal | M192: underlay-fwmgmt | N192: any | O192: dmz-nsext | P192: Profile Group: threat-prevention-only | Q192: Traffic log sent at session end;Log Forwarding Profile setting: Forward to Panorama | R192: Partially Used | S192: INC0567803 INC0674129 | T192: 0 | U192: - | V192: 3/20/2025 7:56 | W192: 9/27/2024 5:33 | AA192: False,0 | AB192: False,0 | AC192: True,5 | AD192: False,0 | AE192: False,0 | AF192: False,0 | AG192: False,0 | AH192: False,0 | AI192: False,0 | AJ192: False,0 | AK192: False,0 | AL192: False,0 | AM192: False,0 | AN192: True,2 | AO192: False,0 | AP192: False,0 | AQ192: False,0 | AR192: False,0 | AS192: False,0 | AT192: 0 | AU192: False,0 | AV192: False,0 | AW192: 2 | AX192: False,0 | AY192: False,0 | BA192: False,0
...

Sheet Raw Data
A1: Source_File | B1: Name | C1: Location | D1: Tags | E1: Type | F1: Source Zone | G1: Source Address | H1: Source User | I1: Destination Zone | J1: Destination Address | K1: Application | L1: Service | M1: Action | N1: Profile | O1: Options | P1: Rule Usage Rule Usage | Q1: Rule Usage Description | R1: Rule Usage Apps Seen | S1: Days With No New Apps | T1: Modified | U1: Created | V1: Rule Usage First Hit | W1: Rule Usage Hit Count | X1: Rule Usage Last Hit | Y1: Src_IsAny | Z1: Src_CIDR_Le_16 | AA1: Src_CIDR_17_22 | AB1: Dst_IsAny | AC1: Dst_CIDR_Le_16 | AD1: Dst_CIDR_17_22 | AE1: SrcZone_IsAny | AF1: DstZone_IsAny | AG1: Service_Any_OR_RangeGt1000 | AH1: App_Any_OR_RangeGt1000 | AI1: Service_Insecure_Match | AJ1: Risky_Inbound | AK1: Risky_Outbound | AL1: Rule_Usage_Scoring | AM1: Rule_Usage_Description_Scoring | AN1: Source_User_Scoring | AO1: Profile_Scoring | AP1: Options_Scoring | AQ1: Service_IsAny | AR1: Service_UniquePorts_Total | AS1: Service_RangeGt1000 | AT1: App_IsAny | AU1: App_UniquePorts_Total | AV1: App_RangeGt1000 | AW1: Action_IsDenyOrDrop | AX1: Score_Total | AY1: Migrate Insecure | AZ1: Migrate_Insecure
A2: otpcnfw-bvl-hoc Policies.csv | B2: [Disabled] Internet Access - Jumpboxes to Internet | C2: otpcnfw-bvl-hoc | D2: [Disabled] none | E2: [Disabled] universal | F2: [Disabled] dmz-remote-access | G2: [Disabled] bvlotwjump3501.l48ics.net; [Disabled] bvlotwjump3502.l48ics.net; [Disabled] bvlotwjump3503.l48ics.net | H2: [Disabled] any | I2: [Disabled] dmz-copent | J2: [Negate] [Disabled] grp-ConocoPhillips | K2: [Disabled] ssl; [Disabled] web-browsing | L2: [Disabled] application-default | M2: [Disabled] Allow | N2: Profile Group: threat-prevention-only | O2: Traffic log sent at session end;Log Forwarding Profile setting: Forward to Panorama | P2: Partially Used | Q2: [Disabled] INC0015648 INC0022770 INC0041121 INC0044990 INC0046388 INC0046850 INC0062282 INC0081699 INC0059031 INC0060904 INC1145765;[Disabled] Disabled as Jumpboxes do not exist | R2: 18 | S2: 154 | T2: 9/3/2025 10:32 | U2: 2/10/2024 9:58 | Y2: {=IF(FALSE,"True," & IF(_xlfn.XLOOKUP("Src_IsAny",'Scoring_Config'!$A:$A,'Scoring_Config'!$D:$D,"Yes")="Yes",_xlfn.XLOOKUP("Src_IsAny",'Scoring_Config'!$A:$A,'Scoring_Config'!$C:$C,10),0),"False,0")} -> 0 | Z2: {=IF(FALSE,"True," & IF(_xlfn.XLOOKUP("Src_CIDR_Le_16",'Scoring_Config'!$A:$A,'Scoring_Config'!$D:$D,"Yes")="Yes",_xlfn.XLOOKUP("Src_CIDR_Le_16",'Scoring_Config'!$A:$A,'Scoring_Config'!$C:$C,10),0),"False,0")} -> 0 | AA2: {=IF(FALSE,"True," & IF(_xlfn.XLOOKUP("Src_CIDR_17_22",'Scoring_Config'!$A:$A,'Scoring_Config'!$D:$D,"Yes")="Yes",_xlfn.XLOOKUP("Src_CIDR_17_22",'Scoring_Config'!$A:$A,'Scoring_Config'!$C:$C,5),0),"False,0")} -> 0 | AB2: {=IF(FALSE,"True," & IF(_xlfn.XLOOKUP("Dst_IsAny",'Scoring_Config'!$A:$A,'Scoring_Config'!$D:$D,"Yes")="Yes",_xlfn.XLOOKUP("Dst_IsAny",'Scoring_Config'!$A:$A,'Scoring_Config'!$C:$C,10),0),"False,0")} -> 0 | AC2: {=IF(FALSE,"True," & IF(_xlfn.XLOOKUP("Dst_CIDR_Le_16",'Scoring_Config'!$A:$A,'Scoring_Config'!$D:$D,"Yes")="Yes",_xlfn.XLOOKUP("Dst_CIDR_Le_16",'Scoring_Config'!$A:$A,'Scoring_Config'!$C:$C,10),0),"False,0")} -> 0 | AD2: {=IF(FALSE,"True," & IF(_xlfn.XLOOKUP("Dst_CIDR_17_22",'Scoring_Config'!$A:$A,'Scoring_Config'!$D:$D,"Yes")="Yes",_xlfn.XLOOKUP("Dst_CIDR_17_22",'Scoring_Config'!$A:$A,'Scoring_Config'!$C:$C,5),0),"False,0")} -> 0 | AE2: {=IF(FALSE,"True," & IF(_xlfn.XLOOKUP("SrcZone_IsAny",'Scoring_Config'!$A:$A,'Scoring_Config'!$D:$D,"Yes")="Yes",_xlfn.XLOOKUP("SrcZone_IsAny",'Scoring_Config'!$A:$A,'Scoring_Config'!$C:$C,10),0),"False,0")} -> 0 | AF2: {=IF(FALSE,"True," & IF(_xlfn.XLOOKUP("DstZone_IsAny",'Scoring_Config'!$A:$A,'Scoring_Config'!$D:$D,"Yes")="Yes",_xlfn.XLOOKUP("DstZone_IsAny",'Scoring_Config'!$A:$A,'Scoring_Config'!$C:$C,10),0),"False,0")} -> 0 | AG2: {=IF(FALSE,"True," & IF(_xlfn.XLOOKUP("Service_Any_OR_RangeGt1000",'Scoring_Config'!$A:$A,'Scoring_Config'!$D:$D,"Yes")="Yes",_xlfn.XLOOKUP("Service_Any_OR_RangeGt1000",'Scoring_Config'!$A:$A,'Scoring_Config'!$C:$C,10),0),"False,0")} -> 0 | AH2: {=IF(FALSE,"True," & IF(_xlfn.XLOOKUP("App_Any_OR_RangeGt1000",'Scoring_Config'!$A:$A,'Scoring_Config'!$D:$D,"Yes")="Yes",_xlfn.XLOOKUP("App_Any_OR_RangeGt1000",'Scoring_Config'!$A:$A,'Scoring_Config'!$C:$C,10),0),"False,0")} -> 0 | AI2: {=IF(FALSE,"True," & IF(_xlfn.XLOOKUP("Service_Insecure_Match",'Scoring_Config'!$A:$A,'Scoring_Config'!$D:$D,"Yes")="Yes",_xlfn.XLOOKUP("Service_Insecure_Match",'Scoring_Config'!$A:$A,'Scoring_Config'!$C:$C,5),0),"False,0")} -> 0 | AJ2: {=IF(FALSE,"True," & IF(_xlfn.XLOOKUP("Risky_Inbound",'Scoring_Config'!$A:$A,'Scoring_Config'!$D:$D,"Yes")="Yes",_xlfn.XLOOKUP("Risky_Inbound",'Scoring_Config'!$A:$A,'Scoring_Config'!$C:$C,50),0),"False,0")} -> 0 | AK2: {=IF(FALSE,"True," & IF(_xlfn.XLOOKUP("Risky_Outbound",'Scoring_Config'!$A:$A,'Scoring_Config'!$D:$D,"Yes")="Yes",_xlfn.XLOOKUP("Risky_Outbound",'Scoring_Config'!$A:$A,'Scoring_Config'!$C:$C,25),0),"False,0")} -> 0 | AL2: True,2 | AM2: {=IF(FALSE,"True," & IF(_xlfn.XLOOKUP("Rule_Usage_Description_Scoring",'Scoring_Config'!$A:$A,'Scoring_Config'!$D:$D,"Yes")="Yes",_xlfn.XLOOKUP("Rule_Usage_Description_Scoring",'Scoring_Config'!$A:$A,'Scoring_Config'!$C:$C,4),0),"False,0")} -> 0 | AN2: False,0 | AO2: False,0 | AP2: False,0 | AQ2: {=IF(FALSE,"True," & IF(_xlfn.XLOOKUP("Service_IsAny",'Scoring_Config'!$A:$A,'Scoring_Config'!$D:$D,"Yes")="Yes",_xlfn.XLOOKUP("Service_IsAny",'Scoring_Config'!$A:$A,'Scoring_Config'!$C:$C,0),0),"False,0")} -> 0 | AR2: 0 | AS2: {=IF(FALSE,"True," & IF(_xlfn.XLOOKUP("Service_RangeGt1000",'Scoring_Config'!$A:$A,'Scoring_Config'!$D:$D,"Yes")="Yes",_xlfn.XLOOKUP("Service_RangeGt1000",'Scoring_Config'!$A:$A,'Scoring_Config'!$C:$C,0),0),"False,0")} -> 0 | AT2: {=IF(FALSE,"True," & IF(_xlfn.XLOOKUP("App_IsAny",'Scoring_Config'!$A:$A,'Scoring_Config'!$D:$D,"Yes")="Yes",_xlfn.XLOOKUP("App_IsAny",'Scoring_Config'!$A:$A,'Scoring_Config'!$C:$C,0),0),"False,0")} -> 0 | AU2: 0 | AV2: {=IF(FALSE,"True," & IF(_xlfn.XLOOKUP("App_RangeGt1000",'Scoring_Config'!$A:$A,'Scoring_Config'!$D:$D,"Yes")="Yes",_xlfn.XLOOKUP("App_RangeGt1000",'Scoring_Config'!$A:$A,'Scoring_Config'!$C:$C,0),0),"False,0")} -> 0 | AW2: {=IF(FALSE,"True," & IF(_xlfn.XLOOKUP("Action_IsDenyOrDrop",'Scoring_Config'!$A:$A,'Scoring_Config'!$D:$D,"Yes")="Yes",_xlfn.XLOOKUP("Action_IsDenyOrDrop",'Scoring_Config'!$A:$A,'Scoring_Config'!$C:$C,0),0),"False,0")} -> 0 | AX2: {=IF(LEFT(AW2,4)="True",0,(IF(LEFT(Y2,4)="True",IF(_xlfn.XLOOKUP("Src_IsAny",'Scoring_Config'!$A:$A,'Scoring_Config'!$D:$D,"Yes")="Yes",_xlfn.XLOOKUP("Src_IsAny",'Scoring_Config'!$A:$A,'Scoring_Config'!$C:$C,10),0),0)+IF(LEFT(Z2,4)="True",IF(_xlfn.XLOOKUP("Src_CIDR_Le_16",'Scoring_Config'!$A:$A,'Scoring_Config'!$D:$D,"Yes")="Yes",_xlfn.XLOOKUP("Src_CIDR_Le_16",'Scoring_Config'!$A:$A,'Scoring_Config'!$C:$C,10),0),0)+IF(LEFT(AA2,4)="True",IF(_xlfn.XLOOKUP("Src_CIDR_17_22",'Scoring_Config'!$A:$A,'Scoring_Config'!$D:$D,"Yes")="Yes",_xlfn.XLOOKUP("Src_CIDR_17_22",'Scoring_Config'!$A:$A,'Scoring_Config'!$C:$C,5),0),0)+IF(LEFT(AB2,4)="True",IF(_xlfn.XLOOKUP("Dst_IsAny",'Scoring_Config'!$A:$A,'Scoring_Config'!$D:$D,"Yes")="Yes",_xlfn.XLOOKUP("Dst_IsAny",'Scoring_Config'!$A:$A,'Scoring_Config'!$C:$C,10),0),0)+IF(LEFT(AC2,4)="True",IF(_xlfn.XLOOKUP("Dst_CIDR_Le_16",'Scoring_Config'!$A:$A,'Scoring_Config'!$D:$D,"Yes")="Yes",_xlfn.XLOOKUP("Dst_CIDR_Le_16",'Scoring_Config'!$A:$A,'Scoring_Config'!$C:$C,10),0),0)+IF(LEFT(AD2,4)="True",IF(_xlfn.XLOOKUP("Dst_CIDR_17_22",'Scoring_Config'!$A:$A,'Scoring_Config'!$D:$D,"Yes")="Yes",_xlfn.XLOOKUP("Dst_CIDR_17_22",'Scoring_Config'!$A:$A,'Scoring_Config'!$C:$C,5),0),0)+IF(LEFT(AE2,4)="True",IF(_xlfn.XLOOKUP("SrcZone_IsAny",'Scoring_Config'!$A:$A,'Scoring_Config'!$D:$D,"Yes")="Yes",_xlfn.XLOOKUP("SrcZone_IsAny",'Scoring_Config'!$A:$A,'Scoring_Config'!$C:$C,10),0),0)+IF(LEFT(AF2,4)="True",IF(_xlfn.XLOOKUP("DstZone_IsAny",'Scoring_Config'!$A:$A,'Scoring_Config'!$D:$D,"Yes")="Yes",_xlfn.XLOOKUP("DstZone_IsAny",'Scoring_Config'!$A:$A,'Scoring_Config'!$C:$C,10),0),0)+IF(LEFT(AG2,4)="True",IF(_xlfn.XLOOKUP("Service_Any_OR_RangeGt1000",'Scoring_Config'!$A:$A,'Scoring_Config'!$D:$D,"Yes")="Yes",_xlfn.XLOOKUP("Service_Any_OR_RangeGt1000",'Scoring_Config'!$A:$A,'Scoring_Config'!$C:$C,10),0),0)+IF(LEFT(AH2,4)="True",IF(_xlfn.XLOOKUP("App_Any_OR_RangeGt1000",'Scoring_Config'!$A:$A,'Scoring_Config'!$D:$D,"Yes")="Yes",_xlfn.XLOOKUP("App_Any_OR_RangeGt1000",'Scoring_Config'!$A:$A,'Scoring_Config'!$C:$C,10),0),0)+IF(LEFT(AI2,4)="True",IF(_xlfn.XLOOKUP("Service_Insecure_Match",'Scoring_Config'!$A:$A,'Scoring_Config'!$D:$D,"Yes")="Yes",_xlfn.XLOOKUP("Service_Insecure_Match",'Scoring_Config'!$A:$A,'Scoring_Config'!$C:$C,5),0),0)+IF(LEFT(AJ2,4)="True",IF(_xlfn.XLOOKUP("Risky_Inbound",'Scoring_Config'!$A:$A,'Scoring_Config'!$D:$D,"Yes")="Yes",_xlfn.XLOOKUP("Risky_Inbound",'Scoring_Config'!$A:$A,'Scoring_Config'!$C:$C,50),0),0)+IF(LEFT(AK2,4)="True",IF(_xlfn.XLOOKUP("Risky_Outbound",'Scoring_Config'!$A:$A,'Scoring_Config'!$D:$D,"Yes")="Yes",_xlfn.XLOOKUP("Risky_Outbound",'Scoring_Config'!$A:$A,'Scoring_Config'!$C:$C,25),0),0)+IF(LEFT(AZ2,4)="True",IF(_xlfn.XLOOKUP("Migrate_Insecure",'Scoring_Config'!$A:$A,'Scoring_Config'!$D:$D,"Yes")="Yes",_xlfn.XLOOKUP("Migrate_Insecure",'Scoring_Config'!$A:$A,'Scoring_Config'!$C:$C,10),0),0)+IF(_xlfn.XLOOKUP("Rule_Usage_Scoring",'Scoring_Config'!$A:$A,'Scoring_Config'!$D:$D,"Yes")="Yes",VALUE(MID(AL2,FIND(",",AL2)+1,100)),0)+IF(LEFT(AM2,4)="True",IF(_xlfn.XLOOKUP("Rule_Usage_Description_Scoring",'Scoring_Config'!$A:$A,'Scoring_Config'!$D:$D,"Yes")="Yes",_xlfn.XLOOKUP("Rule_Usage_Description_Scoring",'Scoring_Config'!$A:$A,'Scoring_Config'!$C:$C,4),0),0)+IF(_xlfn.XLOOKUP("Source_User_Scoring",'Scoring_Config'!$A:$A,'Scoring_Config'!$D:$D,"Yes")="Yes",VALUE(MID(AN2,FIND(",",AN2)+1,100)),0)+IF(_xlfn.XLOOKUP("Profile_Scoring",'Scoring_Config'!$A:$A,'Scoring_Config'!$D:$D,"Yes")="Yes",VALUE(MID(AO2,FIND(",",AO2)+1,100)),0)+IF(_xlfn.XLOOKUP("Options_Scoring",'Scoring_Config'!$A:$A,'Scoring_Config'!$D:$D,"Yes")="Yes",VALUE(MID(AP2,FIND(",",AP2)+1,100)),0)))} -> 0 | AZ2: {=IF(FALSE,"True," & IF(_xlfn.XLOOKUP("Migrate_Insecure",'Scoring_Config'!$A:$A,'Scoring_Config'!$D:$D,"Yes")="Yes",_xlfn.XLOOKUP("Migrate_Insecure",'Scoring_Config'!$A:$A,'Scoring_Config'!$C:$C,10),0),"False,0")} -> 0
A3: otpcnfw-bvl-hoc Policies.csv | B3: Internet Access - NetScaler to Alero | C3: otpcnfw-bvl-hoc | D3: none | E3: universal | F3: dmz-nsmgmt | G3: 172.26.34.12; 172.27.34.12 | H3: any | I3: dmz-copent | J3: 75.2.110.198; 99.83.132.235 | K3: 22,tcp | L3: TCP/443 | M3: Allow | N3: Profile Group: threat-prevention-only | O3: Traffic log sent at session end;Log Forwarding Profile setting: Forward to Panorama | P3: Partially Used | R3: 2 | S3: 149 | T3: 6/26/2025 11:06 | U3: 2/27/2025 13:28 | Y3: {=IF(FALSE,"True," & IF(_xlfn.XLOOKUP("Src_IsAny",'Scoring_Config'!$A:$A,'Scoring_Config'!$D:$D,"Yes")="Yes",_xlfn.XLOOKUP("Src_IsAny",'Scoring_Config'!$A:$A,'Scoring_Config'!$C:$C,10),0),"False,0")} -> 0 | Z3: {=IF(FALSE,"True," & IF(_xlfn.XLOOKUP("Src_CIDR_Le_16",'Scoring_Config'!$A:$A,'Scoring_Config'!$D:$D,"Yes")="Yes",_xlfn.XLOOKUP("Src_CIDR_Le_16",'Scoring_Config'!$A:$A,'Scoring_Config'!$C:$C,10),0),"False,0")} -> 0 | AA3: {=IF(FALSE,"True," & IF(_xlfn.XLOOKUP("Src_CIDR_17_22",'Scoring_Config'!$A:$A,'Scoring_Config'!$D:$D,"Yes")="Yes",_xlfn.XLOOKUP("Src_CIDR_17_22",'Scoring_Config'!$A:$A,'Scoring_Config'!$C:$C,5),0),"False,0")} -> 0 | AB3: {=IF(FALSE,"True," & IF(_xlfn.XLOOKUP("Dst_IsAny",'Scoring_Config'!$A:$A,'Scoring_Config'!$D:$D,"Yes")="Yes",_xlfn.XLOOKUP("Dst_IsAny",'Scoring_Config'!$A:$A,'Scoring_Config'!$C:$C,10),0),"False,0")} -> 0 | AC3: {=IF(FALSE,"True," & IF(_xlfn.XLOOKUP("Dst_CIDR_Le_16",'Scoring_Config'!$A:$A,'Scoring_Config'!$D:$D,"Yes")="Yes",_xlfn.XLOOKUP("Dst_CIDR_Le_16",'Scoring_Config'!$A:$A,'Scoring_Config'!$C:$C,10),0),"False,0")} -> 0 | AD3: {=IF(FALSE,"True," & IF(_xlfn.XLOOKUP("Dst_CIDR_17_22",'Scoring_Config'!$A:$A,'Scoring_Config'!$D:$D,"Yes")="Yes",_xlfn.XLOOKUP("Dst_CIDR_17_22",'Scoring_Config'!$A:$A,'Scoring_Config'!$C:$C,5),0),"False,0")} -> 0 | AE3: {=IF(FALSE,"True," & IF(_xlfn.XLOOKUP("SrcZone_IsAny",'Scoring_Config'!$A:$A,'Scoring_Config'!$D:$D,"Yes")="Yes",_xlfn.XLOOKUP("SrcZone_IsAny",'Scoring_Config'!$A:$A,'Scoring_Config'!$C:$C,10),0),"False,0")} -> 0 | AF3: {=IF(FALSE,"True," & IF(_xlfn.XLOOKUP("DstZone_IsAny",'Scoring_Config'!$A:$A,'Scoring_Config'!$D:$D,"Yes")="Yes",_xlfn.XLOOKUP("DstZone_IsAny",'Scoring_Config'!$A:$A,'Scoring_Config'!$C:$C,10),0),"False,0")} -> 0 | AG3: {=IF(FALSE,"True," & IF(_xlfn.XLOOKUP("Service_Any_OR_RangeGt1000",'Scoring_Config'!$A:$A,'Scoring_Config'!$D:$D,"Yes")="Yes",_xlfn.XLOOKUP("Service_Any_OR_RangeGt1000",'Scoring_Config'!$A:$A,'Scoring_Config'!$C:$C,10),0),"False,0")} -> 0 | AH3: {=IF(FALSE,"True," & IF(_xlfn.XLOOKUP("App_Any_OR_RangeGt1000",'Scoring_Config'!$A:$A,'Scoring_Config'!$D:$D,"Yes")="Yes",_xlfn.XLOOKUP("App_Any_OR_RangeGt1000",'Scoring_Config'!$A:$A,'Scoring_Config'!$C:$C,10),0),"False,0")} -> 0 | AI3: {=IF(FALSE,"True," & IF(_xlfn.XLOOKUP("Service_Insecure_Match",'Scoring_Config'!$A:$A,'Scoring_Config'!$D:$D,"Yes")="Yes",_xlfn.XLOOKUP("Service_Insecure_Match",'Scoring_Config'!$A:$A,'Scoring_Config'!$C:$C,5),0),"False,0")} -> 0 | AJ3: {=IF(FALSE,"True," & IF(_xlfn.XLOOKUP("Risky_Inbound",'Scoring_Config'!$A:$A,'Scoring_Config'!$D:$D,"Yes")="Yes",_xlfn.XLOOKUP("Risky_Inbound",'Scoring_Config'!$A:$A,'Scoring_Config'!$C:$C,50),0),"False,0")} -> 0 | AK3: {=IF(FALSE,"True," & IF(_xlfn.XLOOKUP("Risky_Outbound",'Scoring_Config'!$A:$A,'Scoring_Config'!$D:$D,"Yes")="Yes",_xlfn.XLOOKUP("Risky_Outbound",'Scoring_Config'!$A:$A,'Scoring_Config'!$C:$C,25),0),"False,0")} -> 0 | AL3: True,2 | AM3: {=IF(TRUE,"True," & IF(_xlfn.XLOOKUP("Rule_Usage_Description_Scoring",'Scoring_Config'!$A:$A,'Scoring_Config'!$D:$D,"Yes")="Yes",_xlfn.XLOOKUP("Rule_Usage_Description_Scoring",'Scoring_Config'!$A:$A,'Scoring_Config'!$C:$C,4),0),"False,0")} -> 0 | AN3: False,0 | AO3: False,0 | AP3: False,0 | AQ3: {=IF(FALSE,"True," & IF(_xlfn.XLOOKUP("Service_IsAny",'Scoring_Config'!$A:$A,'Scoring_Config'!$D:$D,"Yes")="Yes",_xlfn.XLOOKUP("Service_IsAny",'Scoring_Config'!$A:$A,'Scoring_Config'!$C:$C,0),0),"False,0")} -> 0 | AR3: 1 | AS3: {=IF(FALSE,"True," & IF(_xlfn.XLOOKUP("Service_RangeGt1000",'Scoring_Config'!$A:$A,'Scoring_Config'!$D:$D,"Yes")="Yes",_xlfn.XLOOKUP("Service_RangeGt1000",'Scoring_Config'!$A:$A,'Scoring_Config'!$C:$C,0),0),"False,0")} -> 0 | AT3: {=IF(FALSE,"True," & IF(_xlfn.XLOOKUP("App_IsAny",'Scoring_Config'!$A:$A,'Scoring_Config'!$D:$D,"Yes")="Yes",_xlfn.XLOOKUP("App_IsAny",'Scoring_Config'!$A:$A,'Scoring_Config'!$C:$C,0),0),"False,0")} -> 0 | AU3: 1 | AV3: {=IF(FALSE,"True," & IF(_xlfn.XLOOKUP("App_RangeGt1000",'Scoring_Config'!$A:$A,'Scoring_Config'!$D:$D,"Yes")="Yes",_xlfn.XLOOKUP("App_RangeGt1000",'Scoring_Config'!$A:$A,'Scoring_Config'!$C:$C,0),0),"False,0")} -> 0 | AW3: {=IF(FALSE,"True," & IF(_xlfn.XLOOKUP("Action_IsDenyOrDrop",'Scoring_Config'!$A:$A,'Scoring_Config'!$D:$D,"Yes")="Yes",_xlfn.XLOOKUP("Action_IsDenyOrDrop",'Scoring_Config'!$A:$A,'Scoring_Config'!$C:$C,0),0),"False,0")} -> 0 | AX3: {=IF(LEFT(AW3,4)="True",0,(IF(LEFT(Y3,4)="True",IF(_xlfn.XLOOKUP("Src_IsAny",'Scoring_Config'!$A:$A,'Scoring_Config'!$D:$D,"Yes")="Yes",_xlfn.XLOOKUP("Src_IsAny",'Scoring_Config'!$A:$A,'Scoring_Config'!$C:$C,10),0),0)+IF(LEFT(Z3,4)="True",IF(_xlfn.XLOOKUP("Src_CIDR_Le_16",'Scoring_Config'!$A:$A,'Scoring_Config'!$D:$D,"Yes")="Yes",_xlfn.XLOOKUP("Src_CIDR_Le_16",'Scoring_Config'!$A:$A,'Scoring_Config'!$C:$C,10),0),0)+IF(LEFT(AA3,4)="True",IF(_xlfn.XLOOKUP("Src_CIDR_17_22",'Scoring_Config'!$A:$A,'Scoring_Config'!$D:$D,"Yes")="Yes",_xlfn.XLOOKUP("Src_CIDR_17_22",'Scoring_Config'!$A:$A,'Scoring_Config'!$C:$C,5),0),0)+IF(LEFT(AB3,4)="True",IF(_xlfn.XLOOKUP("Dst_IsAny",'Scoring_Config'!$A:$A,'Scoring_Config'!$D:$D,"Yes")="Yes",_xlfn.XLOOKUP("Dst_IsAny",'Scoring_Config'!$A:$A,'Scoring_Config'!$C:$C,10),0),0)+IF(LEFT(AC3,4)="True",IF(_xlfn.XLOOKUP("Dst_CIDR_Le_16",'Scoring_Config'!$A:$A,'Scoring_Config'!$D:$D,"Yes")="Yes",_xlfn.XLOOKUP("Dst_CIDR_Le_16",'Scoring_Config'!$A:$A,'Scoring_Config'!$C:$C,10),0),0)+IF(LEFT(AD3,4)="True",IF(_xlfn.XLOOKUP("Dst_CIDR_17_22",'Scoring_Config'!$A:$A,'Scoring_Config'!$D:$D,"Yes")="Yes",_xlfn.XLOOKUP("Dst_CIDR_17_22",'Scoring_Config'!$A:$A,'Scoring_Config'!$C:$C,5),0),0)+IF(LEFT(AE3,4)="True",IF(_xlfn.XLOOKUP("SrcZone_IsAny",'Scoring_Config'!$A:$A,'Scoring_Config'!$D:$D,"Yes")="Yes",_xlfn.XLOOKUP("SrcZone_IsAny",'Scoring_Config'!$A:$A,'Scoring_Config'!$C:$C,10),0),0)+IF(LEFT(AF3,4)="True",IF(_xlfn.XLOOKUP("DstZone_IsAny",'Scoring_Config'!$A:$A,'Scoring_Config'!$D:$D,"Yes")="Yes",_xlfn.XLOOKUP("DstZone_IsAny",'Scoring_Config'!$A:$A,'Scoring_Config'!$C:$C,10),0),0)+IF(LEFT(AG3,4)="True",IF(_xlfn.XLOOKUP("Service_Any_OR_RangeGt1000",'Scoring_Config'!$A:$A,'Scoring_Config'!$D:$D,"Yes")="Yes",_xlfn.XLOOKUP("Service_Any_OR_RangeGt1000",'Scoring_Config'!$A:$A,'Scoring_Config'!$C:$C,10),0),0)+IF(LEFT(AH3,4)="True",IF(_xlfn.XLOOKUP("App_Any_OR_RangeGt1000",'Scoring_Config'!$A:$A,'Scoring_Config'!$D:$D,"Yes")="Yes",_xlfn.XLOOKUP("App_Any_OR_RangeGt1000",'Scoring_Config'!$A:$A,'Scoring_Config'!$C:$C,10),0),0)+IF(LEFT(AI3,4)="True",IF(_xlfn.XLOOKUP("Service_Insecure_Match",'Scoring_Config'!$A:$A,'Scoring_Config'!$D:$D,"Yes")="Yes",_xlfn.XLOOKUP("Service_Insecure_Match",'Scoring_Config'!$A:$A,'Scoring_Config'!$C:$C,5),0),0)+IF(LEFT(AJ3,4)="True",IF(_xlfn.XLOOKUP("Risky_Inbound",'Scoring_Config'!$A:$A,'Scoring_Config'!$D:$D,"Yes")="Yes",_xlfn.XLOOKUP("Risky_Inbound",'Scoring_Config'!$A:$A,'Scoring_Config'!$C:$C,50),0),0)+IF(LEFT(AK3,4)="True",IF(_xlfn.XLOOKUP("Risky_Outbound",'Scoring_Config'!$A:$A,'Scoring_Config'!$D:$D,"Yes")="Yes",_xlfn.XLOOKUP("Risky_Outbound",'Scoring_Config'!$A:$A,'Scoring_Config'!$C:$C,25),0),0)+IF(LEFT(AZ3,4)="True",IF(_xlfn.XLOOKUP("Migrate_Insecure",'Scoring_Config'!$A:$A,'Scoring_Config'!$D:$D,"Yes")="Yes",_xlfn.XLOOKUP("Migrate_Insecure",'Scoring_Config'!$A:$A,'Scoring_Config'!$C:$C,10),0),0)+IF(_xlfn.XLOOKUP("Rule_Usage_Scoring",'Scoring_Config'!$A:$A,'Scoring_Config'!$D:$D,"Yes")="Yes",VALUE(MID(AL3,FIND(",",AL3)+1,100)),0)+IF(LEFT(AM3,4)="True",IF(_xlfn.XLOOKUP("Rule_Usage_Description_Scoring",'Scoring_Config'!$A:$A,'Scoring_Config'!$D:$D,"Yes")="Yes",_xlfn.XLOOKUP("Rule_Usage_Description_Scoring",'Scoring_Config'!$A:$A,'Scoring_Config'!$C:$C,4),0),0)+IF(_xlfn.XLOOKUP("Source_User_Scoring",'Scoring_Config'!$A:$A,'Scoring_Config'!$D:$D,"Yes")="Yes",VALUE(MID(AN3,FIND(",",AN3)+1,100)),0)+IF(_xlfn.XLOOKUP("Profile_Scoring",'Scoring_Config'!$A:$A,'Scoring_Config'!$D:$D,"Yes")="Yes",VALUE(MID(AO3,FIND(",",AO3)+1,100)),0)+IF(_xlfn.XLOOKUP("Options_Scoring",'Scoring_Config'!$A:$A,'Scoring_Config'!$D:$D,"Yes")="Yes",VALUE(MID(AP3,FIND(",",AP3)+1,100)),0)))} -> 0 | AZ3: {=IF(FALSE,"True," & IF(_xlfn.XLOOKUP("Migrate_Insecure",'Scoring_Config'!$A:$A,'Scoring_Config'!$D:$D,"Yes")="Yes",_xlfn.XLOOKUP("Migrate_Insecure",'Scoring_Config'!$A:$A,'Scoring_Config'!$C:$C,10),0),"False,0")} -> 0
A4: otpcnfw-bvl-hoc Policies.csv | B4: Internet Access - Netscaler Proxy to Internet | C4: otpcnfw-bvl-hoc | D4: none | E4: universal | F4: dmz-nsmgmt | G4: 172.26.34.12; 172.27.34.12 | H4: any | I4: dmz-copent | J4: [Negate] grp-ConocoPhillips | K4: 41002,443,tcp; 443,80,tcp; 443,80,9418,tcp; 443,5222-5224,5228,5229,80,tcp; 1080,3128,443,80,8000,8080,tcp; 443,80,8530,8531,tcp; 443,80,8080,tcp; 443,tcp; 3978,444,tcp; 443,444,80,tcp; 28443,443,tcp; 8000,8004,8089,9887,9989,9997,9998,tcp; 22,tcp; 80,tcp; 443,80,8443,tcp | L4: application-default | M4: Allow | N4: Profile Group: threat-prevention-only | O4: Traffic log sent at session end;Log Forwarding Profile setting: Forward to Panorama | P4: Used | R4: 43 | S4: 1 | T4: 8/7/2025 16:10 | U4: 2/10/2024 9:58 | Y4: {=IF(FALSE,"True," & IF(_xlfn.XLOOKUP("Src_IsAny",'Scoring_Config'!$A:$A,'Scoring_Config'!$D:$D,"Yes")="Yes",_xlfn.XLOOKUP("Src_IsAny",'Scoring_Config'!$A:$A,'Scoring_Config'!$C:$C,10),0),"False,0")} -> 0 | Z4: {=IF(FALSE,"True," & IF(_xlfn.XLOOKUP("Src_CIDR_Le_16",'Scoring_Config'!$A:$A,'Scoring_Config'!$D:$D,"Yes")="Yes",_xlfn.XLOOKUP("Src_CIDR_Le_16",'Scoring_Config'!$A:$A,'Scoring_Config'!$C:$C,10),0),"False,0")} -> 0 | AA4: {=IF(FALSE,"True," & IF(_xlfn.XLOOKUP("Src_CIDR_17_22",'Scoring_Config'!$A:$A,'Scoring_Config'!$D:$D,"Yes")="Yes",_xlfn.XLOOKUP("Src_CIDR_17_22",'Scoring_Config'!$A:$A,'Scoring_Config'!$C:$C,5),0),"False,0")} -> 0 | AB4: {=IF(FALSE,"True," & IF(_xlfn.XLOOKUP("Dst_IsAny",'Scoring_Config'!$A:$A,'Scoring_Config'!$D:$D,"Yes")="Yes",_xlfn.XLOOKUP("Dst_IsAny",'Scoring_Config'!$A:$A,'Scoring_Config'!$C:$C,10),0),"False,0")} -> 0 | AC4: {=IF(FALSE,"True," & IF(_xlfn.XLOOKUP("Dst_CIDR_Le_16",'Scoring_Config'!$A:$A,'Scoring_Config'!$D:$D,"Yes")="Yes",_xlfn.XLOOKUP("Dst_CIDR_Le_16",'Scoring_Config'!$A:$A,'Scoring_Config'!$C:$C,10),0),"False,0")} -> 0 | AD4: {=IF(FALSE,"True," & IF(_xlfn.XLOOKUP("Dst_CIDR_17_22",'Scoring_Config'!$A:$A,'Scoring_Config'!$D:$D,"Yes")="Yes",_xlfn.XLOOKUP("Dst_CIDR_17_22",'Scoring_Config'!$A:$A,'Scoring_Config'!$C:$C,5),0),"False,0")} -> 0 | AE4: {=IF(FALSE,"True," & IF(_xlfn.XLOOKUP("SrcZone_IsAny",'Scoring_Config'!$A:$A,'Scoring_Config'!$D:$D,"Yes")="Yes",_xlfn.XLOOKUP("SrcZone_IsAny",'Scoring_Config'!$A:$A,'Scoring_Config'!$C:$C,10),0),"False,0")} -> 0 | AF4: {=IF(FALSE,"True," & IF(_xlfn.XLOOKUP("DstZone_IsAny",'Scoring_Config'!$A:$A,'Scoring_Config'!$D:$D,"Yes")="Yes",_xlfn.XLOOKUP("DstZone_IsAny",'Scoring_Config'!$A:$A,'Scoring_Config'!$C:$C,10),0),"False,0")} -> 0 | AG4: {=IF(FALSE,"True," & IF(_xlfn.XLOOKUP("Service_Any_OR_RangeGt1000",'Scoring_Config'!$A:$A,'Scoring_Config'!$D:$D,"Yes")="Yes",_xlfn.XLOOKUP("Service_Any_OR_RangeGt1000",'Scoring_Config'!$A:$A,'Scoring_Config'!$C:$C,10),0),"False,0")} -> 0 | AH4: {=IF(FALSE,"True," & IF(_xlfn.XLOOKUP("App_Any_OR_RangeGt1000",'Scoring_Config'!$A:$A,'Scoring_Config'!$D:$D,"Yes")="Yes",_xlfn.XLOOKUP("App_Any_OR_RangeGt1000",'Scoring_Config'!$A:$A,'Scoring_Config'!$C:$C,10),0),"False,0")} -> 0 | AI4: {=IF(FALSE,"True," & IF(_xlfn.XLOOKUP("Service_Insecure_Match",'Scoring_Config'!$A:$A,'Scoring_Config'!$D:$D,"Yes")="Yes",_xlfn.XLOOKUP("Service_Insecure_Match",'Scoring_Config'!$A:$A,'Scoring_Config'!$C:$C,5),0),"False,0")} -> 0 | AJ4: {=IF(FALSE,"True," & IF(_xlfn.XLOOKUP("Risky_Inbound",'Scoring_Config'!$A:$A,'Scoring_Config'!$D:$D,"Yes")="Yes",_xlfn.XLOOKUP("Risky_Inbound",'Scoring_Config'!$A:$A,'Scoring_Config'!$C:$C,50),0),"False,0")} -> 0 | AK4: {=IF(FALSE,"True," & IF(_xlfn.XLOOKUP("Risky_Outbound",'Scoring_Config'!$A:$A,'Scoring_Config'!$D:$D,"Yes")="Yes",_xlfn.XLOOKUP("Risky_Outbound",'Scoring_Config'!$A:$A,'Scoring_Config'!$C:$C,25),0),"False,0")} -> 0 | AL4: False,0 | AM4: {=IF(TRUE,"True," & IF(_xlfn.XLOOKUP("Rule_Usage_Description_Scoring",'Scoring_Config'!$A:$A,'Scoring_Config'!$D:$D,"Yes")="Yes",_xlfn.XLOOKUP("Rule_Usage_Description_Scoring",'Scoring_Config'!$A:$A,'Scoring_Config'!$C:$C,4),0),"False,0")} -> 0 | AN4: False,0 | AO4: False,0 | AP4: False,0 | AQ4: {=IF(FALSE,"True," & IF(_xlfn.XLOOKUP("Service_IsAny",'Scoring_Config'!$A:$A,'Scoring_Config'!$D:$D,"Yes")="Yes",_xlfn.XLOOKUP("Service_IsAny",'Scoring_Config'!$A:$A,'Scoring_Config'!$C:$C,0),0),"False,0")} -> 0 | AR4: 0 | AS4: {=IF(FALSE,"True," & IF(_xlfn.XLOOKUP("Service_RangeGt1000",'Scoring_Config'!$A:$A,'Scoring_Config'!$D:$D,"Yes")="Yes",_xlfn.XLOOKUP("Service_RangeGt1000",'Scoring_Config'!$A:$A,'Scoring_Config'!$C:$C,0),0),"False,0")} -> 0 | AT4: {=IF(FALSE,"True," & IF(_xlfn.XLOOKUP("App_IsAny",'Scoring_Config'!$A:$A,'Scoring_Config'!$D:$D,"Yes")="Yes",_xlfn.XLOOKUP("App_IsAny",'Scoring_Config'!$A:$A,'Scoring_Config'!$C:$C,0),0),"False,0")} -> 0 | AU4: 26 | AV4: {=IF(FALSE,"True," & IF(_xlfn.XLOOKUP("App_RangeGt1000",'Scoring_Config'!$A:$A,'Scoring_Config'!$D:$D,"Yes")="Yes",_xlfn.XLOOKUP("App_RangeGt1000",'Scoring_Config'!$A:$A,'Scoring_Config'!$C:$C,0),0),"False,0")} -> 0 | AW4: {=IF(FALSE,"True," & IF(_xlfn.XLOOKUP("Action_IsDenyOrDrop",'Scoring_Config'!$A:$A,'Scoring_Config'!$D:$D,"Yes")="Yes",_xlfn.XLOOKUP("Action_IsDenyOrDrop",'Scoring_Config'!$A:$A,'Scoring_Config'!$C:$C,0),0),"False,0")} -> 0 | AX4: {=IF(LEFT(AW4,4)="True",0,(IF(LEFT(Y4,4)="True",IF(_xlfn.XLOOKUP("Src_IsAny",'Scoring_Config'!$A:$A,'Scoring_Config'!$D:$D,"Yes")="Yes",_xlfn.XLOOKUP("Src_IsAny",'Scoring_Config'!$A:$A,'Scoring_Config'!$C:$C,10),0),0)+IF(LEFT(Z4,4)="True",IF(_xlfn.XLOOKUP("Src_CIDR_Le_16",'Scoring_Config'!$A:$A,'Scoring_Config'!$D:$D,"Yes")="Yes",_xlfn.XLOOKUP("Src_CIDR_Le_16",'Scoring_Config'!$A:$A,'Scoring_Config'!$C:$C,10),0),0)+IF(LEFT(AA4,4)="True",IF(_xlfn.XLOOKUP("Src_CIDR_17_22",'Scoring_Config'!$A:$A,'Scoring_Config'!$D:$D,"Yes")="Yes",_xlfn.XLOOKUP("Src_CIDR_17_22",'Scoring_Config'!$A:$A,'Scoring_Config'!$C:$C,5),0),0)+IF(LEFT(AB4,4)="True",IF(_xlfn.XLOOKUP("Dst_IsAny",'Scoring_Config'!$A:$A,'Scoring_Config'!$D:$D,"Yes")="Yes",_xlfn.XLOOKUP("Dst_IsAny",'Scoring_Config'!$A:$A,'Scoring_Config'!$C:$C,10),0),0)+IF(LEFT(AC4,4)="True",IF(_xlfn.XLOOKUP("Dst_CIDR_Le_16",'Scoring_Config'!$A:$A,'Scoring_Config'!$D:$D,"Yes")="Yes",_xlfn.XLOOKUP("Dst_CIDR_Le_16",'Scoring_Config'!$A:$A,'Scoring_Config'!$C:$C,10),0),0)+IF(LEFT(AD4,4)="True",IF(_xlfn.XLOOKUP("Dst_CIDR_17_22",'Scoring_Config'!$A:$A,'Scoring_Config'!$D:$D,"Yes")="Yes",_xlfn.XLOOKUP("Dst_CIDR_17_22",'Scoring_Config'!$A:$A,'Scoring_Config'!$C:$C,5),0),0)+IF(LEFT(AE4,4)="True",IF(_xlfn.XLOOKUP("SrcZone_IsAny",'Scoring_Config'!$A:$A,'Scoring_Config'!$D:$D,"Yes")="Yes",_xlfn.XLOOKUP("SrcZone_IsAny",'Scoring_Config'!$A:$A,'Scoring_Config'!$C:$C,10),0),0)+IF(LEFT(AF4,4)="True",IF(_xlfn.XLOOKUP("DstZone_IsAny",'Scoring_Config'!$A:$A,'Scoring_Config'!$D:$D,"Yes")="Yes",_xlfn.XLOOKUP("DstZone_IsAny",'Scoring_Config'!$A:$A,'Scoring_Config'!$C:$C,10),0),0)+IF(LEFT(AG4,4)="True",IF(_xlfn.XLOOKUP("Service_Any_OR_RangeGt1000",'Scoring_Config'!$A:$A,'Scoring_Config'!$D:$D,"Yes")="Yes",_xlfn.XLOOKUP("Service_Any_OR_RangeGt1000",'Scoring_Config'!$A:$A,'Scoring_Config'!$C:$C,10),0),0)+IF(LEFT(AH4,4)="True",IF(_xlfn.XLOOKUP("App_Any_OR_RangeGt1000",'Scoring_Config'!$A:$A,'Scoring_Config'!$D:$D,"Yes")="Yes",_xlfn.XLOOKUP("App_Any_OR_RangeGt1000",'Scoring_Config'!$A:$A,'Scoring_Config'!$C:$C,10),0),0)+IF(LEFT(AI4,4)="True",IF(_xlfn.XLOOKUP("Service_Insecure_Match",'Scoring_Config'!$A:$A,'Scoring_Config'!$D:$D,"Yes")="Yes",_xlfn.XLOOKUP("Service_Insecure_Match",'Scoring_Config'!$A:$A,'Scoring_Config'!$C:$C,5),0),0)+IF(LEFT(AJ4,4)="True",IF(_xlfn.XLOOKUP("Risky_Inbound",'Scoring_Config'!$A:$A,'Scoring_Config'!$D:$D,"Yes")="Yes",_xlfn.XLOOKUP("Risky_Inbound",'Scoring_Config'!$A:$A,'Scoring_Config'!$C:$C,50),0),0)+IF(LEFT(AK4,4)="True",IF(_xlfn.XLOOKUP("Risky_Outbound",'Scoring_Config'!$A:$A,'Scoring_Config'!$D:$D,"Yes")="Yes",_xlfn.XLOOKUP("Risky_Outbound",'Scoring_Config'!$A:$A,'Scoring_Config'!$C:$C,25),0),0)+IF(LEFT(AZ4,4)="True",IF(_xlfn.XLOOKUP("Migrate_Insecure",'Scoring_Config'!$A:$A,'Scoring_Config'!$D:$D,"Yes")="Yes",_xlfn.XLOOKUP("Migrate_Insecure",'Scoring_Config'!$A:$A,'Scoring_Config'!$C:$C,10),0),0)+IF(_xlfn.XLOOKUP("Rule_Usage_Scoring",'Scoring_Config'!$A:$A,'Scoring_Config'!$D:$D,"Yes")="Yes",VALUE(MID(AL4,FIND(",",AL4)+1,100)),0)+IF(LEFT(AM4,4)="True",IF(_xlfn.XLOOKUP("Rule_Usage_Description_Scoring",'Scoring_Config'!$A:$A,'Scoring_Config'!$D:$D,"Yes")="Yes",_xlfn.XLOOKUP("Rule_Usage_Description_Scoring",'Scoring_Config'!$A:$A,'Scoring_Config'!$C:$C,4),0),0)+IF(_xlfn.XLOOKUP("Source_User_Scoring",'Scoring_Config'!$A:$A,'Scoring_Config'!$D:$D,"Yes")="Yes",VALUE(MID(AN4,FIND(",",AN4)+1,100)),0)+IF(_xlfn.XLOOKUP("Profile_Scoring",'Scoring_Config'!$A:$A,'Scoring_Config'!$D:$D,"Yes")="Yes",VALUE(MID(AO4,FIND(",",AO4)+1,100)),0)+IF(_xlfn.XLOOKUP("Options_Scoring",'Scoring_Config'!$A:$A,'Scoring_Config'!$D:$D,"Yes")="Yes",VALUE(MID(AP4,FIND(",",AP4)+1,100)),0)))} -> 0 | AZ4: {=IF(FALSE,"True," & IF(_xlfn.XLOOKUP("Migrate_Insecure",'Scoring_Config'!$A:$A,'Scoring_Config'!$D:$D,"Yes")="Yes",_xlfn.XLOOKUP("Migrate_Insecure",'Scoring_Config'!$A:$A,'Scoring_Config'!$C:$C,10),0),"False,0")} -> 0
