Workbook

Sheet Raw Data
A1: Source_File | B1: Name | C1: Location | D1: Tags | E1: Type | F1: Source Zone | G1: Source Address_original | H1: Source Address | I1: Source User | J1: Destination Zone | K1: Destination Address_original | L1: Destination Address | M1: Application_original | N1: Application | O1: Service_original | P1: Service | Q1: Action | R1: Profile | S1: Options | T1: Rule Usage Rule Usage | U1: Rule Usage Description | V1: Rule Usage Apps Seen | W1: Days With No New Apps | X1: Modified | Y1: Created | Z1: Rule Usage First Hit | AA1: Rule Usage Hit Count | AB1: Rule Usage Last Hit | AC1: Src_IsAny | AD1: Src_CIDR_Le_16 | AE1: Src_CIDR_17_22 | AF1: Dst_IsAny | AG1: Dst_CIDR_Le_16 | AH1: Dst_CIDR_17_22 | AI1: SrcZone_IsAny | AJ1: DstZone_IsAny | AK1: Service_Any_OR_RangeGt1000 | AL1: App_Any_OR_RangeGt1000 | AM1: Service_Insecure_Match | AN1: Risky_Inbound | AO1: Risky_Outbound | AP1: Rule_Usage_Scoring | AQ1: Rule_Usage_Description_Scoring | AR1: Source_User_Scoring | AS1: Profile_Scoring | AT1: Options_Scoring | AU1: Action_IsDenyOrDrop | AV1: Migrate Insecure_AppID | AW1: Migrate_Insecure | AX1: Migrate_Other_ports | AY1: Migrate_Other_ports_Score | AZ1: Score_Total
A2: DC_Policies_Export.csv | B2: Block_DMZ_to_Mgmt_VNC | C2: la-datacenterfw | E2: universal | F2: DMZ | G2: net-tier-10_1_3_0_24 | H2: 10.1.3.0/24 | I2: any | J2: Mgmt | K2: 10.1.1.0/24 | L2: 10.1.1.0/24 | M2: LA_App_Any_And_Web | N2: 443,tcp; 80,tcp; any | O2: vnc-tcp-5900 | P2: TCP/5900 | Q2: deny | R2: threat-prevention | S2: log at both ends | T2: 9019 | U2: Exception tracked in INC849758 pending remediation | V2: unknown-tcp | W2: 156 | X2: 2025-06-28 01:07:58 | Y2: 2022-07-05 01:07:58 | AC2: {=IF(FALSE,"True," & IF(_xlfn.XLOOKUP("Src_IsAny",'Scoring_Config'!$A:$A,'Scoring_Config'!$D:$D,"Yes")="Yes",_xlfn.XLOOKUP("Src_IsAny",'Scoring_Config'!$A:$A,'Scoring_Config'!$C:$C,25),0),"False,0")} -> 0 | AD2: {=IF(FALSE,"True," & IF(_xlfn.XLOOKUP("Src_CIDR_Le_16",'Scoring_Config'!$A:$A,'Scoring_Config'!$D:$D,"Yes")="Yes",_xlfn.XLOOKUP("Src_CIDR_Le_16",'Scoring_Config'!$A:$A,'Scoring_Config'!$C:$C,25),0),"False,0")} -> 0 | AE2: {=IF(FALSE,"True," & IF(_xlfn.XLOOKUP("Src_CIDR_17_22",'Scoring_Config'!$A:$A,'Scoring_Config'!$D:$D,"Yes")="Yes",_xlfn.XLOOKUP("Src_CIDR_17_22",'Scoring_Config'!$A:$A,'Scoring_Config'!$C:$C,15),0),"False,0")} -> 0 | AF2: {=IF(FALSE,"True," & IF(_xlfn.XLOOKUP("Dst_IsAny",'Scoring_Config'!$A:$A,'Scoring_Config'!$D:$D,"Yes")="Yes",_xlfn.XLOOKUP("Dst_IsAny",'Scoring_Config'!$A:$A,'Scoring_Config'!$C:$C,25),0),"False,0")} -> 0 | AG2: {=IF(FALSE,"True," & IF(_xlfn.XLOOKUP("Dst_CIDR_Le_16",'Scoring_Config'!$A:$A,'Scoring_Config'!$D:$D,"Yes")="Yes",_xlfn.XLOOKUP("Dst_CIDR_Le_16",'Scoring_Config'!$A:$A,'Scoring_Config'!$C:$C,25),0),"False,0")} -> 0 | AH2: {=IF(FALSE,"True," & IF(_xlfn.XLOOKUP("Dst_CIDR_17_22",'Scoring_Config'!$A:$A,'Scoring_Config'!$D:$D,"Yes")="Yes",_xlfn.XLOOKUP("Dst_CIDR_17_22",'Scoring_Config'!$A:$A,'Scoring_Config'!$C:$C,15),0),"False,0")} -> 0 | AI2: {=IF(FALSE,"True," & IF(_xlfn.XLOOKUP("SrcZone_IsAny",'Scoring_Config'!$A:$A,'Scoring_Config'!$D:$D,"Yes")="Yes",_xlfn.XLOOKUP("SrcZone_IsAny",'Scoring_Config'!$A:$A,'Scoring_Config'!$C:$C,5),0),"False,0")} -> 0 | AJ2: {=IF(FALSE,"True," & IF(_xlfn.XLOOKUP("DstZone_IsAny",'Scoring_Config'!$A:$A,'Scoring_Config'!$D:$D,"Yes")="Yes",_xlfn.XLOOKUP("DstZone_IsAny",'Scoring_Config'!$A:$A,'Scoring_Config'!$C:$C,5),0),"False,0")} -> 0 | AK2: {=IF(FALSE,"True," & IF(_xlfn.XLOOKUP("Service_Any_OR_RangeGt1000",'Scoring_Config'!$A:$A,'Scoring_Config'!$D:$D,"Yes")="Yes",_xlfn.XLOOKUP("Service_Any_OR_RangeGt1000",'Scoring_Config'!$A:$A,'Scoring_Config'!$C:$C,25),0),"False,0")} -> 0 | AL2: {=IF(TRUE,"True," & IF(_xlfn.XLOOKUP("App_Any_OR_RangeGt1000",'Scoring_Config'!$A:$A,'Scoring_Config'!$D:$D,"Yes")="Yes",_xlfn.XLOOKUP("App_Any_OR_RangeGt1000",'Scoring_Config'!$A:$A,'Scoring_Config'!$C:$C,25),0),"False,0")} -> 0 | AM2: {=IF(TRUE,"True," & IF(_xlfn.XLOOKUP("Service_Insecure_Match",'Scoring_Config'!$A:$A,'Scoring_Config'!$D:$D,"Yes")="Yes",_xlfn.XLOOKUP("Service_Insecure_Match",'Scoring_Config'!$A:$A,'Scoring_Config'!$C:$C,20),0),"False,0")} -> 0 | AN2: {=IF(FALSE,"True," & IF(_xlfn.XLOOKUP("Risky_Inbound",'Scoring_Config'!$A:$A,'Scoring_Config'!$D:$D,"Yes")="Yes",_xlfn.XLOOKUP("Risky_Inbound",'Scoring_Config'!$A:$A,'Scoring_Config'!$C:$C,20),0),"False,0")} -> 0 | AO2: {=IF(FALSE,"True," & IF(_xlfn.XLOOKUP("Risky_Outbound",'Scoring_Config'!$A:$A,'Scoring_Config'!$D:$D,"Yes")="Yes",_xlfn.XLOOKUP("Risky_Outbound",'Scoring_Config'!$A:$A,'Scoring_Config'!$C:$C,10),0),"False,0")} -> 0 | AP2: True,5 | AQ2: {=IF(FALSE,"True," & IF(_xlfn.XLOOKUP("Rule_Usage_Description_Scoring",'Scoring_Config'!$A:$A,'Scoring_Config'!$D:$D,"Yes")="Yes",_xlfn.XLOOKUP("Rule_Usage_Description_Scoring",'Scoring_Config'!$A:$A,'Scoring_Config'!$C:$C,5),0),"False,0")} -> 0 | AR2: False,0 | AS2: False,0 | AT2: False,0 | AU2: {=IF(TRUE,"True," & IF(_xlfn.XLOOKUP("Action_IsDenyOrDrop",'Scoring_Config'!$A:$A,'Scoring_Config'!$D:$D,"Yes")="Yes",_xlfn.XLOOKUP("Action_IsDenyOrDrop",'Scoring_Config'!$A:$A,'Scoring_Config'!$C:$C,0),0),"False,0")} -> 0 | AW2: {=IF(FALSE,"True," & IF(_xlfn.XLOOKUP("Migrate_Insecure",'Scoring_Config'!$A:$A,'Scoring_Config'!$D:$D,"Yes")="Yes",_xlfn.XLOOKUP("Migrate_Insecure",'Scoring_Config'!$A:$A,'Scoring_Config'!$C:$C,15),0),"False,0")} -> 0 | AY2: {=IF(FALSE,"True," & IF(_xlfn.XLOOKUP("Migrate_Other_Ports",'Scoring_Config'!$A:$A,'Scoring_Config'!$D:$D,"Yes")="Yes",_xlfn.XLOOKUP("Migrate_Other_Ports",'Scoring_Config'!$A:$A,'Scoring_Config'!$C:$C,5),0),"False,0")} -> 0 | AZ2: {=IF(LEFT(AU2,4)="True",0,(IF(LEFT(AC2,4)="True",IF(_xlfn.XLOOKUP("Src_IsAny",'Scoring_Config'!$A:$A,'Scoring_Config'!$D:$D,"Yes")="Yes",_xlfn.XLOOKUP("Src_IsAny",'Scoring_Config'!$A:$A,'Scoring_Config'!$C:$C,25),0),0)+IF(LEFT(AD2,4)="True",IF(_xlfn.XLOOKUP("Src_CIDR_Le_16",'Scoring_Config'!$A:$A,'Scoring_Config'!$D:$D,"Yes")="Yes",_xlfn.XLOOKUP("Src_CIDR_Le_16",'Scoring_Config'!$A:$A,'Scoring_Config'!$C:$C,25),0),0)+IF(LEFT(AE2,4)="True",IF(_xlfn.XLOOKUP("Src_CIDR_17_22",'Scoring_Config'!$A:$A,'Scoring_Config'!$D:$D,"Yes")="Yes",_xlfn.XLOOKUP("Src_CIDR_17_22",'Scoring_Config'!$A:$A,'Scoring_Config'!$C:$C,15),0),0)+IF(LEFT(AF2,4)="True",IF(_xlfn.XLOOKUP("Dst_IsAny",'Scoring_Config'!$A:$A,'Scoring_Config'!$D:$D,"Yes")="Yes",_xlfn.XLOOKUP("Dst_IsAny",'Scoring_Config'!$A:$A,'Scoring_Config'!$C:$C,25),0),0)+IF(LEFT(AG2,4)="True",IF(_xlfn.XLOOKUP("Dst_CIDR_Le_16",'Scoring_Config'!$A:$A,'Scoring_Config'!$D:$D,"Yes")="Yes",_xlfn.XLOOKUP("Dst_CIDR_Le_16",'Scoring_Config'!$A:$A,'Scoring_Config'!$C:$C,25),0),0)+IF(LEFT(AH2,4)="True",IF(_xlfn.XLOOKUP("Dst_CIDR_17_22",'Scoring_Config'!$A:$A,'Scoring_Config'!$D:$D,"Yes")="Yes",_xlfn.XLOOKUP("Dst_CIDR_17_22",'Scoring_Config'!$A:$A,'Scoring_Config'!$C:$C,15),0),0)+IF(LEFT(AI2,4)="True",IF(_xlfn.XLOOKUP("SrcZone_IsAny",'Scoring_Config'!$A:$A,'Scoring_Config'!$D:$D,"Yes")="Yes",_xlfn.XLOOKUP("SrcZone_IsAny",'Scoring_Config'!$A:$A,'Scoring_Config'!$C:$C,5),0),0)+IF(LEFT(AJ2,4)="True",IF(_xlfn.XLOOKUP("DstZone_IsAny",'Scoring_Config'!$A:$A,'Scoring_Config'!$D:$D,"Yes")="Yes",_xlfn.XLOOKUP("DstZone_IsAny",'Scoring_Config'!$A:$A,'Scoring_Config'!$C:$C,5),0),0)+IF(LEFT(AK2,4)="True",IF(_xlfn.XLOOKUP("Service_Any_OR_RangeGt1000",'Scoring_Config'!$A:$A,'Scoring_Config'!$D:$D,"Yes")="Yes",_xlfn.XLOOKUP("Service_Any_OR_RangeGt1000",'Scoring_Config'!$A:$A,'Scoring_Config'!$C:$C,25),0),0)+IF(LEFT(AL2,4)="True",IF(_xlfn.XLOOKUP("App_Any_OR_RangeGt1000",'Scoring_Config'!$A:$A,'Scoring_Config'!$D:$D,"Yes")="Yes",_xlfn.XLOOKUP("App_Any_OR_RangeGt1000",'Scoring_Config'!$A:$A,'Scoring_Config'!$C:$C,25),0),0)+IF(LEFT(AM2,4)="True",IF(_xlfn.XLOOKUP("Service_Insecure_Match",'Scoring_Config'!$A:$A,'Scoring_Config'!$D:$D,"Yes")="Yes",_xlfn.XLOOKUP("Service_Insecure_Match",'Scoring_Config'!$A:$A,'Scoring_Config'!$C:$C,20),0),0)+IF(LEFT(AN2,4)="True",IF(_xlfn.XLOOKUP("Risky_Inbound",'Scoring_Config'!$A:$A,'Scoring_Config'!$D:$D,"Yes")="Yes",_xlfn.XLOOKUP("Risky_Inbound",'Scoring_Config'!$A:$A,'Scoring_Config'!$C:$C,20),0),0)+IF(LEFT(AO2,4)="True",IF(_xlfn.XLOOKUP("Risky_Outbound",'Scoring_Config'!$A:$A,'Scoring_Config'!$D:$D,"Yes")="Yes",_xlfn.XLOOKUP("Risky_Outbound",'Scoring_Config'!$A:$A,'Scoring_Config'!$C:$C,10),0),0)+IF(LEFT(AW2,4)="True",IF(_xlfn.XLOOKUP("Migrate_Insecure",'Scoring_Config'!$A:$A,'Scoring_Config'!$D:$D,"Yes")="Yes",_xlfn.XLOOKUP("Migrate_Insecure",'Scoring_Config'!$A:$A,'Scoring_Config'!$C:$C,15),0),0)+IF(LEFT(AY2,4)="True",IF(_xlfn.XLOOKUP("Migrate_Other_Ports",'Scoring_Config'!$A:$A,'Scoring_Config'!$D:$D,"Yes")="Yes",_xlfn.XLOOKUP("Migrate_Other_Ports",'Scoring_Config'!$A:$A,'Scoring_Config'!$C:$C,5),0),0)+IF(_xlfn.XLOOKUP("Rule_Usage_Scoring",'Scoring_Config'!$A:$A,'Scoring_Config'!$D:$D,"Yes")="Yes",VALUE(MID(AP2,FIND(",",AP2)+1,100)),0)+IF(LEFT(AQ2,4)="True",IF(_xlfn.XLOOKUP("Rule_Usage_Description_Scoring",'Scoring_Config'!$A:$A,'Scoring_Config'!$D:$D,"Yes")="Yes",_xlfn.XLOOKUP("Rule_Usage_Description_Scoring",'Scoring_Config'!$A:$A,'Scoring_Config'!$C:$C,5),0),0)+IF(_xlfn.XLOOKUP("Source_User_Scoring",'Scoring_Config'!$A:$A,'Scoring_Config'!$D:$D,"Yes")="Yes",VALUE(MID(AR2,FIND(",",AR2)+1,100)),0)+IF(_xlfn.XLOOKUP("Profile_Scoring",'Scoring_Config'!$A:$A,'Scoring_Config'!$D:$D,"Yes")="Yes",VALUE(MID(AS2,FIND(",",AS2)+1,100)),0)+IF(_xlfn.XLOOKUP("Options_Scoring",'Scoring_Config'!$A:$A,'Scoring_Config'!$D:$D,"Yes")="Yes",VALUE(MID(AT2,FIND(",",AT2)+1,100)),0)))} -> 0
A3: DC_Policies_Export.csv | B3: Allow_Guest_to_DMZ_SMTP | C3: la-datacenterfw | E3: universal | F3: Untrust | G3: any | H3: any | I3: domain\itops | J3: Trust | K3: any | L3: any | M3: any | N3: any | O3: telnet-tcp-23 | P3: TCP/23 | Q3: allow | R3: none | S3: Traffic log sent at session end | T3: 1553 | V3: dns | W3: 188 | X3: 2025-03-29 21:09:58 | Y3: 2022-05-26 21:09:58 | AC3: {=IF(TRUE,"True," & IF(_xlfn.XLOOKUP("Src_IsAny",'Scoring_Config'!$A:$A,'Scoring_Config'!$D:$D,"Yes")="Yes",_xlfn.XLOOKUP("Src_IsAny",'Scoring_Config'!$A:$A,'Scoring_Config'!$C:$C,25),0),"False,0")} -> 0 | AD3: {=IF(FALSE,"True," & IF(_xlfn.XLOOKUP("Src_CIDR_Le_16",'Scoring_Config'!$A:$A,'Scoring_Config'!$D:$D,"Yes")="Yes",_xlfn.XLOOKUP("Src_CIDR_Le_16",'Scoring_Config'!$A:$A,'Scoring_Config'!$C:$C,25),0),"False,0")} -> 0 | AE3: {=IF(FALSE,"True," & IF(_xlfn.XLOOKUP("Src_CIDR_17_22",'Scoring_Config'!$A:$A,'Scoring_Config'!$D:$D,"Yes")="Yes",_xlfn.XLOOKUP("Src_CIDR_17_22",'Scoring_Config'!$A:$A,'Scoring_Config'!$C:$C,15),0),"False,0")} -> 0 | AF3: {=IF(TRUE,"True," & IF(_xlfn.XLOOKUP("Dst_IsAny",'Scoring_Config'!$A:$A,'Scoring_Config'!$D:$D,"Yes")="Yes",_xlfn.XLOOKUP("Dst_IsAny",'Scoring_Config'!$A:$A,'Scoring_Config'!$C:$C,25),0),"False,0")} -> 0 | AG3: {=IF(FALSE,"True," & IF(_xlfn.XLOOKUP("Dst_CIDR_Le_16",'Scoring_Config'!$A:$A,'Scoring_Config'!$D:$D,"Yes")="Yes",_xlfn.XLOOKUP("Dst_CIDR_Le_16",'Scoring_Config'!$A:$A,'Scoring_Config'!$C:$C,25),0),"False,0")} -> 0 | AH3: {=IF(FALSE,"True," & IF(_xlfn.XLOOKUP("Dst_CIDR_17_22",'Scoring_Config'!$A:$A,'Scoring_Config'!$D:$D,"Yes")="Yes",_xlfn.XLOOKUP("Dst_CIDR_17_22",'Scoring_Config'!$A:$A,'Scoring_Config'!$C:$C,15),0),"False,0")} -> 0 | AI3: {=IF(FALSE,"True," & IF(_xlfn.XLOOKUP("SrcZone_IsAny",'Scoring_Config'!$A:$A,'Scoring_Config'!$D:$D,"Yes")="Yes",_xlfn.XLOOKUP("SrcZone_IsAny",'Scoring_Config'!$A:$A,'Scoring_Config'!$C:$C,5),0),"False,0")} -> 0 | AJ3: {=IF(FALSE,"True," & IF(_xlfn.XLOOKUP("DstZone_IsAny",'Scoring_Config'!$A:$A,'Scoring_Config'!$D:$D,"Yes")="Yes",_xlfn.XLOOKUP("DstZone_IsAny",'Scoring_Config'!$A:$A,'Scoring_Config'!$C:$C,5),0),"False,0")} -> 0 | AK3: {=IF(FALSE,"True," & IF(_xlfn.XLOOKUP("Service_Any_OR_RangeGt1000",'Scoring_Config'!$A:$A,'Scoring_Config'!$D:$D,"Yes")="Yes",_xlfn.XLOOKUP("Service_Any_OR_RangeGt1000",'Scoring_Config'!$A:$A,'Scoring_Config'!$C:$C,25),0),"False,0")} -> 0 | AL3: {=IF(TRUE,"True," & IF(_xlfn.XLOOKUP("App_Any_OR_RangeGt1000",'Scoring_Config'!$A:$A,'Scoring_Config'!$D:$D,"Yes")="Yes",_xlfn.XLOOKUP("App_Any_OR_RangeGt1000",'Scoring_Config'!$A:$A,'Scoring_Config'!$C:$C,25),0),"False,0")} -> 0 | AM3: {=IF(TRUE,"True," & IF(_xlfn.XLOOKUP("Service_Insecure_Match",'Scoring_Config'!$A:$A,'Scoring_Config'!$D:$D,"Yes")="Yes",_xlfn.XLOOKUP("Service_Insecure_Match",'Scoring_Config'!$A:$A,'Scoring_Config'!$C:$C,20),0),"False,0")} -> 0 | AN3: {=IF(FALSE,"True," & IF(_xlfn.XLOOKUP("Risky_Inbound",'Scoring_Config'!$A:$A,'Scoring_Config'!$D:$D,"Yes")="Yes",_xlfn.XLOOKUP("Risky_Inbound",'Scoring_Config'!$A:$A,'Scoring_Config'!$C:$C,20),0),"False,0")} -> 0 | AO3: {=IF(FALSE,"True," & IF(_xlfn.XLOOKUP("Risky_Outbound",'Scoring_Config'!$A:$A,'Scoring_Config'!$D:$D,"Yes")="Yes",_xlfn.XLOOKUP("Risky_Outbound",'Scoring_Config'!$A:$A,'Scoring_Config'!$C:$C,10),0),"False,0")} -> 0 | AP3: True,5 | AQ3: {=IF(TRUE,"True," & IF(_xlfn.XLOOKUP("Rule_Usage_Description_Scoring",'Scoring_Config'!$A:$A,'Scoring_Config'!$D:$D,"Yes")="Yes",_xlfn.XLOOKUP("Rule_Usage_Description_Scoring",'Scoring_Config'!$A:$A,'Scoring_Config'!$C:$C,5),0),"False,0")} -> 0 | AR3: True,-10 | AS3: True,5 | AT3: False,0 | AU3: {=IF(FALSE,"True," & IF(_xlfn.XLOOKUP("Action_IsDenyOrDrop",'Scoring_Config'!$A:$A,'Scoring_Config'!$D:$D,"Yes")="Yes",_xlfn.XLOOKUP("Action_IsDenyOrDrop",'Scoring_Config'!$A:$A,'Scoring_Config'!$C:$C,0),0),"False,0")} -> 0 | AW3: {=IF(FALSE,"True," & IF(_xlfn.XLOOKUP("Migrate_Insecure",'Scoring_Config'!$A:$A,'Scoring_Config'!$D:$D,"Yes")="Yes",_xlfn.XLOOKUP("Migrate_Insecure",'Scoring_Config'!$A:$A,'Scoring_Config'!$C:$C,15),0),"False,0")} -> 0 | AY3: {=IF(FALSE,"True," & IF(_xlfn.XLOOKUP("Migrate_Other_Ports",'Scoring_Config'!$A:$A,'Scoring_Config'!$D:$D,"Yes")="Yes",_xlfn.XLOOKUP("Migrate_Other_Ports",'Scoring_Config'!$A:$A,'Scoring_Config'!$C:$C,5),0),"False,0")} -> 0 | AZ3: {=IF(LEFT(AU3,4)="True",0,(IF(LEFT(AC3,4)="True",IF(_xlfn.XLOOKUP("Src_IsAny",'Scoring_Config'!$A:$A,'Scoring_Config'!$D:$D,"Yes")="Yes",_xlfn.XLOOKUP("Src_IsAny",'Scoring_Config'!$A:$A,'Scoring_Config'!$C:$C,25),0),0)+IF(LEFT(AD3,4)="True",IF(_xlfn.XLOOKUP("Src_CIDR_Le_16",'Scoring_Config'!$A:$A,'Scoring_Config'!$D:$D,"Yes")="Yes",_xlfn.XLOOKUP("Src_CIDR_Le_16",'Scoring_Config'!$A:$A,'Scoring_Config'!$C:$C,25),0),0)+IF(LEFT(AE3,4)="True",IF(_xlfn.XLOOKUP("Src_CIDR_17_22",'Scoring_Config'!$A:$A,'Scoring_Config'!$D:$D,"Yes")="Yes",_xlfn.XLOOKUP("Src_CIDR_17_22",'Scoring_Config'!$A:$A,'Scoring_Config'!$C:$C,15),0),0)+IF(LEFT(AF3,4)="True",IF(_xlfn.XLOOKUP("Dst_IsAny",'Scoring_Config'!$A:$A,'Scoring_Config'!$D:$D,"Yes")="Yes",_xlfn.XLOOKUP("Dst_IsAny",'Scoring_Config'!$A:$A,'Scoring_Config'!$C:$C,25),0),0)+IF(LEFT(AG3,4)="True",IF(_xlfn.XLOOKUP("Dst_CIDR_Le_16",'Scoring_Config'!$A:$A,'Scoring_Config'!$D:$D,"Yes")="Yes",_xlfn.XLOOKUP("Dst_CIDR_Le_16",'Scoring_Config'!$A:$A,'Scoring_Config'!$C:$C,25),0),0)+IF(LEFT(AH3,4)="True",IF(_xlfn.XLOOKUP("Dst_CIDR_17_22",'Scoring_Config'!$A:$A,'Scoring_Config'!$D:$D,"Yes")="Yes",_xlfn.XLOOKUP("Dst_CIDR_17_22",'Scoring_Config'!$A:$A,'Scoring_Config'!$C:$C,15),0),0)+IF(LEFT(AI3,4)="True",IF(_xlfn.XLOOKUP("SrcZone_IsAny",'Scoring_Config'!$A:$A,'Scoring_Config'!$D:$D,"Yes")="Yes",_xlfn.XLOOKUP("SrcZone_IsAny",'Scoring_Config'!$A:$A,'Scoring_Config'!$C:$C,5),0),0)+IF(LEFT(AJ3,4)="True",IF(_xlfn.XLOOKUP("DstZone_IsAny",'Scoring_Config'!$A:$A,'Scoring_Config'!$D:$D,"Yes")="Yes",_xlfn.XLOOKUP("DstZone_IsAny",'Scoring_Config'!$A:$A,'Scoring_Config'!$C:$C,5),0),0)+IF(LEFT(AK3,4)="True",IF(_xlfn.XLOOKUP("Service_Any_OR_RangeGt1000",'Scoring_Config'!$A:$A,'Scoring_Config'!$D:$D,"Yes")="Yes",_xlfn.XLOOKUP("Service_Any_OR_RangeGt1000",'Scoring_Config'!$A:$A,'Scoring_Config'!$C:$C,25),0),0)+IF(LEFT(AL3,4)="True",IF(_xlfn.XLOOKUP("App_Any_OR_RangeGt1000",'Scoring_Config'!$A:$A,'Scoring_Config'!$D:$D,"Yes")="Yes",_xlfn.XLOOKUP("App_Any_OR_RangeGt1000",'Scoring_Config'!$A:$A,'Scoring_Config'!$C:$C,25),0),0)+IF(LEFT(AM3,4)="True",IF(_xlfn.XLOOKUP("Service_Insecure_Match",'Scoring_Config'!$A:$A,'Scoring_Config'!$D:$D,"Yes")="Yes",_xlfn.XLOOKUP("Service_Insecure_Match",'Scoring_Config'!$A:$A,'Scoring_Config'!$C:$C,20),0),0)+IF(LEFT(AN3,4)="True",IF(_xlfn.XLOOKUP("Risky_Inbound",'Scoring_Config'!$A:$A,'Scoring_Config'!$D:$D,"Yes")="Yes",_xlfn.XLOOKUP("Risky_Inbound",'Scoring_Config'!$A:$A,'Scoring_Config'!$C:$C,20),0),0)+IF(LEFT(AO3,4)="True",IF(_xlfn.XLOOKUP("Risky_Outbound",'Scoring_Config'!$A:$A,'Scoring_Config'!$D:$D,"Yes")="Yes",_xlfn.XLOOKUP("Risky_Outbound",'Scoring_Config'!$A:$A,'Scoring_Config'!$C:$C,10),0),0)+IF(LEFT(AW3,4)="True",IF(_xlfn.XLOOKUP("Migrate_Insecure",'Scoring_Config'!$A:$A,'Scoring_Config'!$D:$D,"Yes")="Yes",_xlfn.XLOOKUP("Migrate_Insecure",'Scoring_Config'!$A:$A,'Scoring_Config'!$C:$C,15),0),0)+IF(LEFT(AY3,4)="True",IF(_xlfn.XLOOKUP("Migrate_Other_Ports",'Scoring_Config'!$A:$A,'Scoring_Config'!$D:$D,"Yes")="Yes",_xlfn.XLOOKUP("Migrate_Other_Ports",'Scoring_Config'!$A:$A,'Scoring_Config'!$C:$C,5),0),0)+IF(_xlfn.XLOOKUP("Rule_Usage_Scoring",'Scoring_Config'!$A:$A,'Scoring_Config'!$D:$D,"Yes")="Yes",VALUE(MID(AP3,FIND(",",AP3)+1,100)),0)+IF(LEFT(AQ3,4)="True",IF(_xlfn.XLOOKUP("Rule_Usage_Description_Scoring",'Scoring_Config'!$A:$A,'Scoring_Config'!$D:$D,"Yes")="Yes",_xlfn.XLOOKUP("Rule_Usage_Description_Scoring",'Scoring_Config'!$A:$A,'Scoring_Config'!$C:$C,5),0),0)+IF(_xlfn.XLOOKUP("Source_User_Scoring",'Scoring_Config'!$A:$A,'Scoring_Config'!$D:$D,"Yes")="Yes",VALUE(MID(AR3,FIND(",",AR3)+1,100)),0)+IF(_xlfn.XLOOKUP("Profile_Scoring",'Scoring_Config'!$A:$A,'Scoring_Config'!$D:$D,"Yes")="Yes",VALUE(MID(AS3,FIND(",",AS3)+1,100)),0)+IF(_xlfn.XLOOKUP("Options_Scoring",'Scoring_Config'!$A:$A,'Scoring_Config'!$D:$D,"Yes")="Yes",VALUE(MID(AT3,FIND(",",AT3)+1,100)),0)))} -> 0
A4: DC_Policies_Export.csv | B4: Allow_Guest_to_DMZ_FTP | C4: la-datacenterfw | E4: universal | F4: Guest | G4: LA_All_Addresses | H4: 10.1.1.0/24; 10.1.2.0/24; 10.1.3.0/24; 10.1.4.0/24; 10.1.5.0/24; 10.1.6.0/24; 10.1.7.0/24; 10.1.9.0/24; 10.11.186.18/32; 10.114.92.22/32; 10.121.205.16/32; 10.125.9.17/32; 10.132.57.10-10.205.119.50; 10.134.26.11/32; 10.139.246.13/32; 10.141.126.23/32; 10.156.103.14/32; 10.170.252.10/32; 10.188.179.19/32; 10.189.74.21/32; 10.191.16.20/32; 10.215.129.28/32; 10.251.126.26/32; 10.253.36.12/32; 10.27.61.15/32; 10.6.235.24/32; 10.81.174.25/32; 10.9.208.29/32; 10.99.210.27/32; any; db.la.corp.local; legacy.la.corp; telemetry.la.iot; updates.la.vendor.local | I4: any | J4: DMZ | K4: any | L4: any | M4: imap | N4: 143,tcp | O4: LA_FTP_All | P4: TCP/20; TCP/21; TCP/20-21 | Q4: allow | R4: best-practice | S4: none | T4: 0 | U4: Legacy rule—owner unknown | V4: ftp, smb | W4: 68 | X4: 2025-05-06 16:14:58 | Y4: 2024-05-13 16:14:58 | AC4: {=IF(TRUE,"True," & IF(_xlfn.XLOOKUP("Src_IsAny",'Scoring_Config'!$A:$A,'Scoring_Config'!$D:$D,"Yes")="Yes",_xlfn.XLOOKUP("Src_IsAny",'Scoring_Config'!$A:$A,'Scoring_Config'!$C:$C,25),0),"False,0")} -> 0 | AD4: {=IF(FALSE,"True," & IF(_xlfn.XLOOKUP("Src_CIDR_Le_16",'Scoring_Config'!$A:$A,'Scoring_Config'!$D:$D,"Yes")="Yes",_xlfn.XLOOKUP("Src_CIDR_Le_16",'Scoring_Config'!$A:$A,'Scoring_Config'!$C:$C,25),0),"False,0")} -> 0 | AE4: {=IF(FALSE,"True," & IF(_xlfn.XLOOKUP("Src_CIDR_17_22",'Scoring_Config'!$A:$A,'Scoring_Config'!$D:$D,"Yes")="Yes",_xlfn.XLOOKUP("Src_CIDR_17_22",'Scoring_Config'!$A:$A,'Scoring_Config'!$C:$C,15),0),"False,0")} -> 0 | AF4: {=IF(TRUE,"True," & IF(_xlfn.XLOOKUP("Dst_IsAny",'Scoring_Config'!$A:$A,'Scoring_Config'!$D:$D,"Yes")="Yes",_xlfn.XLOOKUP("Dst_IsAny",'Scoring_Config'!$A:$A,'Scoring_Config'!$C:$C,25),0),"False,0")} -> 0 | AG4: {=IF(FALSE,"True," & IF(_xlfn.XLOOKUP("Dst_CIDR_Le_16",'Scoring_Config'!$A:$A,'Scoring_Config'!$D:$D,"Yes")="Yes",_xlfn.XLOOKUP("Dst_CIDR_Le_16",'Scoring_Config'!$A:$A,'Scoring_Config'!$C:$C,25),0),"False,0")} -> 0 | AH4: {=IF(FALSE,"True," & IF(_xlfn.XLOOKUP("Dst_CIDR_17_22",'Scoring_Config'!$A:$A,'Scoring_Config'!$D:$D,"Yes")="Yes",_xlfn.XLOOKUP("Dst_CIDR_17_22",'Scoring_Config'!$A:$A,'Scoring_Config'!$C:$C,15),0),"False,0")} -> 0 | AI4: {=IF(FALSE,"True," & IF(_xlfn.XLOOKUP("SrcZone_IsAny",'Scoring_Config'!$A:$A,'Scoring_Config'!$D:$D,"Yes")="Yes",_xlfn.XLOOKUP("SrcZone_IsAny",'Scoring_Config'!$A:$A,'Scoring_Config'!$C:$C,5),0),"False,0")} -> 0 | AJ4: {=IF(FALSE,"True," & IF(_xlfn.XLOOKUP("DstZone_IsAny",'Scoring_Config'!$A:$A,'Scoring_Config'!$D:$D,"Yes")="Yes",_xlfn.XLOOKUP("DstZone_IsAny",'Scoring_Config'!$A:$A,'Scoring_Config'!$C:$C,5),0),"False,0")} -> 0 | AK4: {=IF(FALSE,"True," & IF(_xlfn.XLOOKUP("Service_Any_OR_RangeGt1000",'Scoring_Config'!$A:$A,'Scoring_Config'!$D:$D,"Yes")="Yes",_xlfn.XLOOKUP("Service_Any_OR_RangeGt1000",'Scoring_Config'!$A:$A,'Scoring_Config'!$C:$C,25),0),"False,0")} -> 0 | AL4: {=IF(FALSE,"True," & IF(_xlfn.XLOOKUP("App_Any_OR_RangeGt1000",'Scoring_Config'!$A:$A,'Scoring_Config'!$D:$D,"Yes")="Yes",_xlfn.XLOOKUP("App_Any_OR_RangeGt1000",'Scoring_Config'!$A:$A,'Scoring_Config'!$C:$C,25),0),"False,0")} -> 0 | AM4: {=IF(TRUE,"True," & IF(_xlfn.XLOOKUP("Service_Insecure_Match",'Scoring_Config'!$A:$A,'Scoring_Config'!$D:$D,"Yes")="Yes",_xlfn.XLOOKUP("Service_Insecure_Match",'Scoring_Config'!$A:$A,'Scoring_Config'!$C:$C,20),0),"False,0")} -> 0 | AN4: {=IF(FALSE,"True," & IF(_xlfn.XLOOKUP("Risky_Inbound",'Scoring_Config'!$A:$A,'Scoring_Config'!$D:$D,"Yes")="Yes",_xlfn.XLOOKUP("Risky_Inbound",'Scoring_Config'!$A:$A,'Scoring_Config'!$C:$C,20),0),"False,0")} -> 0 | AO4: {=IF(FALSE,"True," & IF(_xlfn.XLOOKUP("Risky_Outbound",'Scoring_Config'!$A:$A,'Scoring_Config'!$D:$D,"Yes")="Yes",_xlfn.XLOOKUP("Risky_Outbound",'Scoring_Config'!$A:$A,'Scoring_Config'!$C:$C,10),0),"False,0")} -> 0 | AP4: True,5 | AQ4: {=IF(TRUE,"True," & IF(_xlfn.XLOOKUP("Rule_Usage_Description_Scoring",'Scoring_Config'!$A:$A,'Scoring_Config'!$D:$D,"Yes")="Yes",_xlfn.XLOOKUP("Rule_Usage_Description_Scoring",'Scoring_Config'!$A:$A,'Scoring_Config'!$C:$C,5),0),"False,0")} -> 0 | AR4: False,0 | AS4: False,0 | AT4: True,5 | AU4: {=IF(FALSE,"True," & IF(_xlfn.XLOOKUP("Action_IsDenyOrDrop",'Scoring_Config'!$A:$A,'Scoring_Config'!$D:$D,"Yes")="Yes",_xlfn.XLOOKUP("Action_IsDenyOrDrop",'Scoring_Config'!$A:$A,'Scoring_Config'!$C:$C,0),0),"False,0")} -> 0 | AW4: {=IF(FALSE,"True," & IF(_xlfn.XLOOKUP("Migrate_Insecure",'Scoring_Config'!$A:$A,'Scoring_Config'!$D:$D,"Yes")="Yes",_xlfn.XLOOKUP("Migrate_Insecure",'Scoring_Config'!$A:$A,'Scoring_Config'!$C:$C,15),0),"False,0")} -> 0 | AY4: {=IF(FALSE,"True," & IF(_xlfn.XLOOKUP("Migrate_Other_Ports",'Scoring_Config'!$A:$A,'Scoring_Config'!$D:$D,"Yes")="Yes",_xlfn.XLOOKUP("Migrate_Other_Ports",'Scoring_Config'!$A:$A,'Scoring_Config'!$C:$C,5),0),"False,0")} -> 0 | AZ4: {=IF(LEFT(AU4,4)="True",0,(IF(LEFT(AC4,4)="True",IF(_xlfn.XLOOKUP("Src_IsAny",'Scoring_Config'!$A:$A,'Scoring_Config'!$D:$D,"Yes")="Yes",_xlfn.XLOOKUP("Src_IsAny",'Scoring_Config'!$A:$A,'Scoring_Config'!$C:$C,25),0),0)+IF(LEFT(AD4,4)="True",IF(_xlfn.XLOOKUP("Src_CIDR_Le_16",'Scoring_Config'!$A:$A,'Scoring_Config'!$D:$D,"Yes")="Yes",_xlfn.XLOOKUP("Src_CIDR_Le_16",'Scoring_Config'!$A:$A,'Scoring_Config'!$C:$C,25),0),0)+IF(LEFT(AE4,4)="True",IF(_xlfn.XLOOKUP("Src_CIDR_17_22",'Scoring_Config'!$A:$A,'Scoring_Config'!$D:$D,"Yes")="Yes",_xlfn.XLOOKUP("Src_CIDR_17_22",'Scoring_Config'!$A:$A,'Scoring_Config'!$C:$C,15),0),0)+IF(LEFT(AF4,4)="True",IF(_xlfn.XLOOKUP("Dst_IsAny",'Scoring_Config'!$A:$A,'Scoring_Config'!$D:$D,"Yes")="Yes",_xlfn.XLOOKUP("Dst_IsAny",'Scoring_Config'!$A:$A,'Scoring_Config'!$C:$C,25),0),0)+IF(LEFT(AG4,4)="True",IF(_xlfn.XLOOKUP("Dst_CIDR_Le_16",'Scoring_Config'!$A:$A,'Scoring_Config'!$D:$D,"Yes")="Yes",_xlfn.XLOOKUP("Dst_CIDR_Le_16",'Scoring_Config'!$A:$A,'Scoring_Config'!$C:$C,25),0),0)+IF(LEFT(AH4,4)="True",IF(_xlfn.XLOOKUP("Dst_CIDR_17_22",'Scoring_Config'!$A:$A,'Scoring_Config'!$D:$D,"Yes")="Yes",_xlfn.XLOOKUP("Dst_CIDR_17_22",'Scoring_Config'!$A:$A,'Scoring_Config'!$C:$C,15),0),0)+IF(LEFT(AI4,4)="True",IF(_xlfn.XLOOKUP("SrcZone_IsAny",'Scoring_Config'!$A:$A,'Scoring_Config'!$D:$D,"Yes")="Yes",_xlfn.XLOOKUP("SrcZone_IsAny",'Scoring_Config'!$A:$A,'Scoring_Config'!$C:$C,5),0),0)+IF(LEFT(AJ4,4)="True",IF(_xlfn.XLOOKUP("DstZone_IsAny",'Scoring_Config'!$A:$A,'Scoring_Config'!$D:$D,"Yes")="Yes",_xlfn.XLOOKUP("DstZone_IsAny",'Scoring_Config'!$A:$A,'Scoring_Config'!$C:$C,5),0),0)+IF(LEFT(AK4,4)="True",IF(_xlfn.XLOOKUP("Service_Any_OR_RangeGt1000",'Scoring_Config'!$A:$A,'Scoring_Config'!$D:$D,"Yes")="Yes",_xlfn.XLOOKUP("Service_Any_OR_RangeGt1000",'Scoring_Config'!$A:$A,'Scoring_Config'!$C:$C,25),0),0)+IF(LEFT(AL4,4)="True",IF(_xlfn.XLOOKUP("App_Any_OR_RangeGt1000",'Scoring_Config'!$A:$A,'Scoring_Config'!$D:$D,"Yes")="Yes",_xlfn.XLOOKUP("App_Any_OR_RangeGt1000",'Scoring_Config'!$A:$A,'Scoring_Config'!$C:$C,25),0),0)+IF(LEFT(AM4,4)="True",IF(_xlfn.XLOOKUP("Service_Insecure_Match",'Scoring_Config'!$A:$A,'Scoring_Config'!$D:$D,"Yes")="Yes",_xlfn.XLOOKUP("Service_Insecure_Match",'Scoring_Config'!$A:$A,'Scoring_Config'!$C:$C,20),0),0)+IF(LEFT(AN4,4)="True",IF(_xlfn.XLOOKUP("Risky_Inbound",'Scoring_Config'!$A:$A,'Scoring_Config'!$D:$D,"Yes")="Yes",_xlfn.XLOOKUP("Risky_Inbound",'Scoring_Config'!$A:$A,'Scoring_Config'!$C:$C,20),0),0)+IF(LEFT(AO4,4)="True",IF(_xlfn.XLOOKUP("Risky_Outbound",'Scoring_Config'!$A:$A,'Scoring_Config'!$D:$D,"Yes")="Yes",_xlfn.XLOOKUP("Risky_Outbound",'Scoring_Config'!$A:$A,'Scoring_Config'!$C:$C,10),0),0)+IF(LEFT(AW4,4)="True",IF(_xlfn.XLOOKUP("Migrate_Insecure",'Scoring_Config'!$A:$A,'Scoring_Config'!$D:$D,"Yes")="Yes",_xlfn.XLOOKUP("Migrate_Insecure",'Scoring_Config'!$A:$A,'Scoring_Config'!$C:$C,15),0),0)+IF(LEFT(AY4,4)="True",IF(_xlfn.XLOOKUP("Migrate_Other_Ports",'Scoring_Config'!$A:$A,'Scoring_Config'!$D:$D,"Yes")="Yes",_xlfn.XLOOKUP("Migrate_Other_Ports",'Scoring_Config'!$A:$A,'Scoring_Config'!$C:$C,5),0),0)+IF(_xlfn.XLOOKUP("Rule_Usage_Scoring",'Scoring_Config'!$A:$A,'Scoring_Config'!$D:$D,"Yes")="Yes",VALUE(MID(AP4,FIND(",",AP4)+1,100)),0)+IF(LEFT(AQ4,4)="True",IF(_xlfn.XLOOKUP("Rule_Usage_Description_Scoring",'Scoring_Config'!$A:$A,'Scoring_Config'!$D:$D,"Yes")="Yes",_xlfn.XLOOKUP("Rule_Usage_Description_Scoring",'Scoring_Config'!$A:$A,'Scoring_Config'!$C:$C,5),0),0)+IF(_xlfn.XLOOKUP("Source_User_Scoring",'Scoring_Config'!$A:$A,'Scoring_Config'!$D:$D,"Yes")="Yes",VALUE(MID(AR4,FIND(",",AR4)+1,100)),0)+IF(_xlfn.XLOOKUP("Profile_Scoring",'Scoring_Config'!$A:$A,'Scoring_Config'!$D:$D,"Yes")="Yes",VALUE(MID(AS4,FIND(",",AS4)+1,100)),0)+IF(_xlfn.XLOOKUP("Options_Scoring",'Scoring_Config'!$A:$A,'Scoring_Config'!$D:$D,"Yes")="Yes",VALUE(MID(AT4,FIND(",",AT4)+1,100)),0)))} -> 0
A5: DC_Policies_Export.csv | B5: Allow_Mgmt_to_Mgmt_DNS | C5: la-datacenterfw | E5: universal | F5: Mgmt | G5: legacy.la.corp | H5: legacy.la.corp | I5: domain\itops | J5: Mgmt | K5: any | L5: any | M5: dns | N5: dns | O5: LA_Windows_RPC_NetBIOS | P5: TCP/135; UDP/135; TCP/137; UDP/137; TCP/139; UDP/139 | Q5: allow | R5: best-practice | S5: Traffic log sent at session end | T5: 145 | U5: Temporary allow per INC540876 (expires in 30d) | V5: (none) | W5: 95 | X5: 2025-09-13 21:21:58 | Y5: 2025-07-12 21:21:58 | AC5: {=IF(FALSE,"True," & IF(_xlfn.XLOOKUP("Src_IsAny",'Scoring_Config'!$A:$A,'Scoring_Config'!$D:$D,"Yes")="Yes",_xlfn.XLOOKUP("Src_IsAny",'Scoring_Config'!$A:$A,'Scoring_Config'!$C:$C,25),0),"False,0")} -> 0 | AD5: {=IF(FALSE,"True," & IF(_xlfn.XLOOKUP("Src_CIDR_Le_16",'Scoring_Config'!$A:$A,'Scoring_Config'!$D:$D,"Yes")="Yes",_xlfn.XLOOKUP("Src_CIDR_Le_16",'Scoring_Config'!$A:$A,'Scoring_Config'!$C:$C,25),0),"False,0")} -> 0 | AE5: {=IF(FALSE,"True," & IF(_xlfn.XLOOKUP("Src_CIDR_17_22",'Scoring_Config'!$A:$A,'Scoring_Config'!$D:$D,"Yes")="Yes",_xlfn.XLOOKUP("Src_CIDR_17_22",'Scoring_Config'!$A:$A,'Scoring_Config'!$C:$C,15),0),"False,0")} -> 0 | AF5: {=IF(TRUE,"True," & IF(_xlfn.XLOOKUP("Dst_IsAny",'Scoring_Config'!$A:$A,'Scoring_Config'!$D:$D,"Yes")="Yes",_xlfn.XLOOKUP("Dst_IsAny",'Scoring_Config'!$A:$A,'Scoring_Config'!$C:$C,25),0),"False,0")} -> 0 | AG5: {=IF(FALSE,"True," & IF(_xlfn.XLOOKUP("Dst_CIDR_Le_16",'Scoring_Config'!$A:$A,'Scoring_Config'!$D:$D,"Yes")="Yes",_xlfn.XLOOKUP("Dst_CIDR_Le_16",'Scoring_Config'!$A:$A,'Scoring_Config'!$C:$C,25),0),"False,0")} -> 0 | AH5: {=IF(FALSE,"True," & IF(_xlfn.XLOOKUP("Dst_CIDR_17_22",'Scoring_Config'!$A:$A,'Scoring_Config'!$D:$D,"Yes")="Yes",_xlfn.XLOOKUP("Dst_CIDR_17_22",'Scoring_Config'!$A:$A,'Scoring_Config'!$C:$C,15),0),"False,0")} -> 0 | AI5: {=IF(FALSE,"True," & IF(_xlfn.XLOOKUP("SrcZone_IsAny",'Scoring_Config'!$A:$A,'Scoring_Config'!$D:$D,"Yes")="Yes",_xlfn.XLOOKUP("SrcZone_IsAny",'Scoring_Config'!$A:$A,'Scoring_Config'!$C:$C,5),0),"False,0")} -> 0 | AJ5: {=IF(FALSE,"True," & IF(_xlfn.XLOOKUP("DstZone_IsAny",'Scoring_Config'!$A:$A,'Scoring_Config'!$D:$D,"Yes")="Yes",_xlfn.XLOOKUP("DstZone_IsAny",'Scoring_Config'!$A:$A,'Scoring_Config'!$C:$C,5),0),"False,0")} -> 0 | AK5: {=IF(FALSE,"True," & IF(_xlfn.XLOOKUP("Service_Any_OR_RangeGt1000",'Scoring_Config'!$A:$A,'Scoring_Config'!$D:$D,"Yes")="Yes",_xlfn.XLOOKUP("Service_Any_OR_RangeGt1000",'Scoring_Config'!$A:$A,'Scoring_Config'!$C:$C,25),0),"False,0")} -> 0 | AL5: {=IF(FALSE,"True," & IF(_xlfn.XLOOKUP("App_Any_OR_RangeGt1000",'Scoring_Config'!$A:$A,'Scoring_Config'!$D:$D,"Yes")="Yes",_xlfn.XLOOKUP("App_Any_OR_RangeGt1000",'Scoring_Config'!$A:$A,'Scoring_Config'!$C:$C,25),0),"False,0")} -> 0 | AM5: {=IF(TRUE,"True," & IF(_xlfn.XLOOKUP("Service_Insecure_Match",'Scoring_Config'!$A:$A,'Scoring_Config'!$D:$D,"Yes")="Yes",_xlfn.XLOOKUP("Service_Insecure_Match",'Scoring_Config'!$A:$A,'Scoring_Config'!$C:$C,20),0),"False,0")} -> 0 | AN5: {=IF(FALSE,"True," & IF(_xlfn.XLOOKUP("Risky_Inbound",'Scoring_Config'!$A:$A,'Scoring_Config'!$D:$D,"Yes")="Yes",_xlfn.XLOOKUP("Risky_Inbound",'Scoring_Config'!$A:$A,'Scoring_Config'!$C:$C,20),0),"False,0")} -> 0 | AO5: {=IF(FALSE,"True," & IF(_xlfn.XLOOKUP("Risky_Outbound",'Scoring_Config'!$A:$A,'Scoring_Config'!$D:$D,"Yes")="Yes",_xlfn.XLOOKUP("Risky_Outbound",'Scoring_Config'!$A:$A,'Scoring_Config'!$C:$C,10),0),"False,0")} -> 0 | AP5: True,5 | AQ5: {=IF(FALSE,"True," & IF(_xlfn.XLOOKUP("Rule_Usage_Description_Scoring",'Scoring_Config'!$A:$A,'Scoring_Config'!$D:$D,"Yes")="Yes",_xlfn.XLOOKUP("Rule_Usage_Description_Scoring",'Scoring_Config'!$A:$A,'Scoring_Config'!$C:$C,5),0),"False,0")} -> 0 | AR5: True,-10 | AS5: False,0 | AT5: False,0 | AU5: {=IF(FALSE,"True," & IF(_xlfn.XLOOKUP("Action_IsDenyOrDrop",'Scoring_Config'!$A:$A,'Scoring_Config'!$D:$D,"Yes")="Yes",_xlfn.XLOOKUP("Action_IsDenyOrDrop",'Scoring_Config'!$A:$A,'Scoring_Config'!$C:$C,0),0),"False,0")} -> 0 | AW5: {=IF(FALSE,"True," & IF(_xlfn.XLOOKUP("Migrate_Insecure",'Scoring_Config'!$A:$A,'Scoring_Config'!$D:$D,"Yes")="Yes",_xlfn.XLOOKUP("Migrate_Insecure",'Scoring_Config'!$A:$A,'Scoring_Config'!$C:$C,15),0),"False,0")} -> 0 | AY5: {=IF(FALSE,"True," & IF(_xlfn.XLOOKUP("Migrate_Other_Ports",'Scoring_Config'!$A:$A,'Scoring_Config'!$D:$D,"Yes")="Yes",_xlfn.XLOOKUP("Migrate_Other_Ports",'Scoring_Config'!$A:$A,'Scoring_Config'!$C:$C,5),0),"False,0")} -> 0 | AZ5: {=IF(LEFT(AU5,4)="True",0,(IF(LEFT(AC5,4)="True",IF(_xlfn.XLOOKUP("Src_IsAny",'Scoring_Config'!$A:$A,'Scoring_Config'!$D:$D,"Yes")="Yes",_xlfn.XLOOKUP("Src_IsAny",'Scoring_Config'!$A:$A,'Scoring_Config'!$C:$C,25),0),0)+IF(LEFT(AD5,4)="True",IF(_xlfn.XLOOKUP("Src_CIDR_Le_16",'Scoring_Config'!$A:$A,'Scoring_Config'!$D:$D,"Yes")="Yes",_xlfn.XLOOKUP("Src_CIDR_Le_16",'Scoring_Config'!$A:$A,'Scoring_Config'!$C:$C,25),0),0)+IF(LEFT(AE5,4)="True",IF(_xlfn.XLOOKUP("Src_CIDR_17_22",'Scoring_Config'!$A:$A,'Scoring_Config'!$D:$D,"Yes")="Yes",_xlfn.XLOOKUP("Src_CIDR_17_22",'Scoring_Config'!$A:$A,'Scoring_Config'!$C:$C,15),0),0)+IF(LEFT(AF5,4)="True",IF(_xlfn.XLOOKUP("Dst_IsAny",'Scoring_Config'!$A:$A,'Scoring_Config'!$D:$D,"Yes")="Yes",_xlfn.XLOOKUP("Dst_IsAny",'Scoring_Config'!$A:$A,'Scoring_Config'!$C:$C,25),0),0)+IF(LEFT(AG5,4)="True",IF(_xlfn.XLOOKUP("Dst_CIDR_Le_16",'Scoring_Config'!$A:$A,'Scoring_Config'!$D:$D,"Yes")="Yes",_xlfn.XLOOKUP("Dst_CIDR_Le_16",'Scoring_Config'!$A:$A,'Scoring_Config'!$C:$C,25),0),0)+IF(LEFT(AH5,4)="True",IF(_xlfn.XLOOKUP("Dst_CIDR_17_22",'Scoring_Config'!$A:$A,'Scoring_Config'!$D:$D,"Yes")="Yes",_xlfn.XLOOKUP("Dst_CIDR_17_22",'Scoring_Config'!$A:$A,'Scoring_Config'!$C:$C,15),0),0)+IF(LEFT(AI5,4)="True",IF(_xlfn.XLOOKUP("SrcZone_IsAny",'Scoring_Config'!$A:$A,'Scoring_Config'!$D:$D,"Yes")="Yes",_xlfn.XLOOKUP("SrcZone_IsAny",'Scoring_Config'!$A:$A,'Scoring_Config'!$C:$C,5),0),0)+IF(LEFT(AJ5,4)="True",IF(_xlfn.XLOOKUP("DstZone_IsAny",'Scoring_Config'!$A:$A,'Scoring_Config'!$D:$D,"Yes")="Yes",_xlfn.XLOOKUP("DstZone_IsAny",'Scoring_Config'!$A:$A,'Scoring_Config'!$C:$C,5),0),0)+IF(LEFT(AK5,4)="True",IF(_xlfn.XLOOKUP("Service_Any_OR_RangeGt1000",'Scoring_Config'!$A:$A,'Scoring_Config'!$D:$D,"Yes")="Yes",_xlfn.XLOOKUP("Service_Any_OR_RangeGt1000",'Scoring_Config'!$A:$A,'Scoring_Config'!$C:$C,25),0),0)+IF(LEFT(AL5,4)="True",IF(_xlfn.XLOOKUP("App_Any_OR_RangeGt1000",'Scoring_Config'!$A:$A,'Scoring_Config'!$D:$D,"Yes")="Yes",_xlfn.XLOOKUP("App_Any_OR_RangeGt1000",'Scoring_Config'!$A:$A,'Scoring_Config'!$C:$C,25),0),0)+IF(LEFT(AM5,4)="True",IF(_xlfn.XLOOKUP("Service_Insecure_Match",'Scoring_Config'!$A:$A,'Scoring_Config'!$D:$D,"Yes")="Yes",_xlfn.XLOOKUP("Service_Insecure_Match",'Scoring_Config'!$A:$A,'Scoring_Config'!$C:$C,20),0),0)+IF(LEFT(AN5,4)="True",IF(_xlfn.XLOOKUP("Risky_Inbound",'Scoring_Config'!$A:$A,'Scoring_Config'!$D:$D,"Yes")="Yes",_xlfn.XLOOKUP("Risky_Inbound",'Scoring_Config'!$A:$A,'Scoring_Config'!$C:$C,20),0),0)+IF(LEFT(AO5,4)="True",IF(_xlfn.XLOOKUP("Risky_Outbound",'Scoring_Config'!$A:$A,'Scoring_Config'!$D:$D,"Yes")="Yes",_xlfn.XLOOKUP("Risky_Outbound",'Scoring_Config'!$A:$A,'Scoring_Config'!$C:$C,10),0),0)+IF(LEFT(AW5,4)="True",IF(_xlfn.XLOOKUP("Migrate_Insecure",'Scoring_Config'!$A:$A,'Scoring_Config'!$D:$D,"Yes")="Yes",_xlfn.XLOOKUP("Migrate_Insecure",'Scoring_Config'!$A:$A,'Scoring_Config'!$C:$C,15),0),0)+IF(LEFT(AY5,4)="True",IF(_xlfn.XLOOKUP("Migrate_Other_Ports",'Scoring_Config'!$A:$A,'Scoring_Config'!$D:$D,"Yes")="Yes",_xlfn.XLOOKUP("Migrate_Other_Ports",'Scoring_Config'!$A:$A,'Scoring_Config'!$C:$C,5),0),0)+IF(_xlfn.XLOOKUP("Rule_Usage_Scoring",'Scoring_Config'!$A:$A,'Scoring_Config'!$D:$D,"Yes")="Yes",VALUE(MID(AP5,FIND(",",AP5)+1,100)),0)+IF(LEFT(AQ5,4)="True",IF(_xlfn.XLOOKUP("Rule_Usage_Description_Scoring",'Scoring_Config'!$A:$A,'Scoring_Config'!$D:$D,"Yes")="Yes",_xlfn.XLOOKUP("Rule_Usage_Description_Scoring",'Scoring_Config'!$A:$A,'Scoring_Config'!$C:$C,5),0),0)+IF(_xlfn.XLOOKUP("Source_User_Scoring",'Scoring_Config'!$A:$A,'Scoring_Config'!$D:$D,"Yes")="Yes",VALUE(MID(AR5,FIND(",",AR5)+1,100)),0)+IF(_xlfn.XLOOKUP("Profile_Scoring",'Scoring_Config'!$A:$A,'Scoring_Config'!$D:$D,"Yes")="Yes",VALUE(MID(AS5,FIND(",",AS5)+1,100)),0)+IF(_xlfn.XLOOKUP("Options_Scoring",'Scoring_Config'!$A:$A,'Scoring_Config'!$D:$D,"Yes")="Yes",VALUE(MID(AT5,FIND(",",AT5)+1,100)),0)))} -> 0
A6: DC_Policies_Export.csv | B6: Allow_Internet_to_DMZ_IMAP | C6: la-datacenterfw | E6: universal | F6: Untrust | G6: any | H6: any | I6: svc_batch | J6: DMZ | K6: 10.216.162.24/32 | L6: 10.216.162.24/32 | M6: imap | N6: 143,tcp | O6: LA_SNMP_Group | P6: TCP/161; UDP/161 | Q6: allow | R6: antivirus | S6: Traffic log sent at session end; Log Forwarding Profile setting: Forward to Panorama | T6: 0 | U6: Temporary workaround—no ticket provided | V6: ssh | W6: 166 | X6: 2025-07-28 04:56:58 | Y6: 2023-12-01 04:56:58 | AC6: {=IF(TRUE,"True," & IF(_xlfn.XLOOKUP("Src_IsAny",'Scoring_Config'!$A:$A,'Scoring_Config'!$D:$D,"Yes")="Yes",_xlfn.XLOOKUP("Src_IsAny",'Scoring_Config'!$A:$A,'Scoring_Config'!$C:$C,25),0),"False,0")} -> 0 | AD6: {=IF(FALSE,"True," & IF(_xlfn.XLOOKUP("Src_CIDR_Le_16",'Scoring_Config'!$A:$A,'Scoring_Config'!$D:$D,"Yes")="Yes",_xlfn.XLOOKUP("Src_CIDR_Le_16",'Scoring_Config'!$A:$A,'Scoring_Config'!$C:$C,25),0),"False,0")} -> 0 | AE6: {=IF(FALSE,"True," & IF(_xlfn.XLOOKUP("Src_CIDR_17_22",'Scoring_Config'!$A:$A,'Scoring_Config'!$D:$D,"Yes")="Yes",_xlfn.XLOOKUP("Src_CIDR_17_22",'Scoring_Config'!$A:$A,'Scoring_Config'!$C:$C,15),0),"False,0")} -> 0 | AF6: {=IF(FALSE,"True," & IF(_xlfn.XLOOKUP("Dst_IsAny",'Scoring_Config'!$A:$A,'Scoring_Config'!$D:$D,"Yes")="Yes",_xlfn.XLOOKUP("Dst_IsAny",'Scoring_Config'!$A:$A,'Scoring_Config'!$C:$C,25),0),"False,0")} -> 0 | AG6: {=IF(FALSE,"True," & IF(_xlfn.XLOOKUP("Dst_CIDR_Le_16",'Scoring_Config'!$A:$A,'Scoring_Config'!$D:$D,"Yes")="Yes",_xlfn.XLOOKUP("Dst_CIDR_Le_16",'Scoring_Config'!$A:$A,'Scoring_Config'!$C:$C,25),0),"False,0")} -> 0 | AH6: {=IF(FALSE,"True," & IF(_xlfn.XLOOKUP("Dst_CIDR_17_22",'Scoring_Config'!$A:$A,'Scoring_Config'!$D:$D,"Yes")="Yes",_xlfn.XLOOKUP("Dst_CIDR_17_22",'Scoring_Config'!$A:$A,'Scoring_Config'!$C:$C,15),0),"False,0")} -> 0 | AI6: {=IF(FALSE,"True," & IF(_xlfn.XLOOKUP("SrcZone_IsAny",'Scoring_Config'!$A:$A,'Scoring_Config'!$D:$D,"Yes")="Yes",_xlfn.XLOOKUP("SrcZone_IsAny",'Scoring_Config'!$A:$A,'Scoring_Config'!$C:$C,5),0),"False,0")} -> 0 | AJ6: {=IF(FALSE,"True," & IF(_xlfn.XLOOKUP("DstZone_IsAny",'Scoring_Config'!$A:$A,'Scoring_Config'!$D:$D,"Yes")="Yes",_xlfn.XLOOKUP("DstZone_IsAny",'Scoring_Config'!$A:$A,'Scoring_Config'!$C:$C,5),0),"False,0")} -> 0 | AK6: {=IF(FALSE,"True," & IF(_xlfn.XLOOKUP("Service_Any_OR_RangeGt1000",'Scoring_Config'!$A:$A,'Scoring_Config'!$D:$D,"Yes")="Yes",_xlfn.XLOOKUP("Service_Any_OR_RangeGt1000",'Scoring_Config'!$A:$A,'Scoring_Config'!$C:$C,25),0),"False,0")} -> 0 | AL6: {=IF(FALSE,"True," & IF(_xlfn.XLOOKUP("App_Any_OR_RangeGt1000",'Scoring_Config'!$A:$A,'Scoring_Config'!$D:$D,"Yes")="Yes",_xlfn.XLOOKUP("App_Any_OR_RangeGt1000",'Scoring_Config'!$A:$A,'Scoring_Config'!$C:$C,25),0),"False,0")} -> 0 | AM6: {=IF(TRUE,"True," & IF(_xlfn.XLOOKUP("Service_Insecure_Match",'Scoring_Config'!$A:$A,'Scoring_Config'!$D:$D,"Yes")="Yes",_xlfn.XLOOKUP("Service_Insecure_Match",'Scoring_Config'!$A:$A,'Scoring_Config'!$C:$C,20),0),"False,0")} -> 0 | AN6: {=IF(FALSE,"True," & IF(_xlfn.XLOOKUP("Risky_Inbound",'Scoring_Config'!$A:$A,'Scoring_Config'!$D:$D,"Yes")="Yes",_xlfn.XLOOKUP("Risky_Inbound",'Scoring_Config'!$A:$A,'Scoring_Config'!$C:$C,20),0),"False,0")} -> 0 | AO6: {=IF(FALSE,"True," & IF(_xlfn.XLOOKUP("Risky_Outbound",'Scoring_Config'!$A:$A,'Scoring_Config'!$D:$D,"Yes")="Yes",_xlfn.XLOOKUP("Risky_Outbound",'Scoring_Config'!$A:$A,'Scoring_Config'!$C:$C,10),0),"False,0")} -> 0 | AP6: True,5 | AQ6: {=IF(TRUE,"True," & IF(_xlfn.XLOOKUP("Rule_Usage_Description_Scoring",'Scoring_Config'!$A:$A,'Scoring_Config'!$D:$D,"Yes")="Yes",_xlfn.XLOOKUP("Rule_Usage_Description_Scoring",'Scoring_Config'!$A:$A,'Scoring_Config'!$C:$C,5),0),"False,0")} -> 0 | AR6: True,-10 | AS6: False,0 | AT6: False,0 | AU6: {=IF(FALSE,"True," & IF(_xlfn.XLOOKUP("Action_IsDenyOrDrop",'Scoring_Config'!$A:$A,'Scoring_Config'!$D:$D,"Yes")="Yes",_xlfn.XLOOKUP("Action_IsDenyOrDrop",'Scoring_Config'!$A:$A,'Scoring_Config'!$C:$C,0),0),"False,0")} -> 0 | AW6: {=IF(FALSE,"True," & IF(_xlfn.XLOOKUP("Migrate_Insecure",'Scoring_Config'!$A:$A,'Scoring_Config'!$D:$D,"Yes")="Yes",_xlfn.XLOOKUP("Migrate_Insecure",'Scoring_Config'!$A:$A,'Scoring_Config'!$C:$C,15),0),"False,0")} -> 0 | AY6: {=IF(FALSE,"True," & IF(_xlfn.XLOOKUP("Migrate_Other_Ports",'Scoring_Config'!$A:$A,'Scoring_Config'!$D:$D,"Yes")="Yes",_xlfn.XLOOKUP("Migrate_Other_Ports",'Scoring_Config'!$A:$A,'Scoring_Config'!$C:$C,5),0),"False,0")} -> 0 | AZ6: {=IF(LEFT(AU6,4)="True",0,(IF(LEFT(AC6,4)="True",IF(_xlfn.XLOOKUP("Src_IsAny",'Scoring_Config'!$A:$A,'Scoring_Config'!$D:$D,"Yes")="Yes",_xlfn.XLOOKUP("Src_IsAny",'Scoring_Config'!$A:$A,'Scoring_Config'!$C:$C,25),0),0)+IF(LEFT(AD6,4)="True",IF(_xlfn.XLOOKUP("Src_CIDR_Le_16",'Scoring_Config'!$A:$A,'Scoring_Config'!$D:$D,"Yes")="Yes",_xlfn.XLOOKUP("Src_CIDR_Le_16",'Scoring_Config'!$A:$A,'Scoring_Config'!$C:$C,25),0),0)+IF(LEFT(AE6,4)="True",IF(_xlfn.XLOOKUP("Src_CIDR_17_22",'Scoring_Config'!$A:$A,'Scoring_Config'!$D:$D,"Yes")="Yes",_xlfn.XLOOKUP("Src_CIDR_17_22",'Scoring_Config'!$A:$A,'Scoring_Config'!$C:$C,15),0),0)+IF(LEFT(AF6,4)="True",IF(_xlfn.XLOOKUP("Dst_IsAny",'Scoring_Config'!$A:$A,'Scoring_Config'!$D:$D,"Yes")="Yes",_xlfn.XLOOKUP("Dst_IsAny",'Scoring_Config'!$A:$A,'Scoring_Config'!$C:$C,25),0),0)+IF(LEFT(AG6,4)="True",IF(_xlfn.XLOOKUP("Dst_CIDR_Le_16",'Scoring_Config'!$A:$A,'Scoring_Config'!$D:$D,"Yes")="Yes",_xlfn.XLOOKUP("Dst_CIDR_Le_16",'Scoring_Config'!$A:$A,'Scoring_Config'!$C:$C,25),0),0)+IF(LEFT(AH6,4)="True",IF(_xlfn.XLOOKUP("Dst_CIDR_17_22",'Scoring_Config'!$A:$A,'Scoring_Config'!$D:$D,"Yes")="Yes",_xlfn.XLOOKUP("Dst_CIDR_17_22",'Scoring_Config'!$A:$A,'Scoring_Config'!$C:$C,15),0),0)+IF(LEFT(AI6,4)="True",IF(_xlfn.XLOOKUP("SrcZone_IsAny",'Scoring_Config'!$A:$A,'Scoring_Config'!$D:$D,"Yes")="Yes",_xlfn.XLOOKUP("SrcZone_IsAny",'Scoring_Config'!$A:$A,'Scoring_Config'!$C:$C,5),0),0)+IF(LEFT(AJ6,4)="True",IF(_xlfn.XLOOKUP("DstZone_IsAny",'Scoring_Config'!$A:$A,'Scoring_Config'!$D:$D,"Yes")="Yes",_xlfn.XLOOKUP("DstZone_IsAny",'Scoring_Config'!$A:$A,'Scoring_Config'!$C:$C,5),0),0)+IF(LEFT(AK6,4)="True",IF(_xlfn.XLOOKUP("Service_Any_OR_RangeGt1000",'Scoring_Config'!$A:$A,'Scoring_Config'!$D:$D,"Yes")="Yes",_xlfn.XLOOKUP("Service_Any_OR_RangeGt1000",'Scoring_Config'!$A:$A,'Scoring_Config'!$C:$C,25),0),0)+IF(LEFT(AL6,4)="True",IF(_xlfn.XLOOKUP("App_Any_OR_RangeGt1000",'Scoring_Config'!$A:$A,'Scoring_Config'!$D:$D,"Yes")="Yes",_xlfn.XLOOKUP("App_Any_OR_RangeGt1000",'Scoring_Config'!$A:$A,'Scoring_Config'!$C:$C,25),0),0)+IF(LEFT(AM6,4)="True",IF(_xlfn.XLOOKUP("Service_Insecure_Match",'Scoring_Config'!$A:$A,'Scoring_Config'!$D:$D,"Yes")="Yes",_xlfn.XLOOKUP("Service_Insecure_Match",'Scoring_Config'!$A:$A,'Scoring_Config'!$C:$C,20),0),0)+IF(LEFT(AN6,4)="True",IF(_xlfn.XLOOKUP("Risky_Inbound",'Scoring_Config'!$A:$A,'Scoring_Config'!$D:$D,"Yes")="Yes",_xlfn.XLOOKUP("Risky_Inbound",'Scoring_Config'!$A:$A,'Scoring_Config'!$C:$C,20),0),0)+IF(LEFT(AO6,4)="True",IF(_xlfn.XLOOKUP("Risky_Outbound",'Scoring_Config'!$A:$A,'Scoring_Config'!$D:$D,"Yes")="Yes",_xlfn.XLOOKUP("Risky_Outbound",'Scoring_Config'!$A:$A,'Scoring_Config'!$C:$C,10),0),0)+IF(LEFT(AW6,4)="True",IF(_xlfn.XLOOKUP("Migrate_Insecure",'Scoring_Config'!$A:$A,'Scoring_Config'!$D:$D,"Yes")="Yes",_xlfn.XLOOKUP("Migrate_Insecure",'Scoring_Config'!$A:$A,'Scoring_Config'!$C:$C,15),0),0)+IF(LEFT(AY6,4)="True",IF(_xlfn.XLOOKUP("Migrate_Other_Ports",'Scoring_Config'!$A:$A,'Scoring_Config'!$D:$D,"Yes")="Yes",_xlfn.XLOOKUP("Migrate_Other_Ports",'Scoring_Config'!$A:$A,'Scoring_Config'!$C:$C,5),0),0)+IF(_xlfn.XLOOKUP("Rule_Usage_Scoring",'Scoring_Config'!$A:$A,'Scoring_Config'!$D:$D,"Yes")="Yes",VALUE(MID(AP6,FIND(",",AP6)+1,100)),0)+IF(LEFT(AQ6,4)="True",IF(_xlfn.XLOOKUP("Rule_Usage_Description_Scoring",'Scoring_Config'!$A:$A,'Scoring_Config'!$D:$D,"Yes")="Yes",_xlfn.XLOOKUP("Rule_Usage_Description_Scoring",'Scoring_Config'!$A:$A,'Scoring_Config'!$C:$C,5),0),0)+IF(_xlfn.XLOOKUP("Source_User_Scoring",'Scoring_Config'!$A:$A,'Scoring_Config'!$D:$D,"Yes")="Yes",VALUE(MID(AR6,FIND(",",AR6)+1,100)),0)+IF(_xlfn.XLOOKUP("Profile_Scoring",'Scoring_Config'!$A:$A,'Scoring_Config'!$D:$D,"Yes")="Yes",VALUE(MID(AS6,FIND(",",AS6)+1,100)),0)+IF(_xlfn.XLOOKUP("Options_Scoring",'Scoring_Config'!$A:$A,'Scoring_Config'!$D:$D,"Yes")="Yes",VALUE(MID(AT6,FIND(",",AT6)+1,100)),0)))} -> 0
A7: DC_Policies_Export.csv | B7: Allow_DMZ_to_DMZ_POP3 | C7: la-datacenterfw | E7: universal | F7: DMZ | G7: srv-la-app05.corp.local | H7: 10.156.103.14/32 | I7: any | J7: DMZ | K7: 10.1.5.0/24 | L7: 10.1.5.0/24 | M7: pop3 | N7: 110,tcp | O7: netbios-ns-udp-137 | P7: UDP/137 | Q7: allow | R7: best-practice | S7: log at both ends | T7: 171 | U7: Change approved under INC779751 | V7: ftp, smb | W7: 374 | X7: 2025-05-28 03:05:58 | Y7: 2023-11-23 03:05:58 | AC7: {=IF(FALSE,"True," & IF(_xlfn.XLOOKUP("Src_IsAny",'Scoring_Config'!$A:$A,'Scoring_Config'!$D:$D,"Yes")="Yes",_xlfn.XLOOKUP("Src_IsAny",'Scoring_Config'!$A:$A,'Scoring_Config'!$C:$C,25),0),"False,0")} -> 0 | AD7: {=IF(FALSE,"True," & IF(_xlfn.XLOOKUP("Src_CIDR_Le_16",'Scoring_Config'!$A:$A,'Scoring_Config'!$D:$D,"Yes")="Yes",_xlfn.XLOOKUP("Src_CIDR_Le_16",'Scoring_Config'!$A:$A,'Scoring_Config'!$C:$C,25),0),"False,0")} -> 0 | AE7: {=IF(FALSE,"True," & IF(_xlfn.XLOOKUP("Src_CIDR_17_22",'Scoring_Config'!$A:$A,'Scoring_Config'!$D:$D,"Yes")="Yes",_xlfn.XLOOKUP("Src_CIDR_17_22",'Scoring_Config'!$A:$A,'Scoring_Config'!$C:$C,15),0),"False,0")} -> 0 | AF7: {=IF(FALSE,"True," & IF(_xlfn.XLOOKUP("Dst_IsAny",'Scoring_Config'!$A:$A,'Scoring_Config'!$D:$D,"Yes")="Yes",_xlfn.XLOOKUP("Dst_IsAny",'Scoring_Config'!$A:$A,'Scoring_Config'!$C:$C,25),0),"False,0")} -> 0 | AG7: {=IF(FALSE,"True," & IF(_xlfn.XLOOKUP("Dst_CIDR_Le_16",'Scoring_Config'!$A:$A,'Scoring_Config'!$D:$D,"Yes")="Yes",_xlfn.XLOOKUP("Dst_CIDR_Le_16",'Scoring_Config'!$A:$A,'Scoring_Config'!$C:$C,25),0),"False,0")} -> 0 | AH7: {=IF(FALSE,"True," & IF(_xlfn.XLOOKUP("Dst_CIDR_17_22",'Scoring_Config'!$A:$A,'Scoring_Config'!$D:$D,"Yes")="Yes",_xlfn.XLOOKUP("Dst_CIDR_17_22",'Scoring_Config'!$A:$A,'Scoring_Config'!$C:$C,15),0),"False,0")} -> 0 | AI7: {=IF(FALSE,"True," & IF(_xlfn.XLOOKUP("SrcZone_IsAny",'Scoring_Config'!$A:$A,'Scoring_Config'!$D:$D,"Yes")="Yes",_xlfn.XLOOKUP("SrcZone_IsAny",'Scoring_Config'!$A:$A,'Scoring_Config'!$C:$C,5),0),"False,0")} -> 0 | AJ7: {=IF(FALSE,"True," & IF(_xlfn.XLOOKUP("DstZone_IsAny",'Scoring_Config'!$A:$A,'Scoring_Config'!$D:$D,"Yes")="Yes",_xlfn.XLOOKUP("DstZone_IsAny",'Scoring_Config'!$A:$A,'Scoring_Config'!$C:$C,5),0),"False,0")} -> 0 | AK7: {=IF(FALSE,"True," & IF(_xlfn.XLOOKUP("Service_Any_OR_RangeGt1000",'Scoring_Config'!$A:$A,'Scoring_Config'!$D:$D,"Yes")="Yes",_xlfn.XLOOKUP("Service_Any_OR_RangeGt1000",'Scoring_Config'!$A:$A,'Scoring_Config'!$C:$C,25),0),"False,0")} -> 0 | AL7: {=IF(FALSE,"True," & IF(_xlfn.XLOOKUP("App_Any_OR_RangeGt1000",'Scoring_Config'!$A:$A,'Scoring_Config'!$D:$D,"Yes")="Yes",_xlfn.XLOOKUP("App_Any_OR_RangeGt1000",'Scoring_Config'!$A:$A,'Scoring_Config'!$C:$C,25),0),"False,0")} -> 0 | AM7: {=IF(TRUE,"True," & IF(_xlfn.XLOOKUP("Service_Insecure_Match",'Scoring_Config'!$A:$A,'Scoring_Config'!$D:$D,"Yes")="Yes",_xlfn.XLOOKUP("Service_Insecure_Match",'Scoring_Config'!$A:$A,'Scoring_Config'!$C:$C,20),0),"False,0")} -> 0 | AN7: {=IF(FALSE,"True," & IF(_xlfn.XLOOKUP("Risky_Inbound",'Scoring_Config'!$A:$A,'Scoring_Config'!$D:$D,"Yes")="Yes",_xlfn.XLOOKUP("Risky_Inbound",'Scoring_Config'!$A:$A,'Scoring_Config'!$C:$C,20),0),"False,0")} -> 0 | AO7: {=IF(FALSE,"True," & IF(_xlfn.XLOOKUP("Risky_Outbound",'Scoring_Config'!$A:$A,'Scoring_Config'!$D:$D,"Yes")="Yes",_xlfn.XLOOKUP("Risky_Outbound",'Scoring_Config'!$A:$A,'Scoring_Config'!$C:$C,10),0),"False,0")} -> 0 | AP7: True,5 | AQ7: {=IF(FALSE,"True," & IF(_xlfn.XLOOKUP("Rule_Usage_Description_Scoring",'Scoring_Config'!$A:$A,'Scoring_Config'!$D:$D,"Yes")="Yes",_xlfn.XLOOKUP("Rule_Usage_Description_Scoring",'Scoring_Config'!$A:$A,'Scoring_Config'!$C:$C,5),0),"False,0")} -> 0 | AR7: False,0 | AS7: False,0 | AT7: False,0 | AU7: {=IF(FALSE,"True," & IF(_xlfn.XLOOKUP("Action_IsDenyOrDrop",'Scoring_Config'!$A:$A,'Scoring_Config'!$D:$D,"Yes")="Yes",_xlfn.XLOOKUP("Action_IsDenyOrDrop",'Scoring_Config'!$A:$A,'Scoring_Config'!$C:$C,0),0),"False,0")} -> 0 | AW7: {=IF(FALSE,"True," & IF(_xlfn.XLOOKUP("Migrate_Insecure",'Scoring_Config'!$A:$A,'Scoring_Config'!$D:$D,"Yes")="Yes",_xlfn.XLOOKUP("Migrate_Insecure",'Scoring_Config'!$A:$A,'Scoring_Config'!$C:$C,15),0),"False,0")} -> 0 | AY7: {=IF(FALSE,"True," & IF(_xlfn.XLOOKUP("Migrate_Other_Ports",'Scoring_Config'!$A:$A,'Scoring_Config'!$D:$D,"Yes")="Yes",_xlfn.XLOOKUP("Migrate_Other_Ports",'Scoring_Config'!$A:$A,'Scoring_Config'!$C:$C,5),0),"False,0")} -> 0 | AZ7: {=IF(LEFT(AU7,4)="True",0,(IF(LEFT(AC7,4)="True",IF(_xlfn.XLOOKUP("Src_IsAny",'Scoring_Config'!$A:$A,'Scoring_Config'!$D:$D,"Yes")="Yes",_xlfn.XLOOKUP("Src_IsAny",'Scoring_Config'!$A:$A,'Scoring_Config'!$C:$C,25),0),0)+IF(LEFT(AD7,4)="True",IF(_xlfn.XLOOKUP("Src_CIDR_Le_16",'Scoring_Config'!$A:$A,'Scoring_Config'!$D:$D,"Yes")="Yes",_xlfn.XLOOKUP("Src_CIDR_Le_16",'Scoring_Config'!$A:$A,'Scoring_Config'!$C:$C,25),0),0)+IF(LEFT(AE7,4)="True",IF(_xlfn.XLOOKUP("Src_CIDR_17_22",'Scoring_Config'!$A:$A,'Scoring_Config'!$D:$D,"Yes")="Yes",_xlfn.XLOOKUP("Src_CIDR_17_22",'Scoring_Config'!$A:$A,'Scoring_Config'!$C:$C,15),0),0)+IF(LEFT(AF7,4)="True",IF(_xlfn.XLOOKUP("Dst_IsAny",'Scoring_Config'!$A:$A,'Scoring_Config'!$D:$D,"Yes")="Yes",_xlfn.XLOOKUP("Dst_IsAny",'Scoring_Config'!$A:$A,'Scoring_Config'!$C:$C,25),0),0)+IF(LEFT(AG7,4)="True",IF(_xlfn.XLOOKUP("Dst_CIDR_Le_16",'Scoring_Config'!$A:$A,'Scoring_Config'!$D:$D,"Yes")="Yes",_xlfn.XLOOKUP("Dst_CIDR_Le_16",'Scoring_Config'!$A:$A,'Scoring_Config'!$C:$C,25),0),0)+IF(LEFT(AH7,4)="True",IF(_xlfn.XLOOKUP("Dst_CIDR_17_22",'Scoring_Config'!$A:$A,'Scoring_Config'!$D:$D,"Yes")="Yes",_xlfn.XLOOKUP("Dst_CIDR_17_22",'Scoring_Config'!$A:$A,'Scoring_Config'!$C:$C,15),0),0)+IF(LEFT(AI7,4)="True",IF(_xlfn.XLOOKUP("SrcZone_IsAny",'Scoring_Config'!$A:$A,'Scoring_Config'!$D:$D,"Yes")="Yes",_xlfn.XLOOKUP("SrcZone_IsAny",'Scoring_Config'!$A:$A,'Scoring_Config'!$C:$C,5),0),0)+IF(LEFT(AJ7,4)="True",IF(_xlfn.XLOOKUP("DstZone_IsAny",'Scoring_Config'!$A:$A,'Scoring_Config'!$D:$D,"Yes")="Yes",_xlfn.XLOOKUP("DstZone_IsAny",'Scoring_Config'!$A:$A,'Scoring_Config'!$C:$C,5),0),0)+IF(LEFT(AK7,4)="True",IF(_xlfn.XLOOKUP("Service_Any_OR_RangeGt1000",'Scoring_Config'!$A:$A,'Scoring_Config'!$D:$D,"Yes")="Yes",_xlfn.XLOOKUP("Service_Any_OR_RangeGt1000",'Scoring_Config'!$A:$A,'Scoring_Config'!$C:$C,25),0),0)+IF(LEFT(AL7,4)="True",IF(_xlfn.XLOOKUP("App_Any_OR_RangeGt1000",'Scoring_Config'!$A:$A,'Scoring_Config'!$D:$D,"Yes")="Yes",_xlfn.XLOOKUP("App_Any_OR_RangeGt1000",'Scoring_Config'!$A:$A,'Scoring_Config'!$C:$C,25),0),0)+IF(LEFT(AM7,4)="True",IF(_xlfn.XLOOKUP("Service_Insecure_Match",'Scoring_Config'!$A:$A,'Scoring_Config'!$D:$D,"Yes")="Yes",_xlfn.XLOOKUP("Service_Insecure_Match",'Scoring_Config'!$A:$A,'Scoring_Config'!$C:$C,20),0),0)+IF(LEFT(AN7,4)="True",IF(_xlfn.XLOOKUP("Risky_Inbound",'Scoring_Config'!$A:$A,'Scoring_Config'!$D:$D,"Yes")="Yes",_xlfn.XLOOKUP("Risky_Inbound",'Scoring_Config'!$A:$A,'Scoring_Config'!$C:$C,20),0),0)+IF(LEFT(AO7,4)="True",IF(_xlfn.XLOOKUP("Risky_Outbound",'Scoring_Config'!$A:$A,'Scoring_Config'!$D:$D,"Yes")="Yes",_xlfn.XLOOKUP("Risky_Outbound",'Scoring_Config'!$A:$A,'Scoring_Config'!$C:$C,10),0),0)+IF(LEFT(AW7,4)="True",IF(_xlfn.XLOOKUP("Migrate_Insecure",'Scoring_Config'!$A:$A,'Scoring_Config'!$D:$D,"Yes")="Yes",_xlfn.XLOOKUP("Migrate_Insecure",'Scoring_Config'!$A:$A,'Scoring_Config'!$C:$C,15),0),0)+IF(LEFT(AY7,4)="True",IF(_xlfn.XLOOKUP("Migrate_Other_Ports",'Scoring_Config'!$A:$A,'Scoring_Config'!$D:$D,"Yes")="Yes",_xlfn.XLOOKUP("Migrate_Other_Ports",'Scoring_Config'!$A:$A,'Scoring_Config'!$C:$C,5),0),0)+IF(_xlfn.XLOOKUP("Rule_Usage_Scoring",'Scoring_Config'!$A:$A,'Scoring_Config'!$D:$D,"Yes")="Yes",VALUE(MID(AP7,FIND(",",AP7)+1,100)),0)+IF(LEFT(AQ7,4)="True",IF(_xlfn.XLOOKUP("Rule_Usage_Description_Scoring",'Scoring_Config'!$A:$A,'Scoring_Config'!$D:$D,"Yes")="Yes",_xlfn.XLOOKUP("Rule_Usage_Description_Scoring",'Scoring_Config'!$A:$A,'Scoring_Config'!$C:$C,5),0),0)+IF(_xlfn.XLOOKUP("Source_User_Scoring",'Scoring_Config'!$A:$A,'Scoring_Config'!$D:$D,"Yes")="Yes",VALUE(MID(AR7,FIND(",",AR7)+1,100)),0)+IF(_xlfn.XLOOKUP("Profile_Scoring",'Scoring_Config'!$A:$A,'Scoring_Config'!$D:$D,"Yes")="Yes",VALUE(MID(AS7,FIND(",",AS7)+1,100)),0)+IF(_xlfn.XLOOKUP("Options_Scoring",'Scoring_Config'!$A:$A,'Scoring_Config'!$D:$D,"Yes")="Yes",VALUE(MID(AT7,FIND(",",AT7)+1,100)),0)))} -> 0
A8: DC_Policies_Export.csv | B8: Allow_Internet_to_Mgmt_DNS | C8: la-datacenterfw | E8: universal | F8: Untrust | G8: any | H8: any | I8: svc_backup | J8: Trust | K8: any | L8: any | M8: any | N8: any | O8: ms-rpc-udp-135 | P8: UDP/135 | Q8: allow | R8: none | S8: Traffic log sent at start | T8: 8325 | U8: Temporary workaround—no ticket provided | V8: ssh | W8: 252 | X8: 2025-08-04 05:23:58 | Y8: 2023-03-12 05:23:58 | AC8: {=IF(TRUE,"True," & IF(_xlfn.XLOOKUP("Src_IsAny",'Scoring_Config'!$A:$A,'Scoring_Config'!$D:$D,"Yes")="Yes",_xlfn.XLOOKUP("Src_IsAny",'Scoring_Config'!$A:$A,'Scoring_Config'!$C:$C,25),0),"False,0")} -> 0 | AD8: {=IF(FALSE,"True," & IF(_xlfn.XLOOKUP("Src_CIDR_Le_16",'Scoring_Config'!$A:$A,'Scoring_Config'!$D:$D,"Yes")="Yes",_xlfn.XLOOKUP("Src_CIDR_Le_16",'Scoring_Config'!$A:$A,'Scoring_Config'!$C:$C,25),0),"False,0")} -> 0 | AE8: {=IF(FALSE,"True," & IF(_xlfn.XLOOKUP("Src_CIDR_17_22",'Scoring_Config'!$A:$A,'Scoring_Config'!$D:$D,"Yes")="Yes",_xlfn.XLOOKUP("Src_CIDR_17_22",'Scoring_Config'!$A:$A,'Scoring_Config'!$C:$C,15),0),"False,0")} -> 0 | AF8: {=IF(TRUE,"True," & IF(_xlfn.XLOOKUP("Dst_IsAny",'Scoring_Config'!$A:$A,'Scoring_Config'!$D:$D,"Yes")="Yes",_xlfn.XLOOKUP("Dst_IsAny",'Scoring_Config'!$A:$A,'Scoring_Config'!$C:$C,25),0),"False,0")} -> 0 | AG8: {=IF(FALSE,"True," & IF(_xlfn.XLOOKUP("Dst_CIDR_Le_16",'Scoring_Config'!$A:$A,'Scoring_Config'!$D:$D,"Yes")="Yes",_xlfn.XLOOKUP("Dst_CIDR_Le_16",'Scoring_Config'!$A:$A,'Scoring_Config'!$C:$C,25),0),"False,0")} -> 0 | AH8: {=IF(FALSE,"True," & IF(_xlfn.XLOOKUP("Dst_CIDR_17_22",'Scoring_Config'!$A:$A,'Scoring_Config'!$D:$D,"Yes")="Yes",_xlfn.XLOOKUP("Dst_CIDR_17_22",'Scoring_Config'!$A:$A,'Scoring_Config'!$C:$C,15),0),"False,0")} -> 0 | AI8: {=IF(FALSE,"True," & IF(_xlfn.XLOOKUP("SrcZone_IsAny",'Scoring_Config'!$A:$A,'Scoring_Config'!$D:$D,"Yes")="Yes",_xlfn.XLOOKUP("SrcZone_IsAny",'Scoring_Config'!$A:$A,'Scoring_Config'!$C:$C,5),0),"False,0")} -> 0 | AJ8: {=IF(FALSE,"True," & IF(_xlfn.XLOOKUP("DstZone_IsAny",'Scoring_Config'!$A:$A,'Scoring_Config'!$D:$D,"Yes")="Yes",_xlfn.XLOOKUP("DstZone_IsAny",'Scoring_Config'!$A:$A,'Scoring_Config'!$C:$C,5),0),"False,0")} -> 0 | AK8: {=IF(FALSE,"True," & IF(_xlfn.XLOOKUP("Service_Any_OR_RangeGt1000",'Scoring_Config'!$A:$A,'Scoring_Config'!$D:$D,"Yes")="Yes",_xlfn.XLOOKUP("Service_Any_OR_RangeGt1000",'Scoring_Config'!$A:$A,'Scoring_Config'!$C:$C,25),0),"False,0")} -> 0 | AL8: {=IF(TRUE,"True," & IF(_xlfn.XLOOKUP("App_Any_OR_RangeGt1000",'Scoring_Config'!$A:$A,'Scoring_Config'!$D:$D,"Yes")="Yes",_xlfn.XLOOKUP("App_Any_OR_RangeGt1000",'Scoring_Config'!$A:$A,'Scoring_Config'!$C:$C,25),0),"False,0")} -> 0 | AM8: {=IF(TRUE,"True," & IF(_xlfn.XLOOKUP("Service_Insecure_Match",'Scoring_Config'!$A:$A,'Scoring_Config'!$D:$D,"Yes")="Yes",_xlfn.XLOOKUP("Service_Insecure_Match",'Scoring_Config'!$A:$A,'Scoring_Config'!$C:$C,20),0),"False,0")} -> 0 | AN8: {=IF(FALSE,"True," & IF(_xlfn.XLOOKUP("Risky_Inbound",'Scoring_Config'!$A:$A,'Scoring_Config'!$D:$D,"Yes")="Yes",_xlfn.XLOOKUP("Risky_Inbound",'Scoring_Config'!$A:$A,'Scoring_Config'!$C:$C,20),0),"False,0")} -> 0 | AO8: {=IF(FALSE,"True," & IF(_xlfn.XLOOKUP("Risky_Outbound",'Scoring_Config'!$A:$A,'Scoring_Config'!$D:$D,"Yes")="Yes",_xlfn.XLOOKUP("Risky_Outbound",'Scoring_Config'!$A:$A,'Scoring_Config'!$C:$C,10),0),"False,0")} -> 0 | AP8: True,5 | AQ8: {=IF(TRUE,"True," & IF(_xlfn.XLOOKUP("Rule_Usage_Description_Scoring",'Scoring_Config'!$A:$A,'Scoring_Config'!$D:$D,"Yes")="Yes",_xlfn.XLOOKUP("Rule_Usage_Description_Scoring",'Scoring_Config'!$A:$A,'Scoring_Config'!$C:$C,5),0),"False,0")} -> 0 | AR8: True,-10 | AS8: True,5 | AT8: False,0 | AU8: {=IF(FALSE,"True," & IF(_xlfn.XLOOKUP("Action_IsDenyOrDrop",'Scoring_Config'!$A:$A,'Scoring_Config'!$D:$D,"Yes")="Yes",_xlfn.XLOOKUP("Action_IsDenyOrDrop",'Scoring_Config'!$A:$A,'Scoring_Config'!$C:$C,0),0),"False,0")} -> 0 | AW8: {=IF(FALSE,"True," & IF(_xlfn.XLOOKUP("Migrate_Insecure",'Scoring_Config'!$A:$A,'Scoring_Config'!$D:$D,"Yes")="Yes",_xlfn.XLOOKUP("Migrate_Insecure",'Scoring_Config'!$A:$A,'Scoring_Config'!$C:$C,15),0),"False,0")} -> 0 | AY8: {=IF(FALSE,"True," & IF(_xlfn.XLOOKUP("Migrate_Other_Ports",'Scoring_Config'!$A:$A,'Scoring_Config'!$D:$D,"Yes")="Yes",_xlfn.XLOOKUP("Migrate_Other_Ports",'Scoring_Config'!$A:$A,'Scoring_Config'!$C:$C,5),0),"False,0")} -> 0 | AZ8: {=IF(LEFT(AU8,4)="True",0,(IF(LEFT(AC8,4)="True",IF(_xlfn.XLOOKUP("Src_IsAny",'Scoring_Config'!$A:$A,'Scoring_Config'!$D:$D,"Yes")="Yes",_xlfn.XLOOKUP("Src_IsAny",'Scoring_Config'!$A:$A,'Scoring_Config'!$C:$C,25),0),0)+IF(LEFT(AD8,4)="True",IF(_xlfn.XLOOKUP("Src_CIDR_Le_16",'Scoring_Config'!$A:$A,'Scoring_Config'!$D:$D,"Yes")="Yes",_xlfn.XLOOKUP("Src_CIDR_Le_16",'Scoring_Config'!$A:$A,'Scoring_Config'!$C:$C,25),0),0)+IF(LEFT(AE8,4)="True",IF(_xlfn.XLOOKUP("Src_CIDR_17_22",'Scoring_Config'!$A:$A,'Scoring_Config'!$D:$D,"Yes")="Yes",_xlfn.XLOOKUP("Src_CIDR_17_22",'Scoring_Config'!$A:$A,'Scoring_Config'!$C:$C,15),0),0)+IF(LEFT(AF8,4)="True",IF(_xlfn.XLOOKUP("Dst_IsAny",'Scoring_Config'!$A:$A,'Scoring_Config'!$D:$D,"Yes")="Yes",_xlfn.XLOOKUP("Dst_IsAny",'Scoring_Config'!$A:$A,'Scoring_Config'!$C:$C,25),0),0)+IF(LEFT(AG8,4)="True",IF(_xlfn.XLOOKUP("Dst_CIDR_Le_16",'Scoring_Config'!$A:$A,'Scoring_Config'!$D:$D,"Yes")="Yes",_xlfn.XLOOKUP("Dst_CIDR_Le_16",'Scoring_Config'!$A:$A,'Scoring_Config'!$C:$C,25),0),0)+IF(LEFT(AH8,4)="True",IF(_xlfn.XLOOKUP("Dst_CIDR_17_22",'Scoring_Config'!$A:$A,'Scoring_Config'!$D:$D,"Yes")="Yes",_xlfn.XLOOKUP("Dst_CIDR_17_22",'Scoring_Config'!$A:$A,'Scoring_Config'!$C:$C,15),0),0)+IF(LEFT(AI8,4)="True",IF(_xlfn.XLOOKUP("SrcZone_IsAny",'Scoring_Config'!$A:$A,'Scoring_Config'!$D:$D,"Yes")="Yes",_xlfn.XLOOKUP("SrcZone_IsAny",'Scoring_Config'!$A:$A,'Scoring_Config'!$C:$C,5),0),0)+IF(LEFT(AJ8,4)="True",IF(_xlfn.XLOOKUP("DstZone_IsAny",'Scoring_Config'!$A:$A,'Scoring_Config'!$D:$D,"Yes")="Yes",_xlfn.XLOOKUP("DstZone_IsAny",'Scoring_Config'!$A:$A,'Scoring_Config'!$C:$C,5),0),0)+IF(LEFT(AK8,4)="True",IF(_xlfn.XLOOKUP("Service_Any_OR_RangeGt1000",'Scoring_Config'!$A:$A,'Scoring_Config'!$D:$D,"Yes")="Yes",_xlfn.XLOOKUP("Service_Any_OR_RangeGt1000",'Scoring_Config'!$A:$A,'Scoring_Config'!$C:$C,25),0),0)+IF(LEFT(AL8,4)="True",IF(_xlfn.XLOOKUP("App_Any_OR_RangeGt1000",'Scoring_Config'!$A:$A,'Scoring_Config'!$D:$D,"Yes")="Yes",_xlfn.XLOOKUP("App_Any_OR_RangeGt1000",'Scoring_Config'!$A:$A,'Scoring_Config'!$C:$C,25),0),0)+IF(LEFT(AM8,4)="True",IF(_xlfn.XLOOKUP("Service_Insecure_Match",'Scoring_Config'!$A:$A,'Scoring_Config'!$D:$D,"Yes")="Yes",_xlfn.XLOOKUP("Service_Insecure_Match",'Scoring_Config'!$A:$A,'Scoring_Config'!$C:$C,20),0),0)+IF(LEFT(AN8,4)="True",IF(_xlfn.XLOOKUP("Risky_Inbound",'Scoring_Config'!$A:$A,'Scoring_Config'!$D:$D,"Yes")="Yes",_xlfn.XLOOKUP("Risky_Inbound",'Scoring_Config'!$A:$A,'Scoring_Config'!$C:$C,20),0),0)+IF(LEFT(AO8,4)="True",IF(_xlfn.XLOOKUP("Risky_Outbound",'Scoring_Config'!$A:$A,'Scoring_Config'!$D:$D,"Yes")="Yes",_xlfn.XLOOKUP("Risky_Outbound",'Scoring_Config'!$A:$A,'Scoring_Config'!$C:$C,10),0),0)+IF(LEFT(AW8,4)="True",IF(_xlfn.XLOOKUP("Migrate_Insecure",'Scoring_Config'!$A:$A,'Scoring_Config'!$D:$D,"Yes")="Yes",_xlfn.XLOOKUP("Migrate_Insecure",'Scoring_Config'!$A:$A,'Scoring_Config'!$C:$C,15),0),0)+IF(LEFT(AY8,4)="True",IF(_xlfn.XLOOKUP("Migrate_Other_Ports",'Scoring_Config'!$A:$A,'Scoring_Config'!$D:$D,"Yes")="Yes",_xlfn.XLOOKUP("Migrate_Other_Ports",'Scoring_Config'!$A:$A,'Scoring_Config'!$C:$C,5),0),0)+IF(_xlfn.XLOOKUP("Rule_Usage_Scoring",'Scoring_Config'!$A:$A,'Scoring_Config'!$D:$D,"Yes")="Yes",VALUE(MID(AP8,FIND(",",AP8)+1,100)),0)+IF(LEFT(AQ8,4)="True",IF(_xlfn.XLOOKUP("Rule_Usage_Description_Scoring",'Scoring_Config'!$A:$A,'Scoring_Config'!$D:$D,"Yes")="Yes",_xlfn.XLOOKUP("Rule_Usage_Description_Scoring",'Scoring_Config'!$A:$A,'Scoring_Config'!$C:$C,5),0),0)+IF(_xlfn.XLOOKUP("Source_User_Scoring",'Scoring_Config'!$A:$A,'Scoring_Config'!$D:$D,"Yes")="Yes",VALUE(MID(AR8,FIND(",",AR8)+1,100)),0)+IF(_xlfn.XLOOKUP("Profile_Scoring",'Scoring_Config'!$A:$A,'Scoring_Config'!$D:$D,"Yes")="Yes",VALUE(MID(AS8,FIND(",",AS8)+1,100)),0)+IF(_xlfn.XLOOKUP("Options_Scoring",'Scoring_Config'!$A:$A,'Scoring_Config'!$D:$D,"Yes")="Yes",VALUE(MID(AT8,FIND(",",AT8)+1,100)),0)))} -> 0
A9: DC_Policies_Export.csv | B9: Allow_DMZ_to_Mgmt_IMAP | C9: la-datacenterfw | E9: universal | F9: DMZ | G9: srv-la-app07.corp.local | H9: 10.121.205.16/32 | I9: svc_batch | J9: Mgmt | K9: 10.1.10.0/24 | L9: 10.1.10.0/24 | M9: imap | N9: 143,tcp | O9: backdoor-common-tcp-4444 | P9: TCP/4444 | Q9: allow | R9: antivirus | S9: Traffic log sent at start; Log Forwarding Profile setting: Forward to Panorama | T9: 5811 | U9: Temporary allow per INC245015 (expires in 30d) | V9: dns | W9: 95 | X9: 2024-12-18 10:39:58 | Y9: 2024-01-15 10:39:58 | AC9: {=IF(FALSE,"True," & IF(_xlfn.XLOOKUP("Src_IsAny",'Scoring_Config'!$A:$A,'Scoring_Config'!$D:$D,"Yes")="Yes",_xlfn.XLOOKUP("Src_IsAny",'Scoring_Config'!$A:$A,'Scoring_Config'!$C:$C,25),0),"False,0")} -> 0 | AD9: {=IF(FALSE,"True," & IF(_xlfn.XLOOKUP("Src_CIDR_Le_16",'Scoring_Config'!$A:$A,'Scoring_Config'!$D:$D,"Yes")="Yes",_xlfn.XLOOKUP("Src_CIDR_Le_16",'Scoring_Config'!$A:$A,'Scoring_Config'!$C:$C,25),0),"False,0")} -> 0 | AE9: {=IF(FALSE,"True," & IF(_xlfn.XLOOKUP("Src_CIDR_17_22",'Scoring_Config'!$A:$A,'Scoring_Config'!$D:$D,"Yes")="Yes",_xlfn.XLOOKUP("Src_CIDR_17_22",'Scoring_Config'!$A:$A,'Scoring_Config'!$C:$C,15),0),"False,0")} -> 0 | AF9: {=IF(FALSE,"True," & IF(_xlfn.XLOOKUP("Dst_IsAny",'Scoring_Config'!$A:$A,'Scoring_Config'!$D:$D,"Yes")="Yes",_xlfn.XLOOKUP("Dst_IsAny",'Scoring_Config'!$A:$A,'Scoring_Config'!$C:$C,25),0),"False,0")} -> 0 | AG9: {=IF(FALSE,"True," & IF(_xlfn.XLOOKUP("Dst_CIDR_Le_16",'Scoring_Config'!$A:$A,'Scoring_Config'!$D:$D,"Yes")="Yes",_xlfn.XLOOKUP("Dst_CIDR_Le_16",'Scoring_Config'!$A:$A,'Scoring_Config'!$C:$C,25),0),"False,0")} -> 0 | AH9: {=IF(FALSE,"True," & IF(_xlfn.XLOOKUP("Dst_CIDR_17_22",'Scoring_Config'!$A:$A,'Scoring_Config'!$D:$D,"Yes")="Yes",_xlfn.XLOOKUP("Dst_CIDR_17_22",'Scoring_Config'!$A:$A,'Scoring_Config'!$C:$C,15),0),"False,0")} -> 0 | AI9: {=IF(FALSE,"True," & IF(_xlfn.XLOOKUP("SrcZone_IsAny",'Scoring_Config'!$A:$A,'Scoring_Config'!$D:$D,"Yes")="Yes",_xlfn.XLOOKUP("SrcZone_IsAny",'Scoring_Config'!$A:$A,'Scoring_Config'!$C:$C,5),0),"False,0")} -> 0 | AJ9: {=IF(FALSE,"True," & IF(_xlfn.XLOOKUP("DstZone_IsAny",'Scoring_Config'!$A:$A,'Scoring_Config'!$D:$D,"Yes")="Yes",_xlfn.XLOOKUP("DstZone_IsAny",'Scoring_Config'!$A:$A,'Scoring_Config'!$C:$C,5),0),"False,0")} -> 0 | AK9: {=IF(FALSE,"True," & IF(_xlfn.XLOOKUP("Service_Any_OR_RangeGt1000",'Scoring_Config'!$A:$A,'Scoring_Config'!$D:$D,"Yes")="Yes",_xlfn.XLOOKUP("Service_Any_OR_RangeGt1000",'Scoring_Config'!$A:$A,'Scoring_Config'!$C:$C,25),0),"False,0")} -> 0 | AL9: {=IF(FALSE,"True," & IF(_xlfn.XLOOKUP("App_Any_OR_RangeGt1000",'Scoring_Config'!$A:$A,'Scoring_Config'!$D:$D,"Yes")="Yes",_xlfn.XLOOKUP("App_Any_OR_RangeGt1000",'Scoring_Config'!$A:$A,'Scoring_Config'!$C:$C,25),0),"False,0")} -> 0 | AM9: {=IF(TRUE,"True," & IF(_xlfn.XLOOKUP("Service_Insecure_Match",'Scoring_Config'!$A:$A,'Scoring_Config'!$D:$D,"Yes")="Yes",_xlfn.XLOOKUP("Service_Insecure_Match",'Scoring_Config'!$A:$A,'Scoring_Config'!$C:$C,20),0),"False,0")} -> 0 | AN9: {=IF(FALSE,"True," & IF(_xlfn.XLOOKUP("Risky_Inbound",'Scoring_Config'!$A:$A,'Scoring_Config'!$D:$D,"Yes")="Yes",_xlfn.XLOOKUP("Risky_Inbound",'Scoring_Config'!$A:$A,'Scoring_Config'!$C:$C,20),0),"False,0")} -> 0 | AO9: {=IF(FALSE,"True," & IF(_xlfn.XLOOKUP("Risky_Outbound",'Scoring_Config'!$A:$A,'Scoring_Config'!$D:$D,"Yes")="Yes",_xlfn.XLOOKUP("Risky_Outbound",'Scoring_Config'!$A:$A,'Scoring_Config'!$C:$C,10),0),"False,0")} -> 0 | AP9: True,5 | AQ9: {=IF(FALSE,"True," & IF(_xlfn.XLOOKUP("Rule_Usage_Description_Scoring",'Scoring_Config'!$A:$A,'Scoring_Config'!$D:$D,"Yes")="Yes",_xlfn.XLOOKUP("Rule_Usage_Description_Scoring",'Scoring_Config'!$A:$A,'Scoring_Config'!$C:$C,5),0),"False,0")} -> 0 | AR9: True,-10 | AS9: False,0 | AT9: False,0 | AU9: {=IF(FALSE,"True," & IF(_xlfn.XLOOKUP("Action_IsDenyOrDrop",'Scoring_Config'!$A:$A,'Scoring_Config'!$D:$D,"Yes")="Yes",_xlfn.XLOOKUP("Action_IsDenyOrDrop",'Scoring_Config'!$A:$A,'Scoring_Config'!$C:$C,0),0),"False,0")} -> 0 | AW9: {=IF(FALSE,"True," & IF(_xlfn.XLOOKUP("Migrate_Insecure",'Scoring_Config'!$A:$A,'Scoring_Config'!$D:$D,"Yes")="Yes",_xlfn.XLOOKUP("Migrate_Insecure",'Scoring_Config'!$A:$A,'Scoring_Config'!$C:$C,15),0),"False,0")} -> 0 | AY9: {=IF(FALSE,"True," & IF(_xlfn.XLOOKUP("Migrate_Other_Ports",'Scoring_Config'!$A:$A,'Scoring_Config'!$D:$D,"Yes")="Yes",_xlfn.XLOOKUP("Migrate_Other_Ports",'Scoring_Config'!$A:$A,'Scoring_Config'!$C:$C,5),0),"False,0")} -> 0 | AZ9: {=IF(LEFT(AU9,4)="True",0,(IF(LEFT(AC9,4)="True",IF(_xlfn.XLOOKUP("Src_IsAny",'Scoring_Config'!$A:$A,'Scoring_Config'!$D:$D,"Yes")="Yes",_xlfn.XLOOKUP("Src_IsAny",'Scoring_Config'!$A:$A,'Scoring_Config'!$C:$C,25),0),0)+IF(LEFT(AD9,4)="True",IF(_xlfn.XLOOKUP("Src_CIDR_Le_16",'Scoring_Config'!$A:$A,'Scoring_Config'!$D:$D,"Yes")="Yes",_xlfn.XLOOKUP("Src_CIDR_Le_16",'Scoring_Config'!$A:$A,'Scoring_Config'!$C:$C,25),0),0)+IF(LEFT(AE9,4)="True",IF(_xlfn.XLOOKUP("Src_CIDR_17_22",'Scoring_Config'!$A:$A,'Scoring_Config'!$D:$D,"Yes")="Yes",_xlfn.XLOOKUP("Src_CIDR_17_22",'Scoring_Config'!$A:$A,'Scoring_Config'!$C:$C,15),0),0)+IF(LEFT(AF9,4)="True",IF(_xlfn.XLOOKUP("Dst_IsAny",'Scoring_Config'!$A:$A,'Scoring_Config'!$D:$D,"Yes")="Yes",_xlfn.XLOOKUP("Dst_IsAny",'Scoring_Config'!$A:$A,'Scoring_Config'!$C:$C,25),0),0)+IF(LEFT(AG9,4)="True",IF(_xlfn.XLOOKUP("Dst_CIDR_Le_16",'Scoring_Config'!$A:$A,'Scoring_Config'!$D:$D,"Yes")="Yes",_xlfn.XLOOKUP("Dst_CIDR_Le_16",'Scoring_Config'!$A:$A,'Scoring_Config'!$C:$C,25),0),0)+IF(LEFT(AH9,4)="True",IF(_xlfn.XLOOKUP("Dst_CIDR_17_22",'Scoring_Config'!$A:$A,'Scoring_Config'!$D:$D,"Yes")="Yes",_xlfn.XLOOKUP("Dst_CIDR_17_22",'Scoring_Config'!$A:$A,'Scoring_Config'!$C:$C,15),0),0)+IF(LEFT(AI9,4)="True",IF(_xlfn.XLOOKUP("SrcZone_IsAny",'Scoring_Config'!$A:$A,'Scoring_Config'!$D:$D,"Yes")="Yes",_xlfn.XLOOKUP("SrcZone_IsAny",'Scoring_Config'!$A:$A,'Scoring_Config'!$C:$C,5),0),0)+IF(LEFT(AJ9,4)="True",IF(_xlfn.XLOOKUP("DstZone_IsAny",'Scoring_Config'!$A:$A,'Scoring_Config'!$D:$D,"Yes")="Yes",_xlfn.XLOOKUP("DstZone_IsAny",'Scoring_Config'!$A:$A,'Scoring_Config'!$C:$C,5),0),0)+IF(LEFT(AK9,4)="True",IF(_xlfn.XLOOKUP("Service_Any_OR_RangeGt1000",'Scoring_Config'!$A:$A,'Scoring_Config'!$D:$D,"Yes")="Yes",_xlfn.XLOOKUP("Service_Any_OR_RangeGt1000",'Scoring_Config'!$A:$A,'Scoring_Config'!$C:$C,25),0),0)+IF(LEFT(AL9,4)="True",IF(_xlfn.XLOOKUP("App_Any_OR_RangeGt1000",'Scoring_Config'!$A:$A,'Scoring_Config'!$D:$D,"Yes")="Yes",_xlfn.XLOOKUP("App_Any_OR_RangeGt1000",'Scoring_Config'!$A:$A,'Scoring_Config'!$C:$C,25),0),0)+IF(LEFT(AM9,4)="True",IF(_xlfn.XLOOKUP("Service_Insecure_Match",'Scoring_Config'!$A:$A,'Scoring_Config'!$D:$D,"Yes")="Yes",_xlfn.XLOOKUP("Service_Insecure_Match",'Scoring_Config'!$A:$A,'Scoring_Config'!$C:$C,20),0),0)+IF(LEFT(AN9,4)="True",IF(_xlfn.XLOOKUP("Risky_Inbound",'Scoring_Config'!$A:$A,'Scoring_Config'!$D:$D,"Yes")="Yes",_xlfn.XLOOKUP("Risky_Inbound",'Scoring_Config'!$A:$A,'Scoring_Config'!$C:$C,20),0),0)+IF(LEFT(AO9,4)="True",IF(_xlfn.XLOOKUP("Risky_Outbound",'Scoring_Config'!$A:$A,'Scoring_Config'!$D:$D,"Yes")="Yes",_xlfn.XLOOKUP("Risky_Outbound",'Scoring_Config'!$A:$A,'Scoring_Config'!$C:$C,10),0),0)+IF(LEFT(AW9,4)="True",IF(_xlfn.XLOOKUP("Migrate_Insecure",'Scoring_Config'!$A:$A,'Scoring_Config'!$D:$D,"Yes")="Yes",_xlfn.XLOOKUP("Migrate_Insecure",'Scoring_Config'!$A:$A,'Scoring_Config'!$C:$C,15),0),0)+IF(LEFT(AY9,4)="True",IF(_xlfn.XLOOKUP("Migrate_Other_Ports",'Scoring_Config'!$A:$A,'Scoring_Config'!$D:$D,"Yes")="Yes",_xlfn.XLOOKUP("Migrate_Other_Ports",'Scoring_Config'!$A:$A,'Scoring_Config'!$C:$C,5),0),0)+IF(_xlfn.XLOOKUP("Rule_Usage_Scoring",'Scoring_Config'!$A:$A,'Scoring_Config'!$D:$D,"Yes")="Yes",VALUE(MID(AP9,FIND(",",AP9)+1,100)),0)+IF(LEFT(AQ9,4)="True",IF(_xlfn.XLOOKUP("Rule_Usage_Description_Scoring",'Scoring_Config'!$A:$A,'Scoring_Config'!$D:$D,"Yes")="Yes",_xlfn.XLOOKUP("Rule_Usage_Description_Scoring",'Scoring_Config'!$A:$A,'Scoring_Config'!$C:$C,5),0),0)+IF(_xlfn.XLOOKUP("Source_User_Scoring",'Scoring_Config'!$A:$A,'Scoring_Config'!$D:$D,"Yes")="Yes",VALUE(MID(AR9,FIND(",",AR9)+1,100)),0)+IF(_xlfn.XLOOKUP("Profile_Scoring",'Scoring_Config'!$A:$A,'Scoring_Config'!$D:$D,"Yes")="Yes",VALUE(MID(AS9,FIND(",",AS9)+1,100)),0)+IF(_xlfn.XLOOKUP("Options_Scoring",'Scoring_Config'!$A:$A,'Scoring_Config'!$D:$D,"Yes")="Yes",VALUE(MID(AT9,FIND(",",AT9)+1,100)),0)))} -> 0
A10: DC_Policies_Export.csv | B10: Allow_Guest_to_Trust_POP3 | C10: la-datacenterfw | E10: universal | F10: Guest | G10: any | H10: any | I10: any | J10: Trust | K10: 10.1.10.0/24 | L10: 10.1.10.0/24 | M10: pop3 | N10: 110,tcp | O10: dns-udp-53 | P10: UDP/53 | Q10: allow | R10: antivirus | S10: Traffic log sent at session end; Log Forwarding Profile setting: Forward to Panorama | T10: 5937 | U10: Observed traffic baseline only | V10: dns | W10: 373 | X10: 2025-10-21 22:34:58 | Y10: 2022-09-24 22:34:58 | AC10: {=IF(TRUE,"True," & IF(_xlfn.XLOOKUP("Src_IsAny",'Scoring_Config'!$A:$A,'Scoring_Config'!$D:$D,"Yes")="Yes",_xlfn.XLOOKUP("Src_IsAny",'Scoring_Config'!$A:$A,'Scoring_Config'!$C:$C,25),0),"False,0")} -> 0 | AD10: {=IF(FALSE,"True," & IF(_xlfn.XLOOKUP("Src_CIDR_Le_16",'Scoring_Config'!$A:$A,'Scoring_Config'!$D:$D,"Yes")="Yes",_xlfn.XLOOKUP("Src_CIDR_Le_16",'Scoring_Config'!$A:$A,'Scoring_Config'!$C:$C,25),0),"False,0")} -> 0 | AE10: {=IF(FALSE,"True," & IF(_xlfn.XLOOKUP("Src_CIDR_17_22",'Scoring_Config'!$A:$A,'Scoring_Config'!$D:$D,"Yes")="Yes",_xlfn.XLOOKUP("Src_CIDR_17_22",'Scoring_Config'!$A:$A,'Scoring_Config'!$C:$C,15),0),"False,0")} -> 0 | AF10: {=IF(FALSE,"True," & IF(_xlfn.XLOOKUP("Dst_IsAny",'Scoring_Config'!$A:$A,'Scoring_Config'!$D:$D,"Yes")="Yes",_xlfn.XLOOKUP("Dst_IsAny",'Scoring_Config'!$A:$A,'Scoring_Config'!$C:$C,25),0),"False,0")} -> 0 | AG10: {=IF(FALSE,"True," & IF(_xlfn.XLOOKUP("Dst_CIDR_Le_16",'Scoring_Config'!$A:$A,'Scoring_Config'!$D:$D,"Yes")="Yes",_xlfn.XLOOKUP("Dst_CIDR_Le_16",'Scoring_Config'!$A:$A,'Scoring_Config'!$C:$C,25),0),"False,0")} -> 0 | AH10: {=IF(FALSE,"True," & IF(_xlfn.XLOOKUP("Dst_CIDR_17_22",'Scoring_Config'!$A:$A,'Scoring_Config'!$D:$D,"Yes")="Yes",_xlfn.XLOOKUP("Dst_CIDR_17_22",'Scoring_Config'!$A:$A,'Scoring_Config'!$C:$C,15),0),"False,0")} -> 0 | AI10: {=IF(FALSE,"True," & IF(_xlfn.XLOOKUP("SrcZone_IsAny",'Scoring_Config'!$A:$A,'Scoring_Config'!$D:$D,"Yes")="Yes",_xlfn.XLOOKUP("SrcZone_IsAny",'Scoring_Config'!$A:$A,'Scoring_Config'!$C:$C,5),0),"False,0")} -> 0 | AJ10: {=IF(FALSE,"True," & IF(_xlfn.XLOOKUP("DstZone_IsAny",'Scoring_Config'!$A:$A,'Scoring_Config'!$D:$D,"Yes")="Yes",_xlfn.XLOOKUP("DstZone_IsAny",'Scoring_Config'!$A:$A,'Scoring_Config'!$C:$C,5),0),"False,0")} -> 0 | AK10: {=IF(FALSE,"True," & IF(_xlfn.XLOOKUP("Service_Any_OR_RangeGt1000",'Scoring_Config'!$A:$A,'Scoring_Config'!$D:$D,"Yes")="Yes",_xlfn.XLOOKUP("Service_Any_OR_RangeGt1000",'Scoring_Config'!$A:$A,'Scoring_Config'!$C:$C,25),0),"False,0")} -> 0 | AL10: {=IF(FALSE,"True," & IF(_xlfn.XLOOKUP("App_Any_OR_RangeGt1000",'Scoring_Config'!$A:$A,'Scoring_Config'!$D:$D,"Yes")="Yes",_xlfn.XLOOKUP("App_Any_OR_RangeGt1000",'Scoring_Config'!$A:$A,'Scoring_Config'!$C:$C,25),0),"False,0")} -> 0 | AM10: {=IF(FALSE,"True," & IF(_xlfn.XLOOKUP("Service_Insecure_Match",'Scoring_Config'!$A:$A,'Scoring_Config'!$D:$D,"Yes")="Yes",_xlfn.XLOOKUP("Service_Insecure_Match",'Scoring_Config'!$A:$A,'Scoring_Config'!$C:$C,20),0),"False,0")} -> 0 | AN10: {=IF(FALSE,"True," & IF(_xlfn.XLOOKUP("Risky_Inbound",'Scoring_Config'!$A:$A,'Scoring_Config'!$D:$D,"Yes")="Yes",_xlfn.XLOOKUP("Risky_Inbound",'Scoring_Config'!$A:$A,'Scoring_Config'!$C:$C,20),0),"False,0")} -> 0 | AO10: {=IF(FALSE,"True," & IF(_xlfn.XLOOKUP("Risky_Outbound",'Scoring_Config'!$A:$A,'Scoring_Config'!$D:$D,"Yes")="Yes",_xlfn.XLOOKUP("Risky_Outbound",'Scoring_Config'!$A:$A,'Scoring_Config'!$C:$C,10),0),"False,0")} -> 0 | AP10: True,5 | AQ10: {=IF(TRUE,"True," & IF(_xlfn.XLOOKUP("Rule_Usage_Description_Scoring",'Scoring_Config'!$A:$A,'Scoring_Config'!$D:$D,"Yes")="Yes",_xlfn.XLOOKUP("Rule_Usage_Description_Scoring",'Scoring_Config'!$A:$A,'Scoring_Config'!$C:$C,5),0),"False,0")} -> 0 | AR10: False,0 | AS10: False,0 | AT10: False,0 | AU10: {=IF(FALSE,"True," & IF(_xlfn.XLOOKUP("Action_IsDenyOrDrop",'Scoring_Config'!$A:$A,'Scoring_Config'!$D:$D,"Yes")="Yes",_xlfn.XLOOKUP("Action_IsDenyOrDrop",'Scoring_Config'!$A:$A,'Scoring_Config'!$C:$C,0),0),"False,0")} -> 0 | AW10: {=IF(FALSE,"True," & IF(_xlfn.XLOOKUP("Migrate_Insecure",'Scoring_Config'!$A:$A,'Scoring_Config'!$D:$D,"Yes")="Yes",_xlfn.XLOOKUP("Migrate_Insecure",'Scoring_Config'!$A:$A,'Scoring_Config'!$C:$C,15),0),"False,0")} -> 0 | AY10: {=IF(FALSE,"True," & IF(_xlfn.XLOOKUP("Migrate_Other_Ports",'Scoring_Config'!$A:$A,'Scoring_Config'!$D:$D,"Yes")="Yes",_xlfn.XLOOKUP("Migrate_Other_Ports",'Scoring_Config'!$A:$A,'Scoring_Config'!$C:$C,5),0),"False,0")} -> 0 | AZ10: {=IF(LEFT(AU10,4)="True",0,(IF(LEFT(AC10,4)="True",IF(_xlfn.XLOOKUP("Src_IsAny",'Scoring_Config'!$A:$A,'Scoring_Config'!$D:$D,"Yes")="Yes",_xlfn.XLOOKUP("Src_IsAny",'Scoring_Config'!$A:$A,'Scoring_Config'!$C:$C,25),0),0)+IF(LEFT(AD10,4)="True",IF(_xlfn.XLOOKUP("Src_CIDR_Le_16",'Scoring_Config'!$A:$A,'Scoring_Config'!$D:$D,"Yes")="Yes",_xlfn.XLOOKUP("Src_CIDR_Le_16",'Scoring_Config'!$A:$A,'Scoring_Config'!$C:$C,25),0),0)+IF(LEFT(AE10,4)="True",IF(_xlfn.XLOOKUP("Src_CIDR_17_22",'Scoring_Config'!$A:$A,'Scoring_Config'!$D:$D,"Yes")="Yes",_xlfn.XLOOKUP("Src_CIDR_17_22",'Scoring_Config'!$A:$A,'Scoring_Config'!$C:$C,15),0),0)+IF(LEFT(AF10,4)="True",IF(_xlfn.XLOOKUP("Dst_IsAny",'Scoring_Config'!$A:$A,'Scoring_Config'!$D:$D,"Yes")="Yes",_xlfn.XLOOKUP("Dst_IsAny",'Scoring_Config'!$A:$A,'Scoring_Config'!$C:$C,25),0),0)+IF(LEFT(AG10,4)="True",IF(_xlfn.XLOOKUP("Dst_CIDR_Le_16",'Scoring_Config'!$A:$A,'Scoring_Config'!$D:$D,"Yes")="Yes",_xlfn.XLOOKUP("Dst_CIDR_Le_16",'Scoring_Config'!$A:$A,'Scoring_Config'!$C:$C,25),0),0)+IF(LEFT(AH10,4)="True",IF(_xlfn.XLOOKUP("Dst_CIDR_17_22",'Scoring_Config'!$A:$A,'Scoring_Config'!$D:$D,"Yes")="Yes",_xlfn.XLOOKUP("Dst_CIDR_17_22",'Scoring_Config'!$A:$A,'Scoring_Config'!$C:$C,15),0),0)+IF(LEFT(AI10,4)="True",IF(_xlfn.XLOOKUP("SrcZone_IsAny",'Scoring_Config'!$A:$A,'Scoring_Config'!$D:$D,"Yes")="Yes",_xlfn.XLOOKUP("SrcZone_IsAny",'Scoring_Config'!$A:$A,'Scoring_Config'!$C:$C,5),0),0)+IF(LEFT(AJ10,4)="True",IF(_xlfn.XLOOKUP("DstZone_IsAny",'Scoring_Config'!$A:$A,'Scoring_Config'!$D:$D,"Yes")="Yes",_xlfn.XLOOKUP("DstZone_IsAny",'Scoring_Config'!$A:$A,'Scoring_Config'!$C:$C,5),0),0)+IF(LEFT(AK10,4)="True",IF(_xlfn.XLOOKUP("Service_Any_OR_RangeGt1000",'Scoring_Config'!$A:$A,'Scoring_Config'!$D:$D,"Yes")="Yes",_xlfn.XLOOKUP("Service_Any_OR_RangeGt1000",'Scoring_Config'!$A:$A,'Scoring_Config'!$C:$C,25),0),0)+IF(LEFT(AL10,4)="True",IF(_xlfn.XLOOKUP("App_Any_OR_RangeGt1000",'Scoring_Config'!$A:$A,'Scoring_Config'!$D:$D,"Yes")="Yes",_xlfn.XLOOKUP("App_Any_OR_RangeGt1000",'Scoring_Config'!$A:$A,'Scoring_Config'!$C:$C,25),0),0)+IF(LEFT(AM10,4)="True",IF(_xlfn.XLOOKUP("Service_Insecure_Match",'Scoring_Config'!$A:$A,'Scoring_Config'!$D:$D,"Yes")="Yes",_xlfn.XLOOKUP("Service_Insecure_Match",'Scoring_Config'!$A:$A,'Scoring_Config'!$C:$C,20),0),0)+IF(LEFT(AN10,4)="True",IF(_xlfn.XLOOKUP("Risky_Inbound",'Scoring_Config'!$A:$A,'Scoring_Config'!$D:$D,"Yes")="Yes",_xlfn.XLOOKUP("Risky_Inbound",'Scoring_Config'!$A:$A,'Scoring_Config'!$C:$C,20),0),0)+IF(LEFT(AO10,4)="True",IF(_xlfn.XLOOKUP("Risky_Outbound",'Scoring_Config'!$A:$A,'Scoring_Config'!$D:$D,"Yes")="Yes",_xlfn.XLOOKUP("Risky_Outbound",'Scoring_Config'!$A:$A,'Scoring_Config'!$C:$C,10),0),0)+IF(LEFT(AW10,4)="True",IF(_xlfn.XLOOKUP("Migrate_Insecure",'Scoring_Config'!$A:$A,'Scoring_Config'!$D:$D,"Yes")="Yes",_xlfn.XLOOKUP("Migrate_Insecure",'Scoring_Config'!$A:$A,'Scoring_Config'!$C:$C,15),0),0)+IF(LEFT(AY10,4)="True",IF(_xlfn.XLOOKUP("Migrate_Other_Ports",'Scoring_Config'!$A:$A,'Scoring_Config'!$D:$D,"Yes")="Yes",_xlfn.XLOOKUP("Migrate_Other_Ports",'Scoring_Config'!$A:$A,'Scoring_Config'!$C:$C,5),0),0)+IF(_xlfn.XLOOKUP("Rule_Usage_Scoring",'Scoring_Config'!$A:$A,'Scoring_Config'!$D:$D,"Yes")="Yes",VALUE(MID(AP10,FIND(",",AP10)+1,100)),0)+IF(LEFT(AQ10,4)="True",IF(_xlfn.XLOOKUP("Rule_Usage_Description_Scoring",'Scoring_Config'!$A:$A,'Scoring_Config'!$D:$D,"Yes")="Yes",_xlfn.XLOOKUP("Rule_Usage_Description_Scoring",'Scoring_Config'!$A:$A,'Scoring_Config'!$C:$C,5),0),0)+IF(_xlfn.XLOOKUP("Source_User_Scoring",'Scoring_Config'!$A:$A,'Scoring_Config'!$D:$D,"Yes")="Yes",VALUE(MID(AR10,FIND(",",AR10)+1,100)),0)+IF(_xlfn.XLOOKUP("Profile_Scoring",'Scoring_Config'!$A:$A,'Scoring_Config'!$D:$D,"Yes")="Yes",VALUE(MID(AS10,FIND(",",AS10)+1,100)),0)+IF(_xlfn.XLOOKUP("Options_Scoring",'Scoring_Config'!$A:$A,'Scoring_Config'!$D:$D,"Yes")="Yes",VALUE(MID(AT10,FIND(",",AT10)+1,100)),0)))} -> 0
A11: DC_Policies_Export.csv | B11: Allow_DMZ_to_Mgmt_SSH | C11: la-datacenterfw | E11: universal | F11: Untrust | G11: any | H11: any | I11: svc_batch | J11: Trust | K11: any | L11: any | M11: any | N11: any | O11: ms-rpc-tcp-135 | P11: TCP/135 | Q11: allow | R11: none | S11: none | T11: 881 | U11: Legacy rule—owner unknown | V11: ssh | W11: 224 | X11: 2025-01-04 06:37:58 | Y11: 2023-02-09 06:37:58 | AC11: {=IF(TRUE,"True," & IF(_xlfn.XLOOKUP("Src_IsAny",'Scoring_Config'!$A:$A,'Scoring_Config'!$D:$D,"Yes")="Yes",_xlfn.XLOOKUP("Src_IsAny",'Scoring_Config'!$A:$A,'Scoring_Config'!$C:$C,25),0),"False,0")} -> 0 | AD11: {=IF(FALSE,"True," & IF(_xlfn.XLOOKUP("Src_CIDR_Le_16",'Scoring_Config'!$A:$A,'Scoring_Config'!$D:$D,"Yes")="Yes",_xlfn.XLOOKUP("Src_CIDR_Le_16",'Scoring_Config'!$A:$A,'Scoring_Config'!$C:$C,25),0),"False,0")} -> 0 | AE11: {=IF(FALSE,"True," & IF(_xlfn.XLOOKUP("Src_CIDR_17_22",'Scoring_Config'!$A:$A,'Scoring_Config'!$D:$D,"Yes")="Yes",_xlfn.XLOOKUP("Src_CIDR_17_22",'Scoring_Config'!$A:$A,'Scoring_Config'!$C:$C,15),0),"False,0")} -> 0 | AF11: {=IF(TRUE,"True," & IF(_xlfn.XLOOKUP("Dst_IsAny",'Scoring_Config'!$A:$A,'Scoring_Config'!$D:$D,"Yes")="Yes",_xlfn.XLOOKUP("Dst_IsAny",'Scoring_Config'!$A:$A,'Scoring_Config'!$C:$C,25),0),"False,0")} -> 0 | AG11: {=IF(FALSE,"True," & IF(_xlfn.XLOOKUP("Dst_CIDR_Le_16",'Scoring_Config'!$A:$A,'Scoring_Config'!$D:$D,"Yes")="Yes",_xlfn.XLOOKUP("Dst_CIDR_Le_16",'Scoring_Config'!$A:$A,'Scoring_Config'!$C:$C,25),0),"False,0")} -> 0 | AH11: {=IF(FALSE,"True," & IF(_xlfn.XLOOKUP("Dst_CIDR_17_22",'Scoring_Config'!$A:$A,'Scoring_Config'!$D:$D,"Yes")="Yes",_xlfn.XLOOKUP("Dst_CIDR_17_22",'Scoring_Config'!$A:$A,'Scoring_Config'!$C:$C,15),0),"False,0")} -> 0 | AI11: {=IF(FALSE,"True," & IF(_xlfn.XLOOKUP("SrcZone_IsAny",'Scoring_Config'!$A:$A,'Scoring_Config'!$D:$D,"Yes")="Yes",_xlfn.XLOOKUP("SrcZone_IsAny",'Scoring_Config'!$A:$A,'Scoring_Config'!$C:$C,5),0),"False,0")} -> 0 | AJ11: {=IF(FALSE,"True," & IF(_xlfn.XLOOKUP("DstZone_IsAny",'Scoring_Config'!$A:$A,'Scoring_Config'!$D:$D,"Yes")="Yes",_xlfn.XLOOKUP("DstZone_IsAny",'Scoring_Config'!$A:$A,'Scoring_Config'!$C:$C,5),0),"False,0")} -> 0 | AK11: {=IF(FALSE,"True," & IF(_xlfn.XLOOKUP("Service_Any_OR_RangeGt1000",'Scoring_Config'!$A:$A,'Scoring_Config'!$D:$D,"Yes")="Yes",_xlfn.XLOOKUP("Service_Any_OR_RangeGt1000",'Scoring_Config'!$A:$A,'Scoring_Config'!$C:$C,25),0),"False,0")} -> 0 | AL11: {=IF(TRUE,"True," & IF(_xlfn.XLOOKUP("App_Any_OR_RangeGt1000",'Scoring_Config'!$A:$A,'Scoring_Config'!$D:$D,"Yes")="Yes",_xlfn.XLOOKUP("App_Any_OR_RangeGt1000",'Scoring_Config'!$A:$A,'Scoring_Config'!$C:$C,25),0),"False,0")} -> 0 | AM11: {=IF(TRUE,"True," & IF(_xlfn.XLOOKUP("Service_Insecure_Match",'Scoring_Config'!$A:$A,'Scoring_Config'!$D:$D,"Yes")="Yes",_xlfn.XLOOKUP("Service_Insecure_Match",'Scoring_Config'!$A:$A,'Scoring_Config'!$C:$C,20),0),"False,0")} -> 0 | AN11: {=IF(FALSE,"True," & IF(_xlfn.XLOOKUP("Risky_Inbound",'Scoring_Config'!$A:$A,'Scoring_Config'!$D:$D,"Yes")="Yes",_xlfn.XLOOKUP("Risky_Inbound",'Scoring_Config'!$A:$A,'Scoring_Config'!$C:$C,20),0),"False,0")} -> 0 | AO11: {=IF(FALSE,"True," & IF(_xlfn.XLOOKUP("Risky_Outbound",'Scoring_Config'!$A:$A,'Scoring_Config'!$D:$D,"Yes")="Yes",_xlfn.XLOOKUP("Risky_Outbound",'Scoring_Config'!$A:$A,'Scoring_Config'!$C:$C,10),0),"False,0")} -> 0 | AP11: True,5 | AQ11: {=IF(TRUE,"True," & IF(_xlfn.XLOOKUP("Rule_Usage_Description_Scoring",'Scoring_Config'!$A:$A,'Scoring_Config'!$D:$D,"Yes")="Yes",_xlfn.XLOOKUP("Rule_Usage_Description_Scoring",'Scoring_Config'!$A:$A,'Scoring_Config'!$C:$C,5),0),"False,0")} -> 0 | AR11: True,-10 | AS11: True,5 | AT11: True,5 | AU11: {=IF(FALSE,"True," & IF(_xlfn.XLOOKUP("Action_IsDenyOrDrop",'Scoring_Config'!$A:$A,'Scoring_Config'!$D:$D,"Yes")="Yes",_xlfn.XLOOKUP("Action_IsDenyOrDrop",'Scoring_Config'!$A:$A,'Scoring_Config'!$C:$C,0),0),"False,0")} -> 0 | AW11: {=IF(FALSE,"True," & IF(_xlfn.XLOOKUP("Migrate_Insecure",'Scoring_Config'!$A:$A,'Scoring_Config'!$D:$D,"Yes")="Yes",_xlfn.XLOOKUP("Migrate_Insecure",'Scoring_Config'!$A:$A,'Scoring_Config'!$C:$C,15),0),"False,0")} -> 0 | AY11: {=IF(FALSE,"True," & IF(_xlfn.XLOOKUP("Migrate_Other_Ports",'Scoring_Config'!$A:$A,'Scoring_Config'!$D:$D,"Yes")="Yes",_xlfn.XLOOKUP("Migrate_Other_Ports",'Scoring_Config'!$A:$A,'Scoring_Config'!$C:$C,5),0),"False,0")} -> 0 | AZ11: {=IF(LEFT(AU11,4)="True",0,(IF(LEFT(AC11,4)="True",IF(_xlfn.XLOOKUP("Src_IsAny",'Scoring_Config'!$A:$A,'Scoring_Config'!$D:$D,"Yes")="Yes",_xlfn.XLOOKUP("Src_IsAny",'Scoring_Config'!$A:$A,'Scoring_Config'!$C:$C,25),0),0)+IF(LEFT(AD11,4)="True",IF(_xlfn.XLOOKUP("Src_CIDR_Le_16",'Scoring_Config'!$A:$A,'Scoring_Config'!$D:$D,"Yes")="Yes",_xlfn.XLOOKUP("Src_CIDR_Le_16",'Scoring_Config'!$A:$A,'Scoring_Config'!$C:$C,25),0),0)+IF(LEFT(AE11,4)="True",IF(_xlfn.XLOOKUP("Src_CIDR_17_22",'Scoring_Config'!$A:$A,'Scoring_Config'!$D:$D,"Yes")="Yes",_xlfn.XLOOKUP("Src_CIDR_17_22",'Scoring_Config'!$A:$A,'Scoring_Config'!$C:$C,15),0),0)+IF(LEFT(AF11,4)="True",IF(_xlfn.XLOOKUP("Dst_IsAny",'Scoring_Config'!$A:$A,'Scoring_Config'!$D:$D,"Yes")="Yes",_xlfn.XLOOKUP("Dst_IsAny",'Scoring_Config'!$A:$A,'Scoring_Config'!$C:$C,25),0),0)+IF(LEFT(AG11,4)="True",IF(_xlfn.XLOOKUP("Dst_CIDR_Le_16",'Scoring_Config'!$A:$A,'Scoring_Config'!$D:$D,"Yes")="Yes",_xlfn.XLOOKUP("Dst_CIDR_Le_16",'Scoring_Config'!$A:$A,'Scoring_Config'!$C:$C,25),0),0)+IF(LEFT(AH11,4)="True",IF(_xlfn.XLOOKUP("Dst_CIDR_17_22",'Scoring_Config'!$A:$A,'Scoring_Config'!$D:$D,"Yes")="Yes",_xlfn.XLOOKUP("Dst_CIDR_17_22",'Scoring_Config'!$A:$A,'Scoring_Config'!$C:$C,15),0),0)+IF(LEFT(AI11,4)="True",IF(_xlfn.XLOOKUP("SrcZone_IsAny",'Scoring_Config'!$A:$A,'Scoring_Config'!$D:$D,"Yes")="Yes",_xlfn.XLOOKUP("SrcZone_IsAny",'Scoring_Config'!$A:$A,'Scoring_Config'!$C:$C,5),0),0)+IF(LEFT(AJ11,4)="True",IF(_xlfn.XLOOKUP("DstZone_IsAny",'Scoring_Config'!$A:$A,'Scoring_Config'!$D:$D,"Yes")="Yes",_xlfn.XLOOKUP("DstZone_IsAny",'Scoring_Config'!$A:$A,'Scoring_Config'!$C:$C,5),0),0)+IF(LEFT(AK11,4)="True",IF(_xlfn.XLOOKUP("Service_Any_OR_RangeGt1000",'Scoring_Config'!$A:$A,'Scoring_Config'!$D:$D,"Yes")="Yes",_xlfn.XLOOKUP("Service_Any_OR_RangeGt1000",'Scoring_Config'!$A:$A,'Scoring_Config'!$C:$C,25),0),0)+IF(LEFT(AL11,4)="True",IF(_xlfn.XLOOKUP("App_Any_OR_RangeGt1000",'Scoring_Config'!$A:$A,'Scoring_Config'!$D:$D,"Yes")="Yes",_xlfn.XLOOKUP("App_Any_OR_RangeGt1000",'Scoring_Config'!$A:$A,'Scoring_Config'!$C:$C,25),0),0)+IF(LEFT(AM11,4)="True",IF(_xlfn.XLOOKUP("Service_Insecure_Match",'Scoring_Config'!$A:$A,'Scoring_Config'!$D:$D,"Yes")="Yes",_xlfn.XLOOKUP("Service_Insecure_Match",'Scoring_Config'!$A:$A,'Scoring_Config'!$C:$C,20),0),0)+IF(LEFT(AN11,4)="True",IF(_xlfn.XLOOKUP("Risky_Inbound",'Scoring_Config'!$A:$A,'Scoring_Config'!$D:$D,"Yes")="Yes",_xlfn.XLOOKUP("Risky_Inbound",'Scoring_Config'!$A:$A,'Scoring_Config'!$C:$C,20),0),0)+IF(LEFT(AO11,4)="True",IF(_xlfn.XLOOKUP("Risky_Outbound",'Scoring_Config'!$A:$A,'Scoring_Config'!$D:$D,"Yes")="Yes",_xlfn.XLOOKUP("Risky_Outbound",'Scoring_Config'!$A:$A,'Scoring_Config'!$C:$C,10),0),0)+IF(LEFT(AW11,4)="True",IF(_xlfn.XLOOKUP("Migrate_Insecure",'Scoring_Config'!$A:$A,'Scoring_Config'!$D:$D,"Yes")="Yes",_xlfn.XLOOKUP("Migrate_Insecure",'Scoring_Config'!$A:$A,'Scoring_Config'!$C:$C,15),0),0)+IF(LEFT(AY11,4)="True",IF(_xlfn.XLOOKUP("Migrate_Other_Ports",'Scoring_Config'!$A:$A,'Scoring_Config'!$D:$D,"Yes")="Yes",_xlfn.XLOOKUP("Migrate_Other_Ports",'Scoring_Config'!$A:$A,'Scoring_Config'!$C:$C,5),0),0)+IF(_xlfn.XLOOKUP("Rule_Usage_Scoring",'Scoring_Config'!$A:$A,'Scoring_Config'!$D:$D,"Yes")="Yes",VALUE(MID(AP11,FIND(",",AP11)+1,100)),0)+IF(LEFT(AQ11,4)="True",IF(_xlfn.XLOOKUP("Rule_Usage_Description_Scoring",'Scoring_Config'!$A:$A,'Scoring_Config'!$D:$D,"Yes")="Yes",_xlfn.XLOOKUP("Rule_Usage_Description_Scoring",'Scoring_Config'!$A:$A,'Scoring_Config'!$C:$C,5),0),0)+IF(_xlfn.XLOOKUP("Source_User_Scoring",'Scoring_Config'!$A:$A,'Scoring_Config'!$D:$D,"Yes")="Yes",VALUE(MID(AR11,FIND(",",AR11)+1,100)),0)+IF(_xlfn.XLOOKUP("Profile_Scoring",'Scoring_Config'!$A:$A,'Scoring_Config'!$D:$D,"Yes")="Yes",VALUE(MID(AS11,FIND(",",AS11)+1,100)),0)+IF(_xlfn.XLOOKUP("Options_Scoring",'Scoring_Config'!$A:$A,'Scoring_Config'!$D:$D,"Yes")="Yes",VALUE(MID(AT11,FIND(",",AT11)+1,100)),0)))} -> 0
A12: DC_Policies_Export.csv | B12: Allow_Guest_to_Trust_ANY-App | C12: la-datacenterfw | E12: universal | F12: Guest | G12: 10.1.3.0/24 | H12: 10.1.3.0/24 | I12: domain\finance | J12: Trust | K12: any | L12: any | M12: any | N12: any | O12: LA_Windows_RPC_NetBIOS | P12: TCP/135; UDP/135; TCP/137; UDP/137; TCP/139; UDP/139 | Q12: allow | R12: none | S12: log at both ends | T12: 14 | U12: Exception tracked in INC608123 pending remediation | V12: (none) | W12: 307 | X12: 2025-04-09 08:34:58 | Y12: 2022-05-13 08:34:58 | AC12: {=IF(FALSE,"True," & IF(_xlfn.XLOOKUP("Src_IsAny",'Scoring_Config'!$A:$A,'Scoring_Config'!$D:$D,"Yes")="Yes",_xlfn.XLOOKUP("Src_IsAny",'Scoring_Config'!$A:$A,'Scoring_Config'!$C:$C,25),0),"False,0")} -> 0 | AD12: {=IF(FALSE,"True," & IF(_xlfn.XLOOKUP("Src_CIDR_Le_16",'Scoring_Config'!$A:$A,'Scoring_Config'!$D:$D,"Yes")="Yes",_xlfn.XLOOKUP("Src_CIDR_Le_16",'Scoring_Config'!$A:$A,'Scoring_Config'!$C:$C,25),0),"False,0")} -> 0 | AE12: {=IF(FALSE,"True," & IF(_xlfn.XLOOKUP("Src_CIDR_17_22",'Scoring_Config'!$A:$A,'Scoring_Config'!$D:$D,"Yes")="Yes",_xlfn.XLOOKUP("Src_CIDR_17_22",'Scoring_Config'!$A:$A,'Scoring_Config'!$C:$C,15),0),"False,0")} -> 0 | AF12: {=IF(TRUE,"True," & IF(_xlfn.XLOOKUP("Dst_IsAny",'Scoring_Config'!$A:$A,'Scoring_Config'!$D:$D,"Yes")="Yes",_xlfn.XLOOKUP("Dst_IsAny",'Scoring_Config'!$A:$A,'Scoring_Config'!$C:$C,25),0),"False,0")} -> 0 | AG12: {=IF(FALSE,"True," & IF(_xlfn.XLOOKUP("Dst_CIDR_Le_16",'Scoring_Config'!$A:$A,'Scoring_Config'!$D:$D,"Yes")="Yes",_xlfn.XLOOKUP("Dst_CIDR_Le_16",'Scoring_Config'!$A:$A,'Scoring_Config'!$C:$C,25),0),"False,0")} -> 0 | AH12: {=IF(FALSE,"True," & IF(_xlfn.XLOOKUP("Dst_CIDR_17_22",'Scoring_Config'!$A:$A,'Scoring_Config'!$D:$D,"Yes")="Yes",_xlfn.XLOOKUP("Dst_CIDR_17_22",'Scoring_Config'!$A:$A,'Scoring_Config'!$C:$C,15),0),"False,0")} -> 0 | AI12: {=IF(FALSE,"True," & IF(_xlfn.XLOOKUP("SrcZone_IsAny",'Scoring_Config'!$A:$A,'Scoring_Config'!$D:$D,"Yes")="Yes",_xlfn.XLOOKUP("SrcZone_IsAny",'Scoring_Config'!$A:$A,'Scoring_Config'!$C:$C,5),0),"False,0")} -> 0 | AJ12: {=IF(FALSE,"True," & IF(_xlfn.XLOOKUP("DstZone_IsAny",'Scoring_Config'!$A:$A,'Scoring_Config'!$D:$D,"Yes")="Yes",_xlfn.XLOOKUP("DstZone_IsAny",'Scoring_Config'!$A:$A,'Scoring_Config'!$C:$C,5),0),"False,0")} -> 0 | AK12: {=IF(FALSE,"True," & IF(_xlfn.XLOOKUP("Service_Any_OR_RangeGt1000",'Scoring_Config'!$A:$A,'Scoring_Config'!$D:$D,"Yes")="Yes",_xlfn.XLOOKUP("Service_Any_OR_RangeGt1000",'Scoring_Config'!$A:$A,'Scoring_Config'!$C:$C,25),0),"False,0")} -> 0 | AL12: {=IF(TRUE,"True," & IF(_xlfn.XLOOKUP("App_Any_OR_RangeGt1000",'Scoring_Config'!$A:$A,'Scoring_Config'!$D:$D,"Yes")="Yes",_xlfn.XLOOKUP("App_Any_OR_RangeGt1000",'Scoring_Config'!$A:$A,'Scoring_Config'!$C:$C,25),0),"False,0")} -> 0 | AM12: {=IF(TRUE,"True," & IF(_xlfn.XLOOKUP("Service_Insecure_Match",'Scoring_Config'!$A:$A,'Scoring_Config'!$D:$D,"Yes")="Yes",_xlfn.XLOOKUP("Service_Insecure_Match",'Scoring_Config'!$A:$A,'Scoring_Config'!$C:$C,20),0),"False,0")} -> 0 | AN12: {=IF(FALSE,"True," & IF(_xlfn.XLOOKUP("Risky_Inbound",'Scoring_Config'!$A:$A,'Scoring_Config'!$D:$D,"Yes")="Yes",_xlfn.XLOOKUP("Risky_Inbound",'Scoring_Config'!$A:$A,'Scoring_Config'!$C:$C,20),0),"False,0")} -> 0 | AO12: {=IF(FALSE,"True," & IF(_xlfn.XLOOKUP("Risky_Outbound",'Scoring_Config'!$A:$A,'Scoring_Config'!$D:$D,"Yes")="Yes",_xlfn.XLOOKUP("Risky_Outbound",'Scoring_Config'!$A:$A,'Scoring_Config'!$C:$C,10),0),"False,0")} -> 0 | AP12: True,5 | AQ12: {=IF(FALSE,"True," & IF(_xlfn.XLOOKUP("Rule_Usage_Description_Scoring",'Scoring_Config'!$A:$A,'Scoring_Config'!$D:$D,"Yes")="Yes",_xlfn.XLOOKUP("Rule_Usage_Description_Scoring",'Scoring_Config'!$A:$A,'Scoring_Config'!$C:$C,5),0),"False,0")} -> 0 | AR12: True,-10 | AS12: True,5 | AT12: False,0 | AU12: {=IF(FALSE,"True," & IF(_xlfn.XLOOKUP("Action_IsDenyOrDrop",'Scoring_Config'!$A:$A,'Scoring_Config'!$D:$D,"Yes")="Yes",_xlfn.XLOOKUP("Action_IsDenyOrDrop",'Scoring_Config'!$A:$A,'Scoring_Config'!$C:$C,0),0),"False,0")} -> 0 | AW12: {=IF(FALSE,"True," & IF(_xlfn.XLOOKUP("Migrate_Insecure",'Scoring_Config'!$A:$A,'Scoring_Config'!$D:$D,"Yes")="Yes",_xlfn.XLOOKUP("Migrate_Insecure",'Scoring_Config'!$A:$A,'Scoring_Config'!$C:$C,15),0),"False,0")} -> 0 | AY12: {=IF(FALSE,"True," & IF(_xlfn.XLOOKUP("Migrate_Other_Ports",'Scoring_Config'!$A:$A,'Scoring_Config'!$D:$D,"Yes")="Yes",_xlfn.XLOOKUP("Migrate_Other_Ports",'Scoring_Config'!$A:$A,'Scoring_Config'!$C:$C,5),0),"False,0")} -> 0 | AZ12: {=IF(LEFT(AU12,4)="True",0,(IF(LEFT(AC12,4)="True",IF(_xlfn.XLOOKUP("Src_IsAny",'Scoring_Config'!$A:$A,'Scoring_Config'!$D:$D,"Yes")="Yes",_xlfn.XLOOKUP("Src_IsAny",'Scoring_Config'!$A:$A,'Scoring_Config'!$C:$C,25),0),0)+IF(LEFT(AD12,4)="True",IF(_xlfn.XLOOKUP("Src_CIDR_Le_16",'Scoring_Config'!$A:$A,'Scoring_Config'!$D:$D,"Yes")="Yes",_xlfn.XLOOKUP("Src_CIDR_Le_16",'Scoring_Config'!$A:$A,'Scoring_Config'!$C:$C,25),0),0)+IF(LEFT(AE12,4)="True",IF(_xlfn.XLOOKUP("Src_CIDR_17_22",'Scoring_Config'!$A:$A,'Scoring_Config'!$D:$D,"Yes")="Yes",_xlfn.XLOOKUP("Src_CIDR_17_22",'Scoring_Config'!$A:$A,'Scoring_Config'!$C:$C,15),0),0)+IF(LEFT(AF12,4)="True",IF(_xlfn.XLOOKUP("Dst_IsAny",'Scoring_Config'!$A:$A,'Scoring_Config'!$D:$D,"Yes")="Yes",_xlfn.XLOOKUP("Dst_IsAny",'Scoring_Config'!$A:$A,'Scoring_Config'!$C:$C,25),0),0)+IF(LEFT(AG12,4)="True",IF(_xlfn.XLOOKUP("Dst_CIDR_Le_16",'Scoring_Config'!$A:$A,'Scoring_Config'!$D:$D,"Yes")="Yes",_xlfn.XLOOKUP("Dst_CIDR_Le_16",'Scoring_Config'!$A:$A,'Scoring_Config'!$C:$C,25),0),0)+IF(LEFT(AH12,4)="True",IF(_xlfn.XLOOKUP("Dst_CIDR_17_22",'Scoring_Config'!$A:$A,'Scoring_Config'!$D:$D,"Yes")="Yes",_xlfn.XLOOKUP("Dst_CIDR_17_22",'Scoring_Config'!$A:$A,'Scoring_Config'!$C:$C,15),0),0)+IF(LEFT(AI12,4)="True",IF(_xlfn.XLOOKUP("SrcZone_IsAny",'Scoring_Config'!$A:$A,'Scoring_Config'!$D:$D,"Yes")="Yes",_xlfn.XLOOKUP("SrcZone_IsAny",'Scoring_Config'!$A:$A,'Scoring_Config'!$C:$C,5),0),0)+IF(LEFT(AJ12,4)="True",IF(_xlfn.XLOOKUP("DstZone_IsAny",'Scoring_Config'!$A:$A,'Scoring_Config'!$D:$D,"Yes")="Yes",_xlfn.XLOOKUP("DstZone_IsAny",'Scoring_Config'!$A:$A,'Scoring_Config'!$C:$C,5),0),0)+IF(LEFT(AK12,4)="True",IF(_xlfn.XLOOKUP("Service_Any_OR_RangeGt1000",'Scoring_Config'!$A:$A,'Scoring_Config'!$D:$D,"Yes")="Yes",_xlfn.XLOOKUP("Service_Any_OR_RangeGt1000",'Scoring_Config'!$A:$A,'Scoring_Config'!$C:$C,25),0),0)+IF(LEFT(AL12,4)="True",IF(_xlfn.XLOOKUP("App_Any_OR_RangeGt1000",'Scoring_Config'!$A:$A,'Scoring_Config'!$D:$D,"Yes")="Yes",_xlfn.XLOOKUP("App_Any_OR_RangeGt1000",'Scoring_Config'!$A:$A,'Scoring_Config'!$C:$C,25),0),0)+IF(LEFT(AM12,4)="True",IF(_xlfn.XLOOKUP("Service_Insecure_Match",'Scoring_Config'!$A:$A,'Scoring_Config'!$D:$D,"Yes")="Yes",_xlfn.XLOOKUP("Service_Insecure_Match",'Scoring_Config'!$A:$A,'Scoring_Config'!$C:$C,20),0),0)+IF(LEFT(AN12,4)="True",IF(_xlfn.XLOOKUP("Risky_Inbound",'Scoring_Config'!$A:$A,'Scoring_Config'!$D:$D,"Yes")="Yes",_xlfn.XLOOKUP("Risky_Inbound",'Scoring_Config'!$A:$A,'Scoring_Config'!$C:$C,20),0),0)+IF(LEFT(AO12,4)="True",IF(_xlfn.XLOOKUP("Risky_Outbound",'Scoring_Config'!$A:$A,'Scoring_Config'!$D:$D,"Yes")="Yes",_xlfn.XLOOKUP("Risky_Outbound",'Scoring_Config'!$A:$A,'Scoring_Config'!$C:$C,10),0),0)+IF(LEFT(AW12,4)="True",IF(_xlfn.XLOOKUP("Migrate_Insecure",'Scoring_Config'!$A:$A,'Scoring_Config'!$D:$D,"Yes")="Yes",_xlfn.XLOOKUP("Migrate_Insecure",'Scoring_Config'!$A:$A,'Scoring_Config'!$C:$C,15),0),0)+IF(LEFT(AY12,4)="True",IF(_xlfn.XLOOKUP("Migrate_Other_Ports",'Scoring_Config'!$A:$A,'Scoring_Config'!$D:$D,"Yes")="Yes",_xlfn.XLOOKUP("Migrate_Other_Ports",'Scoring_Config'!$A:$A,'Scoring_Config'!$C:$C,5),0),0)+IF(_xlfn.XLOOKUP("Rule_Usage_Scoring",'Scoring_Config'!$A:$A,'Scoring_Config'!$D:$D,"Yes")="Yes",VALUE(MID(AP12,FIND(",",AP12)+1,100)),0)+IF(LEFT(AQ12,4)="True",IF(_xlfn.XLOOKUP("Rule_Usage_Description_Scoring",'Scoring_Config'!$A:$A,'Scoring_Config'!$D:$D,"Yes")="Yes",_xlfn.XLOOKUP("Rule_Usage_Description_Scoring",'Scoring_Config'!$A:$A,'Scoring_Config'!$C:$C,5),0),0)+IF(_xlfn.XLOOKUP("Source_User_Scoring",'Scoring_Config'!$A:$A,'Scoring_Config'!$D:$D,"Yes")="Yes",VALUE(MID(AR12,FIND(",",AR12)+1,100)),0)+IF(_xlfn.XLOOKUP("Profile_Scoring",'Scoring_Config'!$A:$A,'Scoring_Config'!$D:$D,"Yes")="Yes",VALUE(MID(AS12,FIND(",",AS12)+1,100)),0)+IF(_xlfn.XLOOKUP("Options_Scoring",'Scoring_Config'!$A:$A,'Scoring_Config'!$D:$D,"Yes")="Yes",VALUE(MID(AT12,FIND(",",AT12)+1,100)),0)))} -> 0
A13: DC_Policies_Export.csv | B13: Allow_Trust_to_DMZ_LA_APP_ANY_AND_WEB | C13: la-datacenterfw | E13: universal | F13: Trust | G13: srv-la-app07.corp.local | H13: 10.121.205.16/32 | I13: any | J13: DMZ | K13: LA_Corp_Internal | L13: 10.1.2.0/24; 10.11.186.18/32; 10.114.92.22/32; 10.121.205.16/32; 10.125.9.17/32; 10.132.57.10-10.205.119.50; 10.134.26.11/32; 10.139.246.13/32; 10.141.126.23/32; 10.156.103.14/32; 10.170.252.10/32; 10.188.179.19/32; 10.189.74.21/32; 10.191.16.20/32; 10.215.129.28/32; 10.251.126.26/32; 10.253.36.12/32; 10.27.61.15/32; 10.6.235.24/32; 10.81.174.25/32; 10.9.208.29/32; 10.99.210.27/32; db.la.corp.local; telemetry.la.iot; updates.la.vendor.local | M13: LA_App_Any_And_Web | N13: 443,tcp; 80,tcp; any | O13: netbios-ns-tcp-137 | P13: TCP/137 | Q13: allow | R13: none | S13: Traffic log sent at start; Log Forwarding Profile setting: Forward to Panorama | T13: 873 | U13: Exception tracked in INC423009 pending remediation | V13: rdp, vnc | W13: 366 | X13: 2025-10-18 20:25:58 | Y13: 2025-04-01 20:25:58 | AC13: {=IF(FALSE,"True," & IF(_xlfn.XLOOKUP("Src_IsAny",'Scoring_Config'!$A:$A,'Scoring_Config'!$D:$D,"Yes")="Yes",_xlfn.XLOOKUP("Src_IsAny",'Scoring_Config'!$A:$A,'Scoring_Config'!$C:$C,25),0),"False,0")} -> 0 | AD13: {=IF(FALSE,"True," & IF(_xlfn.XLOOKUP("Src_CIDR_Le_16",'Scoring_Config'!$A:$A,'Scoring_Config'!$D:$D,"Yes")="Yes",_xlfn.XLOOKUP("Src_CIDR_Le_16",'Scoring_Config'!$A:$A,'Scoring_Config'!$C:$C,25),0),"False,0")} -> 0 | AE13: {=IF(FALSE,"True," & IF(_xlfn.XLOOKUP("Src_CIDR_17_22",'Scoring_Config'!$A:$A,'Scoring_Config'!$D:$D,"Yes")="Yes",_xlfn.XLOOKUP("Src_CIDR_17_22",'Scoring_Config'!$A:$A,'Scoring_Config'!$C:$C,15),0),"False,0")} -> 0 | AF13: {=IF(FALSE,"True," & IF(_xlfn.XLOOKUP("Dst_IsAny",'Scoring_Config'!$A:$A,'Scoring_Config'!$D:$D,"Yes")="Yes",_xlfn.XLOOKUP("Dst_IsAny",'Scoring_Config'!$A:$A,'Scoring_Config'!$C:$C,25),0),"False,0")} -> 0 | AG13: {=IF(FALSE,"True," & IF(_xlfn.XLOOKUP("Dst_CIDR_Le_16",'Scoring_Config'!$A:$A,'Scoring_Config'!$D:$D,"Yes")="Yes",_xlfn.XLOOKUP("Dst_CIDR_Le_16",'Scoring_Config'!$A:$A,'Scoring_Config'!$C:$C,25),0),"False,0")} -> 0 | AH13: {=IF(FALSE,"True," & IF(_xlfn.XLOOKUP("Dst_CIDR_17_22",'Scoring_Config'!$A:$A,'Scoring_Config'!$D:$D,"Yes")="Yes",_xlfn.XLOOKUP("Dst_CIDR_17_22",'Scoring_Config'!$A:$A,'Scoring_Config'!$C:$C,15),0),"False,0")} -> 0 | AI13: {=IF(FALSE,"True," & IF(_xlfn.XLOOKUP("SrcZone_IsAny",'Scoring_Config'!$A:$A,'Scoring_Config'!$D:$D,"Yes")="Yes",_xlfn.XLOOKUP("SrcZone_IsAny",'Scoring_Config'!$A:$A,'Scoring_Config'!$C:$C,5),0),"False,0")} -> 0 | AJ13: {=IF(FALSE,"True," & IF(_xlfn.XLOOKUP("DstZone_IsAny",'Scoring_Config'!$A:$A,'Scoring_Config'!$D:$D,"Yes")="Yes",_xlfn.XLOOKUP("DstZone_IsAny",'Scoring_Config'!$A:$A,'Scoring_Config'!$C:$C,5),0),"False,0")} -> 0 | AK13: {=IF(FALSE,"True," & IF(_xlfn.XLOOKUP("Service_Any_OR_RangeGt1000",'Scoring_Config'!$A:$A,'Scoring_Config'!$D:$D,"Yes")="Yes",_xlfn.XLOOKUP("Service_Any_OR_RangeGt1000",'Scoring_Config'!$A:$A,'Scoring_Config'!$C:$C,25),0),"False,0")} -> 0 | AL13: {=IF(TRUE,"True," & IF(_xlfn.XLOOKUP("App_Any_OR_RangeGt1000",'Scoring_Config'!$A:$A,'Scoring_Config'!$D:$D,"Yes")="Yes",_xlfn.XLOOKUP("App_Any_OR_RangeGt1000",'Scoring_Config'!$A:$A,'Scoring_Config'!$C:$C,25),0),"False,0")} -> 0 | AM13: {=IF(TRUE,"True," & IF(_xlfn.XLOOKUP("Service_Insecure_Match",'Scoring_Config'!$A:$A,'Scoring_Config'!$D:$D,"Yes")="Yes",_xlfn.XLOOKUP("Service_Insecure_Match",'Scoring_Config'!$A:$A,'Scoring_Config'!$C:$C,20),0),"False,0")} -> 0 | AN13: {=IF(FALSE,"True," & IF(_xlfn.XLOOKUP("Risky_Inbound",'Scoring_Config'!$A:$A,'Scoring_Config'!$D:$D,"Yes")="Yes",_xlfn.XLOOKUP("Risky_Inbound",'Scoring_Config'!$A:$A,'Scoring_Config'!$C:$C,20),0),"False,0")} -> 0 | AO13: {=IF(FALSE,"True," & IF(_xlfn.XLOOKUP("Risky_Outbound",'Scoring_Config'!$A:$A,'Scoring_Config'!$D:$D,"Yes")="Yes",_xlfn.XLOOKUP("Risky_Outbound",'Scoring_Config'!$A:$A,'Scoring_Config'!$C:$C,10),0),"False,0")} -> 0 | AP13: True,5 | AQ13: {=IF(FALSE,"True," & IF(_xlfn.XLOOKUP("Rule_Usage_Description_Scoring",'Scoring_Config'!$A:$A,'Scoring_Config'!$D:$D,"Yes")="Yes",_xlfn.XLOOKUP("Rule_Usage_Description_Scoring",'Scoring_Config'!$A:$A,'Scoring_Config'!$C:$C,5),0),"False,0")} -> 0 | AR13: False,0 | AS13: True,5 | AT13: False,0 | AU13: {=IF(FALSE,"True," & IF(_xlfn.XLOOKUP("Action_IsDenyOrDrop",'Scoring_Config'!$A:$A,'Scoring_Config'!$D:$D,"Yes")="Yes",_xlfn.XLOOKUP("Action_IsDenyOrDrop",'Scoring_Config'!$A:$A,'Scoring_Config'!$C:$C,0),0),"False,0")} -> 0 | AW13: {=IF(FALSE,"True," & IF(_xlfn.XLOOKUP("Migrate_Insecure",'Scoring_Config'!$A:$A,'Scoring_Config'!$D:$D,"Yes")="Yes",_xlfn.XLOOKUP("Migrate_Insecure",'Scoring_Config'!$A:$A,'Scoring_Config'!$C:$C,15),0),"False,0")} -> 0 | AY13: {=IF(FALSE,"True," & IF(_xlfn.XLOOKUP("Migrate_Other_Ports",'Scoring_Config'!$A:$A,'Scoring_Config'!$D:$D,"Yes")="Yes",_xlfn.XLOOKUP("Migrate_Other_Ports",'Scoring_Config'!$A:$A,'Scoring_Config'!$C:$C,5),0),"False,0")} -> 0 | AZ13: {=IF(LEFT(AU13,4)="True",0,(IF(LEFT(AC13,4)="True",IF(_xlfn.XLOOKUP("Src_IsAny",'Scoring_Config'!$A:$A,'Scoring_Config'!$D:$D,"Yes")="Yes",_xlfn.XLOOKUP("Src_IsAny",'Scoring_Config'!$A:$A,'Scoring_Config'!$C:$C,25),0),0)+IF(LEFT(AD13,4)="True",IF(_xlfn.XLOOKUP("Src_CIDR_Le_16",'Scoring_Config'!$A:$A,'Scoring_Config'!$D:$D,"Yes")="Yes",_xlfn.XLOOKUP("Src_CIDR_Le_16",'Scoring_Config'!$A:$A,'Scoring_Config'!$C:$C,25),0),0)+IF(LEFT(AE13,4)="True",IF(_xlfn.XLOOKUP("Src_CIDR_17_22",'Scoring_Config'!$A:$A,'Scoring_Config'!$D:$D,"Yes")="Yes",_xlfn.XLOOKUP("Src_CIDR_17_22",'Scoring_Config'!$A:$A,'Scoring_Config'!$C:$C,15),0),0)+IF(LEFT(AF13,4)="True",IF(_xlfn.XLOOKUP("Dst_IsAny",'Scoring_Config'!$A:$A,'Scoring_Config'!$D:$D,"Yes")="Yes",_xlfn.XLOOKUP("Dst_IsAny",'Scoring_Config'!$A:$A,'Scoring_Config'!$C:$C,25),0),0)+IF(LEFT(AG13,4)="True",IF(_xlfn.XLOOKUP("Dst_CIDR_Le_16",'Scoring_Config'!$A:$A,'Scoring_Config'!$D:$D,"Yes")="Yes",_xlfn.XLOOKUP("Dst_CIDR_Le_16",'Scoring_Config'!$A:$A,'Scoring_Config'!$C:$C,25),0),0)+IF(LEFT(AH13,4)="True",IF(_xlfn.XLOOKUP("Dst_CIDR_17_22",'Scoring_Config'!$A:$A,'Scoring_Config'!$D:$D,"Yes")="Yes",_xlfn.XLOOKUP("Dst_CIDR_17_22",'Scoring_Config'!$A:$A,'Scoring_Config'!$C:$C,15),0),0)+IF(LEFT(AI13,4)="True",IF(_xlfn.XLOOKUP("SrcZone_IsAny",'Scoring_Config'!$A:$A,'Scoring_Config'!$D:$D,"Yes")="Yes",_xlfn.XLOOKUP("SrcZone_IsAny",'Scoring_Config'!$A:$A,'Scoring_Config'!$C:$C,5),0),0)+IF(LEFT(AJ13,4)="True",IF(_xlfn.XLOOKUP("DstZone_IsAny",'Scoring_Config'!$A:$A,'Scoring_Config'!$D:$D,"Yes")="Yes",_xlfn.XLOOKUP("DstZone_IsAny",'Scoring_Config'!$A:$A,'Scoring_Config'!$C:$C,5),0),0)+IF(LEFT(AK13,4)="True",IF(_xlfn.XLOOKUP("Service_Any_OR_RangeGt1000",'Scoring_Config'!$A:$A,'Scoring_Config'!$D:$D,"Yes")="Yes",_xlfn.XLOOKUP("Service_Any_OR_RangeGt1000",'Scoring_Config'!$A:$A,'Scoring_Config'!$C:$C,25),0),0)+IF(LEFT(AL13,4)="True",IF(_xlfn.XLOOKUP("App_Any_OR_RangeGt1000",'Scoring_Config'!$A:$A,'Scoring_Config'!$D:$D,"Yes")="Yes",_xlfn.XLOOKUP("App_Any_OR_RangeGt1000",'Scoring_Config'!$A:$A,'Scoring_Config'!$C:$C,25),0),0)+IF(LEFT(AM13,4)="True",IF(_xlfn.XLOOKUP("Service_Insecure_Match",'Scoring_Config'!$A:$A,'Scoring_Config'!$D:$D,"Yes")="Yes",_xlfn.XLOOKUP("Service_Insecure_Match",'Scoring_Config'!$A:$A,'Scoring_Config'!$C:$C,20),0),0)+IF(LEFT(AN13,4)="True",IF(_xlfn.XLOOKUP("Risky_Inbound",'Scoring_Config'!$A:$A,'Scoring_Config'!$D:$D,"Yes")="Yes",_xlfn.XLOOKUP("Risky_Inbound",'Scoring_Config'!$A:$A,'Scoring_Config'!$C:$C,20),0),0)+IF(LEFT(AO13,4)="True",IF(_xlfn.XLOOKUP("Risky_Outbound",'Scoring_Config'!$A:$A,'Scoring_Config'!$D:$D,"Yes")="Yes",_xlfn.XLOOKUP("Risky_Outbound",'Scoring_Config'!$A:$A,'Scoring_Config'!$C:$C,10),0),0)+IF(LEFT(AW13,4)="True",IF(_xlfn.XLOOKUP("Migrate_Insecure",'Scoring_Config'!$A:$A,'Scoring_Config'!$D:$D,"Yes")="Yes",_xlfn.XLOOKUP("Migrate_Insecure",'Scoring_Config'!$A:$A,'Scoring_Config'!$C:$C,15),0),0)+IF(LEFT(AY13,4)="True",IF(_xlfn.XLOOKUP("Migrate_Other_Ports",'Scoring_Config'!$A:$A,'Scoring_Config'!$D:$D,"Yes")="Yes",_xlfn.XLOOKUP("Migrate_Other_Ports",'Scoring_Config'!$A:$A,'Scoring_Config'!$C:$C,5),0),0)+IF(_xlfn.XLOOKUP("Rule_Usage_Scoring",'Scoring_Config'!$A:$A,'Scoring_Config'!$D:$D,"Yes")="Yes",VALUE(MID(AP13,FIND(",",AP13)+1,100)),0)+IF(LEFT(AQ13,4)="True",IF(_xlfn.XLOOKUP("Rule_Usage_Description_Scoring",'Scoring_Config'!$A:$A,'Scoring_Config'!$D:$D,"Yes")="Yes",_xlfn.XLOOKUP("Rule_Usage_Description_Scoring",'Scoring_Config'!$A:$A,'Scoring_Config'!$C:$C,5),0),0)+IF(_xlfn.XLOOKUP("Source_User_Scoring",'Scoring_Config'!$A:$A,'Scoring_Config'!$D:$D,"Yes")="Yes",VALUE(MID(AR13,FIND(",",AR13)+1,100)),0)+IF(_xlfn.XLOOKUP("Profile_Scoring",'Scoring_Config'!$A:$A,'Scoring_Config'!$D:$D,"Yes")="Yes",VALUE(MID(AS13,FIND(",",AS13)+1,100)),0)+IF(_xlfn.XLOOKUP("Options_Scoring",'Scoring_Config'!$A:$A,'Scoring_Config'!$D:$D,"Yes")="Yes",VALUE(MID(AT13,FIND(",",AT13)+1,100)),0)))} -> 0
A14: DC_Policies_Export.csv | B14: Allow_Internet_to_Guest_HTTP | C14: la-datacenterfw | E14: universal | F14: Untrust | G14: updates.la.vendor.local | H14: updates.la.vendor.local | I14: svc_backup | J14: Guest | K14: 10.85.27.28/32 | L14: 10.85.27.28/32 | M14: ssh | N14: 22,tcp | O14: https-tcp-443 | P14: TCP/443 | Q14: allow | R14: best-practice | S14: none | T14: 0 | U14: Temporary allow per INC102810 (expires in 30d) | V14: dns | W14: 148 | X14: 2024-11-20 22:04:58 | Y14: 2024-09-26 22:04:58 | AC14: {=IF(FALSE,"True," & IF(_xlfn.XLOOKUP("Src_IsAny",'Scoring_Config'!$A:$A,'Scoring_Config'!$D:$D,"Yes")="Yes",_xlfn.XLOOKUP("Src_IsAny",'Scoring_Config'!$A:$A,'Scoring_Config'!$C:$C,25),0),"False,0")} -> 0 | AD14: {=IF(FALSE,"True," & IF(_xlfn.XLOOKUP("Src_CIDR_Le_16",'Scoring_Config'!$A:$A,'Scoring_Config'!$D:$D,"Yes")="Yes",_xlfn.XLOOKUP("Src_CIDR_Le_16",'Scoring_Config'!$A:$A,'Scoring_Config'!$C:$C,25),0),"False,0")} -> 0 | AE14: {=IF(FALSE,"True," & IF(_xlfn.XLOOKUP("Src_CIDR_17_22",'Scoring_Config'!$A:$A,'Scoring_Config'!$D:$D,"Yes")="Yes",_xlfn.XLOOKUP("Src_CIDR_17_22",'Scoring_Config'!$A:$A,'Scoring_Config'!$C:$C,15),0),"False,0")} -> 0 | AF14: {=IF(FALSE,"True," & IF(_xlfn.XLOOKUP("Dst_IsAny",'Scoring_Config'!$A:$A,'Scoring_Config'!$D:$D,"Yes")="Yes",_xlfn.XLOOKUP("Dst_IsAny",'Scoring_Config'!$A:$A,'Scoring_Config'!$C:$C,25),0),"False,0")} -> 0 | AG14: {=IF(FALSE,"True," & IF(_xlfn.XLOOKUP("Dst_CIDR_Le_16",'Scoring_Config'!$A:$A,'Scoring_Config'!$D:$D,"Yes")="Yes",_xlfn.XLOOKUP("Dst_CIDR_Le_16",'Scoring_Config'!$A:$A,'Scoring_Config'!$C:$C,25),0),"False,0")} -> 0 | AH14: {=IF(FALSE,"True," & IF(_xlfn.XLOOKUP("Dst_CIDR_17_22",'Scoring_Config'!$A:$A,'Scoring_Config'!$D:$D,"Yes")="Yes",_xlfn.XLOOKUP("Dst_CIDR_17_22",'Scoring_Config'!$A:$A,'Scoring_Config'!$C:$C,15),0),"False,0")} -> 0 | AI14: {=IF(FALSE,"True," & IF(_xlfn.XLOOKUP("SrcZone_IsAny",'Scoring_Config'!$A:$A,'Scoring_Config'!$D:$D,"Yes")="Yes",_xlfn.XLOOKUP("SrcZone_IsAny",'Scoring_Config'!$A:$A,'Scoring_Config'!$C:$C,5),0),"False,0")} -> 0 | AJ14: {=IF(FALSE,"True," & IF(_xlfn.XLOOKUP("DstZone_IsAny",'Scoring_Config'!$A:$A,'Scoring_Config'!$D:$D,"Yes")="Yes",_xlfn.XLOOKUP("DstZone_IsAny",'Scoring_Config'!$A:$A,'Scoring_Config'!$C:$C,5),0),"False,0")} -> 0 | AK14: {=IF(FALSE,"True," & IF(_xlfn.XLOOKUP("Service_Any_OR_RangeGt1000",'Scoring_Config'!$A:$A,'Scoring_Config'!$D:$D,"Yes")="Yes",_xlfn.XLOOKUP("Service_Any_OR_RangeGt1000",'Scoring_Config'!$A:$A,'Scoring_Config'!$C:$C,25),0),"False,0")} -> 0 | AL14: {=IF(FALSE,"True," & IF(_xlfn.XLOOKUP("App_Any_OR_RangeGt1000",'Scoring_Config'!$A:$A,'Scoring_Config'!$D:$D,"Yes")="Yes",_xlfn.XLOOKUP("App_Any_OR_RangeGt1000",'Scoring_Config'!$A:$A,'Scoring_Config'!$C:$C,25),0),"False,0")} -> 0 | AM14: {=IF(FALSE,"True," & IF(_xlfn.XLOOKUP("Service_Insecure_Match",'Scoring_Config'!$A:$A,'Scoring_Config'!$D:$D,"Yes")="Yes",_xlfn.XLOOKUP("Service_Insecure_Match",'Scoring_Config'!$A:$A,'Scoring_Config'!$C:$C,20),0),"False,0")} -> 0 | AN14: {=IF(FALSE,"True," & IF(_xlfn.XLOOKUP("Risky_Inbound",'Scoring_Config'!$A:$A,'Scoring_Config'!$D:$D,"Yes")="Yes",_xlfn.XLOOKUP("Risky_Inbound",'Scoring_Config'!$A:$A,'Scoring_Config'!$C:$C,20),0),"False,0")} -> 0 | AO14: {=IF(FALSE,"True," & IF(_xlfn.XLOOKUP("Risky_Outbound",'Scoring_Config'!$A:$A,'Scoring_Config'!$D:$D,"Yes")="Yes",_xlfn.XLOOKUP("Risky_Outbound",'Scoring_Config'!$A:$A,'Scoring_Config'!$C:$C,10),0),"False,0")} -> 0 | AP14: True,5 | AQ14: {=IF(FALSE,"True," & IF(_xlfn.XLOOKUP("Rule_Usage_Description_Scoring",'Scoring_Config'!$A:$A,'Scoring_Config'!$D:$D,"Yes")="Yes",_xlfn.XLOOKUP("Rule_Usage_Description_Scoring",'Scoring_Config'!$A:$A,'Scoring_Config'!$C:$C,5),0),"False,0")} -> 0 | AR14: True,-10 | AS14: False,0 | AT14: True,5 | AU14: {=IF(FALSE,"True," & IF(_xlfn.XLOOKUP("Action_IsDenyOrDrop",'Scoring_Config'!$A:$A,'Scoring_Config'!$D:$D,"Yes")="Yes",_xlfn.XLOOKUP("Action_IsDenyOrDrop",'Scoring_Config'!$A:$A,'Scoring_Config'!$C:$C,0),0),"False,0")} -> 0 | AW14: {=IF(FALSE,"True," & IF(_xlfn.XLOOKUP("Migrate_Insecure",'Scoring_Config'!$A:$A,'Scoring_Config'!$D:$D,"Yes")="Yes",_xlfn.XLOOKUP("Migrate_Insecure",'Scoring_Config'!$A:$A,'Scoring_Config'!$C:$C,15),0),"False,0")} -> 0 | AY14: {=IF(FALSE,"True," & IF(_xlfn.XLOOKUP("Migrate_Other_Ports",'Scoring_Config'!$A:$A,'Scoring_Config'!$D:$D,"Yes")="Yes",_xlfn.XLOOKUP("Migrate_Other_Ports",'Scoring_Config'!$A:$A,'Scoring_Config'!$C:$C,5),0),"False,0")} -> 0 | AZ14: {=IF(LEFT(AU14,4)="True",0,(IF(LEFT(AC14,4)="True",IF(_xlfn.XLOOKUP("Src_IsAny",'Scoring_Config'!$A:$A,'Scoring_Config'!$D:$D,"Yes")="Yes",_xlfn.XLOOKUP("Src_IsAny",'Scoring_Config'!$A:$A,'Scoring_Config'!$C:$C,25),0),0)+IF(LEFT(AD14,4)="True",IF(_xlfn.XLOOKUP("Src_CIDR_Le_16",'Scoring_Config'!$A:$A,'Scoring_Config'!$D:$D,"Yes")="Yes",_xlfn.XLOOKUP("Src_CIDR_Le_16",'Scoring_Config'!$A:$A,'Scoring_Config'!$C:$C,25),0),0)+IF(LEFT(AE14,4)="True",IF(_xlfn.XLOOKUP("Src_CIDR_17_22",'Scoring_Config'!$A:$A,'Scoring_Config'!$D:$D,"Yes")="Yes",_xlfn.XLOOKUP("Src_CIDR_17_22",'Scoring_Config'!$A:$A,'Scoring_Config'!$C:$C,15),0),0)+IF(LEFT(AF14,4)="True",IF(_xlfn.XLOOKUP("Dst_IsAny",'Scoring_Config'!$A:$A,'Scoring_Config'!$D:$D,"Yes")="Yes",_xlfn.XLOOKUP("Dst_IsAny",'Scoring_Config'!$A:$A,'Scoring_Config'!$C:$C,25),0),0)+IF(LEFT(AG14,4)="True",IF(_xlfn.XLOOKUP("Dst_CIDR_Le_16",'Scoring_Config'!$A:$A,'Scoring_Config'!$D:$D,"Yes")="Yes",_xlfn.XLOOKUP("Dst_CIDR_Le_16",'Scoring_Config'!$A:$A,'Scoring_Config'!$C:$C,25),0),0)+IF(LEFT(AH14,4)="True",IF(_xlfn.XLOOKUP("Dst_CIDR_17_22",'Scoring_Config'!$A:$A,'Scoring_Config'!$D:$D,"Yes")="Yes",_xlfn.XLOOKUP("Dst_CIDR_17_22",'Scoring_Config'!$A:$A,'Scoring_Config'!$C:$C,15),0),0)+IF(LEFT(AI14,4)="True",IF(_xlfn.XLOOKUP("SrcZone_IsAny",'Scoring_Config'!$A:$A,'Scoring_Config'!$D:$D,"Yes")="Yes",_xlfn.XLOOKUP("SrcZone_IsAny",'Scoring_Config'!$A:$A,'Scoring_Config'!$C:$C,5),0),0)+IF(LEFT(AJ14,4)="True",IF(_xlfn.XLOOKUP("DstZone_IsAny",'Scoring_Config'!$A:$A,'Scoring_Config'!$D:$D,"Yes")="Yes",_xlfn.XLOOKUP("DstZone_IsAny",'Scoring_Config'!$A:$A,'Scoring_Config'!$C:$C,5),0),0)+IF(LEFT(AK14,4)="True",IF(_xlfn.XLOOKUP("Service_Any_OR_RangeGt1000",'Scoring_Config'!$A:$A,'Scoring_Config'!$D:$D,"Yes")="Yes",_xlfn.XLOOKUP("Service_Any_OR_RangeGt1000",'Scoring_Config'!$A:$A,'Scoring_Config'!$C:$C,25),0),0)+IF(LEFT(AL14,4)="True",IF(_xlfn.XLOOKUP("App_Any_OR_RangeGt1000",'Scoring_Config'!$A:$A,'Scoring_Config'!$D:$D,"Yes")="Yes",_xlfn.XLOOKUP("App_Any_OR_RangeGt1000",'Scoring_Config'!$A:$A,'Scoring_Config'!$C:$C,25),0),0)+IF(LEFT(AM14,4)="True",IF(_xlfn.XLOOKUP("Service_Insecure_Match",'Scoring_Config'!$A:$A,'Scoring_Config'!$D:$D,"Yes")="Yes",_xlfn.XLOOKUP("Service_Insecure_Match",'Scoring_Config'!$A:$A,'Scoring_Config'!$C:$C,20),0),0)+IF(LEFT(AN14,4)="True",IF(_xlfn.XLOOKUP("Risky_Inbound",'Scoring_Config'!$A:$A,'Scoring_Config'!$D:$D,"Yes")="Yes",_xlfn.XLOOKUP("Risky_Inbound",'Scoring_Config'!$A:$A,'Scoring_Config'!$C:$C,20),0),0)+IF(LEFT(AO14,4)="True",IF(_xlfn.XLOOKUP("Risky_Outbound",'Scoring_Config'!$A:$A,'Scoring_Config'!$D:$D,"Yes")="Yes",_xlfn.XLOOKUP("Risky_Outbound",'Scoring_Config'!$A:$A,'Scoring_Config'!$C:$C,10),0),0)+IF(LEFT(AW14,4)="True",IF(_xlfn.XLOOKUP("Migrate_Insecure",'Scoring_Config'!$A:$A,'Scoring_Config'!$D:$D,"Yes")="Yes",_xlfn.XLOOKUP("Migrate_Insecure",'Scoring_Config'!$A:$A,'Scoring_Config'!$C:$C,15),0),0)+IF(LEFT(AY14,4)="True",IF(_xlfn.XLOOKUP("Migrate_Other_Ports",'Scoring_Config'!$A:$A,'Scoring_Config'!$D:$D,"Yes")="Yes",_xlfn.XLOOKUP("Migrate_Other_Ports",'Scoring_Config'!$A:$A,'Scoring_Config'!$C:$C,5),0),0)+IF(_xlfn.XLOOKUP("Rule_Usage_Scoring",'Scoring_Config'!$A:$A,'Scoring_Config'!$D:$D,"Yes")="Yes",VALUE(MID(AP14,FIND(",",AP14)+1,100)),0)+IF(LEFT(AQ14,4)="True",IF(_xlfn.XLOOKUP("Rule_Usage_Description_Scoring",'Scoring_Config'!$A:$A,'Scoring_Config'!$D:$D,"Yes")="Yes",_xlfn.XLOOKUP("Rule_Usage_Description_Scoring",'Scoring_Config'!$A:$A,'Scoring_Config'!$C:$C,5),0),0)+IF(_xlfn.XLOOKUP("Source_User_Scoring",'Scoring_Config'!$A:$A,'Scoring_Config'!$D:$D,"Yes")="Yes",VALUE(MID(AR14,FIND(",",AR14)+1,100)),0)+IF(_xlfn.XLOOKUP("Profile_Scoring",'Scoring_Config'!$A:$A,'Scoring_Config'!$D:$D,"Yes")="Yes",VALUE(MID(AS14,FIND(",",AS14)+1,100)),0)+IF(_xlfn.XLOOKUP("Options_Scoring",'Scoring_Config'!$A:$A,'Scoring_Config'!$D:$D,"Yes")="Yes",VALUE(MID(AT14,FIND(",",AT14)+1,100)),0)))} -> 0
A15: DC_Policies_Export.csv | B15: Allow_Mgmt_to_Mgmt_SMTP | C15: la-datacenterfw | E15: universal | F15: Mgmt | G15: srv-la-app01.corp.local | H15: 10.170.252.10/32 | I15: domain\finance | J15: Mgmt | K15: any | L15: any | M15: smtp | N15: smtp | O15: LA_Remote_Access_Insecure | P15: TCP/23; TCP/1080; TCP/3389; TCP/5900 | Q15: allow | R15: none | S15: Traffic log sent at session end; Log Forwarding Profile setting: Forward to Panorama | T15: 246 | U15: Operational requirement documented in INC339709 | V15: (none) | W15: 211 | X15: 2025-04-06 05:44:58 | Y15: 2022-12-20 05:44:58 | AC15: {=IF(FALSE,"True," & IF(_xlfn.XLOOKUP("Src_IsAny",'Scoring_Config'!$A:$A,'Scoring_Config'!$D:$D,"Yes")="Yes",_xlfn.XLOOKUP("Src_IsAny",'Scoring_Config'!$A:$A,'Scoring_Config'!$C:$C,25),0),"False,0")} -> 0 | AD15: {=IF(FALSE,"True," & IF(_xlfn.XLOOKUP("Src_CIDR_Le_16",'Scoring_Config'!$A:$A,'Scoring_Config'!$D:$D,"Yes")="Yes",_xlfn.XLOOKUP("Src_CIDR_Le_16",'Scoring_Config'!$A:$A,'Scoring_Config'!$C:$C,25),0),"False,0")} -> 0 | AE15: {=IF(FALSE,"True," & IF(_xlfn.XLOOKUP("Src_CIDR_17_22",'Scoring_Config'!$A:$A,'Scoring_Config'!$D:$D,"Yes")="Yes",_xlfn.XLOOKUP("Src_CIDR_17_22",'Scoring_Config'!$A:$A,'Scoring_Config'!$C:$C,15),0),"False,0")} -> 0 | AF15: {=IF(TRUE,"True," & IF(_xlfn.XLOOKUP("Dst_IsAny",'Scoring_Config'!$A:$A,'Scoring_Config'!$D:$D,"Yes")="Yes",_xlfn.XLOOKUP("Dst_IsAny",'Scoring_Config'!$A:$A,'Scoring_Config'!$C:$C,25),0),"False,0")} -> 0 | AG15: {=IF(FALSE,"True," & IF(_xlfn.XLOOKUP("Dst_CIDR_Le_16",'Scoring_Config'!$A:$A,'Scoring_Config'!$D:$D,"Yes")="Yes",_xlfn.XLOOKUP("Dst_CIDR_Le_16",'Scoring_Config'!$A:$A,'Scoring_Config'!$C:$C,25),0),"False,0")} -> 0 | AH15: {=IF(FALSE,"True," & IF(_xlfn.XLOOKUP("Dst_CIDR_17_22",'Scoring_Config'!$A:$A,'Scoring_Config'!$D:$D,"Yes")="Yes",_xlfn.XLOOKUP("Dst_CIDR_17_22",'Scoring_Config'!$A:$A,'Scoring_Config'!$C:$C,15),0),"False,0")} -> 0 | AI15: {=IF(FALSE,"True," & IF(_xlfn.XLOOKUP("SrcZone_IsAny",'Scoring_Config'!$A:$A,'Scoring_Config'!$D:$D,"Yes")="Yes",_xlfn.XLOOKUP("SrcZone_IsAny",'Scoring_Config'!$A:$A,'Scoring_Config'!$C:$C,5),0),"False,0")} -> 0 | AJ15: {=IF(FALSE,"True," & IF(_xlfn.XLOOKUP("DstZone_IsAny",'Scoring_Config'!$A:$A,'Scoring_Config'!$D:$D,"Yes")="Yes",_xlfn.XLOOKUP("DstZone_IsAny",'Scoring_Config'!$A:$A,'Scoring_Config'!$C:$C,5),0),"False,0")} -> 0 | AK15: {=IF(FALSE,"True," & IF(_xlfn.XLOOKUP("Service_Any_OR_RangeGt1000",'Scoring_Config'!$A:$A,'Scoring_Config'!$D:$D,"Yes")="Yes",_xlfn.XLOOKUP("Service_Any_OR_RangeGt1000",'Scoring_Config'!$A:$A,'Scoring_Config'!$C:$C,25),0),"False,0")} -> 0 | AL15: {=IF(FALSE,"True," & IF(_xlfn.XLOOKUP("App_Any_OR_RangeGt1000",'Scoring_Config'!$A:$A,'Scoring_Config'!$D:$D,"Yes")="Yes",_xlfn.XLOOKUP("App_Any_OR_RangeGt1000",'Scoring_Config'!$A:$A,'Scoring_Config'!$C:$C,25),0),"False,0")} -> 0 | AM15: {=IF(TRUE,"True," & IF(_xlfn.XLOOKUP("Service_Insecure_Match",'Scoring_Config'!$A:$A,'Scoring_Config'!$D:$D,"Yes")="Yes",_xlfn.XLOOKUP("Service_Insecure_Match",'Scoring_Config'!$A:$A,'Scoring_Config'!$C:$C,20),0),"False,0")} -> 0 | AN15: {=IF(FALSE,"True," & IF(_xlfn.XLOOKUP("Risky_Inbound",'Scoring_Config'!$A:$A,'Scoring_Config'!$D:$D,"Yes")="Yes",_xlfn.XLOOKUP("Risky_Inbound",'Scoring_Config'!$A:$A,'Scoring_Config'!$C:$C,20),0),"False,0")} -> 0 | AO15: {=IF(FALSE,"True," & IF(_xlfn.XLOOKUP("Risky_Outbound",'Scoring_Config'!$A:$A,'Scoring_Config'!$D:$D,"Yes")="Yes",_xlfn.XLOOKUP("Risky_Outbound",'Scoring_Config'!$A:$A,'Scoring_Config'!$C:$C,10),0),"False,0")} -> 0 | AP15: True,5 | AQ15: {=IF(FALSE,"True," & IF(_xlfn.XLOOKUP("Rule_Usage_Description_Scoring",'Scoring_Config'!$A:$A,'Scoring_Config'!$D:$D,"Yes")="Yes",_xlfn.XLOOKUP("Rule_Usage_Description_Scoring",'Scoring_Config'!$A:$A,'Scoring_Config'!$C:$C,5),0),"False,0")} -> 0 | AR15: True,-10 | AS15: True,5 | AT15: False,0 | AU15: {=IF(FALSE,"True," & IF(_xlfn.XLOOKUP("Action_IsDenyOrDrop",'Scoring_Config'!$A:$A,'Scoring_Config'!$D:$D,"Yes")="Yes",_xlfn.XLOOKUP("Action_IsDenyOrDrop",'Scoring_Config'!$A:$A,'Scoring_Config'!$C:$C,0),0),"False,0")} -> 0 | AW15: {=IF(FALSE,"True," & IF(_xlfn.XLOOKUP("Migrate_Insecure",'Scoring_Config'!$A:$A,'Scoring_Config'!$D:$D,"Yes")="Yes",_xlfn.XLOOKUP("Migrate_Insecure",'Scoring_Config'!$A:$A,'Scoring_Config'!$C:$C,15),0),"False,0")} -> 0 | AY15: {=IF(FALSE,"True," & IF(_xlfn.XLOOKUP("Migrate_Other_Ports",'Scoring_Config'!$A:$A,'Scoring_Config'!$D:$D,"Yes")="Yes",_xlfn.XLOOKUP("Migrate_Other_Ports",'Scoring_Config'!$A:$A,'Scoring_Config'!$C:$C,5),0),"False,0")} -> 0 | AZ15: {=IF(LEFT(AU15,4)="True",0,(IF(LEFT(AC15,4)="True",IF(_xlfn.XLOOKUP("Src_IsAny",'Scoring_Config'!$A:$A,'Scoring_Config'!$D:$D,"Yes")="Yes",_xlfn.XLOOKUP("Src_IsAny",'Scoring_Config'!$A:$A,'Scoring_Config'!$C:$C,25),0),0)+IF(LEFT(AD15,4)="True",IF(_xlfn.XLOOKUP("Src_CIDR_Le_16",'Scoring_Config'!$A:$A,'Scoring_Config'!$D:$D,"Yes")="Yes",_xlfn.XLOOKUP("Src_CIDR_Le_16",'Scoring_Config'!$A:$A,'Scoring_Config'!$C:$C,25),0),0)+IF(LEFT(AE15,4)="True",IF(_xlfn.XLOOKUP("Src_CIDR_17_22",'Scoring_Config'!$A:$A,'Scoring_Config'!$D:$D,"Yes")="Yes",_xlfn.XLOOKUP("Src_CIDR_17_22",'Scoring_Config'!$A:$A,'Scoring_Config'!$C:$C,15),0),0)+IF(LEFT(AF15,4)="True",IF(_xlfn.XLOOKUP("Dst_IsAny",'Scoring_Config'!$A:$A,'Scoring_Config'!$D:$D,"Yes")="Yes",_xlfn.XLOOKUP("Dst_IsAny",'Scoring_Config'!$A:$A,'Scoring_Config'!$C:$C,25),0),0)+IF(LEFT(AG15,4)="True",IF(_xlfn.XLOOKUP("Dst_CIDR_Le_16",'Scoring_Config'!$A:$A,'Scoring_Config'!$D:$D,"Yes")="Yes",_xlfn.XLOOKUP("Dst_CIDR_Le_16",'Scoring_Config'!$A:$A,'Scoring_Config'!$C:$C,25),0),0)+IF(LEFT(AH15,4)="True",IF(_xlfn.XLOOKUP("Dst_CIDR_17_22",'Scoring_Config'!$A:$A,'Scoring_Config'!$D:$D,"Yes")="Yes",_xlfn.XLOOKUP("Dst_CIDR_17_22",'Scoring_Config'!$A:$A,'Scoring_Config'!$C:$C,15),0),0)+IF(LEFT(AI15,4)="True",IF(_xlfn.XLOOKUP("SrcZone_IsAny",'Scoring_Config'!$A:$A,'Scoring_Config'!$D:$D,"Yes")="Yes",_xlfn.XLOOKUP("SrcZone_IsAny",'Scoring_Config'!$A:$A,'Scoring_Config'!$C:$C,5),0),0)+IF(LEFT(AJ15,4)="True",IF(_xlfn.XLOOKUP("DstZone_IsAny",'Scoring_Config'!$A:$A,'Scoring_Config'!$D:$D,"Yes")="Yes",_xlfn.XLOOKUP("DstZone_IsAny",'Scoring_Config'!$A:$A,'Scoring_Config'!$C:$C,5),0),0)+IF(LEFT(AK15,4)="True",IF(_xlfn.XLOOKUP("Service_Any_OR_RangeGt1000",'Scoring_Config'!$A:$A,'Scoring_Config'!$D:$D,"Yes")="Yes",_xlfn.XLOOKUP("Service_Any_OR_RangeGt1000",'Scoring_Config'!$A:$A,'Scoring_Config'!$C:$C,25),0),0)+IF(LEFT(AL15,4)="True",IF(_xlfn.XLOOKUP("App_Any_OR_RangeGt1000",'Scoring_Config'!$A:$A,'Scoring_Config'!$D:$D,"Yes")="Yes",_xlfn.XLOOKUP("App_Any_OR_RangeGt1000",'Scoring_Config'!$A:$A,'Scoring_Config'!$C:$C,25),0),0)+IF(LEFT(AM15,4)="True",IF(_xlfn.XLOOKUP("Service_Insecure_Match",'Scoring_Config'!$A:$A,'Scoring_Config'!$D:$D,"Yes")="Yes",_xlfn.XLOOKUP("Service_Insecure_Match",'Scoring_Config'!$A:$A,'Scoring_Config'!$C:$C,20),0),0)+IF(LEFT(AN15,4)="True",IF(_xlfn.XLOOKUP("Risky_Inbound",'Scoring_Config'!$A:$A,'Scoring_Config'!$D:$D,"Yes")="Yes",_xlfn.XLOOKUP("Risky_Inbound",'Scoring_Config'!$A:$A,'Scoring_Config'!$C:$C,20),0),0)+IF(LEFT(AO15,4)="True",IF(_xlfn.XLOOKUP("Risky_Outbound",'Scoring_Config'!$A:$A,'Scoring_Config'!$D:$D,"Yes")="Yes",_xlfn.XLOOKUP("Risky_Outbound",'Scoring_Config'!$A:$A,'Scoring_Config'!$C:$C,10),0),0)+IF(LEFT(AW15,4)="True",IF(_xlfn.XLOOKUP("Migrate_Insecure",'Scoring_Config'!$A:$A,'Scoring_Config'!$D:$D,"Yes")="Yes",_xlfn.XLOOKUP("Migrate_Insecure",'Scoring_Config'!$A:$A,'Scoring_Config'!$C:$C,15),0),0)+IF(LEFT(AY15,4)="True",IF(_xlfn.XLOOKUP("Migrate_Other_Ports",'Scoring_Config'!$A:$A,'Scoring_Config'!$D:$D,"Yes")="Yes",_xlfn.XLOOKUP("Migrate_Other_Ports",'Scoring_Config'!$A:$A,'Scoring_Config'!$C:$C,5),0),0)+IF(_xlfn.XLOOKUP("Rule_Usage_Scoring",'Scoring_Config'!$A:$A,'Scoring_Config'!$D:$D,"Yes")="Yes",VALUE(MID(AP15,FIND(",",AP15)+1,100)),0)+IF(LEFT(AQ15,4)="True",IF(_xlfn.XLOOKUP("Rule_Usage_Description_Scoring",'Scoring_Config'!$A:$A,'Scoring_Config'!$D:$D,"Yes")="Yes",_xlfn.XLOOKUP("Rule_Usage_Description_Scoring",'Scoring_Config'!$A:$A,'Scoring_Config'!$C:$C,5),0),0)+IF(_xlfn.XLOOKUP("Source_User_Scoring",'Scoring_Config'!$A:$A,'Scoring_Config'!$D:$D,"Yes")="Yes",VALUE(MID(AR15,FIND(",",AR15)+1,100)),0)+IF(_xlfn.XLOOKUP("Profile_Scoring",'Scoring_Config'!$A:$A,'Scoring_Config'!$D:$D,"Yes")="Yes",VALUE(MID(AS15,FIND(",",AS15)+1,100)),0)+IF(_xlfn.XLOOKUP("Options_Scoring",'Scoring_Config'!$A:$A,'Scoring_Config'!$D:$D,"Yes")="Yes",VALUE(MID(AT15,FIND(",",AT15)+1,100)),0)))} -> 0
A16: DC_Policies_Export.csv | B16: Allow_Guest_to_Mgmt_DNS | C16: la-datacenterfw | E16: universal | F16: Guest | G16: LA_Branch_3_Subnets | H16: 10.114.92.22/32; 10.156.103.14/32; 10.188.179.19/32; 10.215.129.28/32; 10.251.126.26/32; 10.81.174.25/32 | I16: svc_batch | J16: Mgmt | K16: LA_Legacy | L16: 10.1.7.0/24; 10.11.186.18/32; 10.156.103.14/32; 10.6.235.24/32; telemetry.la.iot | M16: dns | N16: dns | O16: dns-udp-53 | P16: UDP/53 | Q16: allow | R16: default | S16: none | T16: 4751 | U16: Temporary allow per INC486421 (expires in 30d) | V16: ftp, smb | W16: 174 | X16: 2025-06-22 00:16:58 | Y16: 2023-03-23 00:16:58 | AC16: {=IF(FALSE,"True," & IF(_xlfn.XLOOKUP("Src_IsAny",'Scoring_Config'!$A:$A,'Scoring_Config'!$D:$D,"Yes")="Yes",_xlfn.XLOOKUP("Src_IsAny",'Scoring_Config'!$A:$A,'Scoring_Config'!$C:$C,25),0),"False,0")} -> 0 | AD16: {=IF(FALSE,"True," & IF(_xlfn.XLOOKUP("Src_CIDR_Le_16",'Scoring_Config'!$A:$A,'Scoring_Config'!$D:$D,"Yes")="Yes",_xlfn.XLOOKUP("Src_CIDR_Le_16",'Scoring_Config'!$A:$A,'Scoring_Config'!$C:$C,25),0),"False,0")} -> 0 | AE16: {=IF(FALSE,"True," & IF(_xlfn.XLOOKUP("Src_CIDR_17_22",'Scoring_Config'!$A:$A,'Scoring_Config'!$D:$D,"Yes")="Yes",_xlfn.XLOOKUP("Src_CIDR_17_22",'Scoring_Config'!$A:$A,'Scoring_Config'!$C:$C,15),0),"False,0")} -> 0 | AF16: {=IF(FALSE,"True," & IF(_xlfn.XLOOKUP("Dst_IsAny",'Scoring_Config'!$A:$A,'Scoring_Config'!$D:$D,"Yes")="Yes",_xlfn.XLOOKUP("Dst_IsAny",'Scoring_Config'!$A:$A,'Scoring_Config'!$C:$C,25),0),"False,0")} -> 0 | AG16: {=IF(FALSE,"True," & IF(_xlfn.XLOOKUP("Dst_CIDR_Le_16",'Scoring_Config'!$A:$A,'Scoring_Config'!$D:$D,"Yes")="Yes",_xlfn.XLOOKUP("Dst_CIDR_Le_16",'Scoring_Config'!$A:$A,'Scoring_Config'!$C:$C,25),0),"False,0")} -> 0 | AH16: {=IF(FALSE,"True," & IF(_xlfn.XLOOKUP("Dst_CIDR_17_22",'Scoring_Config'!$A:$A,'Scoring_Config'!$D:$D,"Yes")="Yes",_xlfn.XLOOKUP("Dst_CIDR_17_22",'Scoring_Config'!$A:$A,'Scoring_Config'!$C:$C,15),0),"False,0")} -> 0 | AI16: {=IF(FALSE,"True," & IF(_xlfn.XLOOKUP("SrcZone_IsAny",'Scoring_Config'!$A:$A,'Scoring_Config'!$D:$D,"Yes")="Yes",_xlfn.XLOOKUP("SrcZone_IsAny",'Scoring_Config'!$A:$A,'Scoring_Config'!$C:$C,5),0),"False,0")} -> 0 | AJ16: {=IF(FALSE,"True," & IF(_xlfn.XLOOKUP("DstZone_IsAny",'Scoring_Config'!$A:$A,'Scoring_Config'!$D:$D,"Yes")="Yes",_xlfn.XLOOKUP("DstZone_IsAny",'Scoring_Config'!$A:$A,'Scoring_Config'!$C:$C,5),0),"False,0")} -> 0 | AK16: {=IF(FALSE,"True," & IF(_xlfn.XLOOKUP("Service_Any_OR_RangeGt1000",'Scoring_Config'!$A:$A,'Scoring_Config'!$D:$D,"Yes")="Yes",_xlfn.XLOOKUP("Service_Any_OR_RangeGt1000",'Scoring_Config'!$A:$A,'Scoring_Config'!$C:$C,25),0),"False,0")} -> 0 | AL16: {=IF(FALSE,"True," & IF(_xlfn.XLOOKUP("App_Any_OR_RangeGt1000",'Scoring_Config'!$A:$A,'Scoring_Config'!$D:$D,"Yes")="Yes",_xlfn.XLOOKUP("App_Any_OR_RangeGt1000",'Scoring_Config'!$A:$A,'Scoring_Config'!$C:$C,25),0),"False,0")} -> 0 | AM16: {=IF(FALSE,"True," & IF(_xlfn.XLOOKUP("Service_Insecure_Match",'Scoring_Config'!$A:$A,'Scoring_Config'!$D:$D,"Yes")="Yes",_xlfn.XLOOKUP("Service_Insecure_Match",'Scoring_Config'!$A:$A,'Scoring_Config'!$C:$C,20),0),"False,0")} -> 0 | AN16: {=IF(FALSE,"True," & IF(_xlfn.XLOOKUP("Risky_Inbound",'Scoring_Config'!$A:$A,'Scoring_Config'!$D:$D,"Yes")="Yes",_xlfn.XLOOKUP("Risky_Inbound",'Scoring_Config'!$A:$A,'Scoring_Config'!$C:$C,20),0),"False,0")} -> 0 | AO16: {=IF(FALSE,"True," & IF(_xlfn.XLOOKUP("Risky_Outbound",'Scoring_Config'!$A:$A,'Scoring_Config'!$D:$D,"Yes")="Yes",_xlfn.XLOOKUP("Risky_Outbound",'Scoring_Config'!$A:$A,'Scoring_Config'!$C:$C,10),0),"False,0")} -> 0 | AP16: True,5 | AQ16: {=IF(FALSE,"True," & IF(_xlfn.XLOOKUP("Rule_Usage_Description_Scoring",'Scoring_Config'!$A:$A,'Scoring_Config'!$D:$D,"Yes")="Yes",_xlfn.XLOOKUP("Rule_Usage_Description_Scoring",'Scoring_Config'!$A:$A,'Scoring_Config'!$C:$C,5),0),"False,0")} -> 0 | AR16: True,-10 | AS16: False,0 | AT16: True,5 | AU16: {=IF(FALSE,"True," & IF(_xlfn.XLOOKUP("Action_IsDenyOrDrop",'Scoring_Config'!$A:$A,'Scoring_Config'!$D:$D,"Yes")="Yes",_xlfn.XLOOKUP("Action_IsDenyOrDrop",'Scoring_Config'!$A:$A,'Scoring_Config'!$C:$C,0),0),"False,0")} -> 0 | AW16: {=IF(FALSE,"True," & IF(_xlfn.XLOOKUP("Migrate_Insecure",'Scoring_Config'!$A:$A,'Scoring_Config'!$D:$D,"Yes")="Yes",_xlfn.XLOOKUP("Migrate_Insecure",'Scoring_Config'!$A:$A,'Scoring_Config'!$C:$C,15),0),"False,0")} -> 0 | AY16: {=IF(FALSE,"True," & IF(_xlfn.XLOOKUP("Migrate_Other_Ports",'Scoring_Config'!$A:$A,'Scoring_Config'!$D:$D,"Yes")="Yes",_xlfn.XLOOKUP("Migrate_Other_Ports",'Scoring_Config'!$A:$A,'Scoring_Config'!$C:$C,5),0),"False,0")} -> 0 | AZ16: {=IF(LEFT(AU16,4)="True",0,(IF(LEFT(AC16,4)="True",IF(_xlfn.XLOOKUP("Src_IsAny",'Scoring_Config'!$A:$A,'Scoring_Config'!$D:$D,"Yes")="Yes",_xlfn.XLOOKUP("Src_IsAny",'Scoring_Config'!$A:$A,'Scoring_Config'!$C:$C,25),0),0)+IF(LEFT(AD16,4)="True",IF(_xlfn.XLOOKUP("Src_CIDR_Le_16",'Scoring_Config'!$A:$A,'Scoring_Config'!$D:$D,"Yes")="Yes",_xlfn.XLOOKUP("Src_CIDR_Le_16",'Scoring_Config'!$A:$A,'Scoring_Config'!$C:$C,25),0),0)+IF(LEFT(AE16,4)="True",IF(_xlfn.XLOOKUP("Src_CIDR_17_22",'Scoring_Config'!$A:$A,'Scoring_Config'!$D:$D,"Yes")="Yes",_xlfn.XLOOKUP("Src_CIDR_17_22",'Scoring_Config'!$A:$A,'Scoring_Config'!$C:$C,15),0),0)+IF(LEFT(AF16,4)="True",IF(_xlfn.XLOOKUP("Dst_IsAny",'Scoring_Config'!$A:$A,'Scoring_Config'!$D:$D,"Yes")="Yes",_xlfn.XLOOKUP("Dst_IsAny",'Scoring_Config'!$A:$A,'Scoring_Config'!$C:$C,25),0),0)+IF(LEFT(AG16,4)="True",IF(_xlfn.XLOOKUP("Dst_CIDR_Le_16",'Scoring_Config'!$A:$A,'Scoring_Config'!$D:$D,"Yes")="Yes",_xlfn.XLOOKUP("Dst_CIDR_Le_16",'Scoring_Config'!$A:$A,'Scoring_Config'!$C:$C,25),0),0)+IF(LEFT(AH16,4)="True",IF(_xlfn.XLOOKUP("Dst_CIDR_17_22",'Scoring_Config'!$A:$A,'Scoring_Config'!$D:$D,"Yes")="Yes",_xlfn.XLOOKUP("Dst_CIDR_17_22",'Scoring_Config'!$A:$A,'Scoring_Config'!$C:$C,15),0),0)+IF(LEFT(AI16,4)="True",IF(_xlfn.XLOOKUP("SrcZone_IsAny",'Scoring_Config'!$A:$A,'Scoring_Config'!$D:$D,"Yes")="Yes",_xlfn.XLOOKUP("SrcZone_IsAny",'Scoring_Config'!$A:$A,'Scoring_Config'!$C:$C,5),0),0)+IF(LEFT(AJ16,4)="True",IF(_xlfn.XLOOKUP("DstZone_IsAny",'Scoring_Config'!$A:$A,'Scoring_Config'!$D:$D,"Yes")="Yes",_xlfn.XLOOKUP("DstZone_IsAny",'Scoring_Config'!$A:$A,'Scoring_Config'!$C:$C,5),0),0)+IF(LEFT(AK16,4)="True",IF(_xlfn.XLOOKUP("Service_Any_OR_RangeGt1000",'Scoring_Config'!$A:$A,'Scoring_Config'!$D:$D,"Yes")="Yes",_xlfn.XLOOKUP("Service_Any_OR_RangeGt1000",'Scoring_Config'!$A:$A,'Scoring_Config'!$C:$C,25),0),0)+IF(LEFT(AL16,4)="True",IF(_xlfn.XLOOKUP("App_Any_OR_RangeGt1000",'Scoring_Config'!$A:$A,'Scoring_Config'!$D:$D,"Yes")="Yes",_xlfn.XLOOKUP("App_Any_OR_RangeGt1000",'Scoring_Config'!$A:$A,'Scoring_Config'!$C:$C,25),0),0)+IF(LEFT(AM16,4)="True",IF(_xlfn.XLOOKUP("Service_Insecure_Match",'Scoring_Config'!$A:$A,'Scoring_Config'!$D:$D,"Yes")="Yes",_xlfn.XLOOKUP("Service_Insecure_Match",'Scoring_Config'!$A:$A,'Scoring_Config'!$C:$C,20),0),0)+IF(LEFT(AN16,4)="True",IF(_xlfn.XLOOKUP("Risky_Inbound",'Scoring_Config'!$A:$A,'Scoring_Config'!$D:$D,"Yes")="Yes",_xlfn.XLOOKUP("Risky_Inbound",'Scoring_Config'!$A:$A,'Scoring_Config'!$C:$C,20),0),0)+IF(LEFT(AO16,4)="True",IF(_xlfn.XLOOKUP("Risky_Outbound",'Scoring_Config'!$A:$A,'Scoring_Config'!$D:$D,"Yes")="Yes",_xlfn.XLOOKUP("Risky_Outbound",'Scoring_Config'!$A:$A,'Scoring_Config'!$C:$C,10),0),0)+IF(LEFT(AW16,4)="True",IF(_xlfn.XLOOKUP("Migrate_Insecure",'Scoring_Config'!$A:$A,'Scoring_Config'!$D:$D,"Yes")="Yes",_xlfn.XLOOKUP("Migrate_Insecure",'Scoring_Config'!$A:$A,'Scoring_Config'!$C:$C,15),0),0)+IF(LEFT(AY16,4)="True",IF(_xlfn.XLOOKUP("Migrate_Other_Ports",'Scoring_Config'!$A:$A,'Scoring_Config'!$D:$D,"Yes")="Yes",_xlfn.XLOOKUP("Migrate_Other_Ports",'Scoring_Config'!$A:$A,'Scoring_Config'!$C:$C,5),0),0)+IF(_xlfn.XLOOKUP("Rule_Usage_Scoring",'Scoring_Config'!$A:$A,'Scoring_Config'!$D:$D,"Yes")="Yes",VALUE(MID(AP16,FIND(",",AP16)+1,100)),0)+IF(LEFT(AQ16,4)="True",IF(_xlfn.XLOOKUP("Rule_Usage_Description_Scoring",'Scoring_Config'!$A:$A,'Scoring_Config'!$D:$D,"Yes")="Yes",_xlfn.XLOOKUP("Rule_Usage_Description_Scoring",'Scoring_Config'!$A:$A,'Scoring_Config'!$C:$C,5),0),0)+IF(_xlfn.XLOOKUP("Source_User_Scoring",'Scoring_Config'!$A:$A,'Scoring_Config'!$D:$D,"Yes")="Yes",VALUE(MID(AR16,FIND(",",AR16)+1,100)),0)+IF(_xlfn.XLOOKUP("Profile_Scoring",'Scoring_Config'!$A:$A,'Scoring_Config'!$D:$D,"Yes")="Yes",VALUE(MID(AS16,FIND(",",AS16)+1,100)),0)+IF(_xlfn.XLOOKUP("Options_Scoring",'Scoring_Config'!$A:$A,'Scoring_Config'!$D:$D,"Yes")="Yes",VALUE(MID(AT16,FIND(",",AT16)+1,100)),0)))} -> 0
A17: DC_Policies_Export.csv | B17: Allow_Trust_to_Guest_POP3 | C17: la-datacenterfw | E17: universal | F17: Untrust | G17: any | H17: any | I17: svc_backup | J17: DMZ | K17: any | L17: any | M17: any | N17: any | O17: vnc-tcp-5900 | P17: TCP/5900 | Q17: allow | R17: none | S17: log at both ends | T17: 430 | U17: Temporary allow per INC478502 (expires in 30d) | V17: dns | W17: 164 | X17: 2025-05-25 13:54:58 | Y17: 2023-05-23 13:54:58 | AC17: {=IF(TRUE,"True," & IF(_xlfn.XLOOKUP("Src_IsAny",'Scoring_Config'!$A:$A,'Scoring_Config'!$D:$D,"Yes")="Yes",_xlfn.XLOOKUP("Src_IsAny",'Scoring_Config'!$A:$A,'Scoring_Config'!$C:$C,25),0),"False,0")} -> 0 | AD17: {=IF(FALSE,"True," & IF(_xlfn.XLOOKUP("Src_CIDR_Le_16",'Scoring_Config'!$A:$A,'Scoring_Config'!$D:$D,"Yes")="Yes",_xlfn.XLOOKUP("Src_CIDR_Le_16",'Scoring_Config'!$A:$A,'Scoring_Config'!$C:$C,25),0),"False,0")} -> 0 | AE17: {=IF(FALSE,"True," & IF(_xlfn.XLOOKUP("Src_CIDR_17_22",'Scoring_Config'!$A:$A,'Scoring_Config'!$D:$D,"Yes")="Yes",_xlfn.XLOOKUP("Src_CIDR_17_22",'Scoring_Config'!$A:$A,'Scoring_Config'!$C:$C,15),0),"False,0")} -> 0 | AF17: {=IF(TRUE,"True," & IF(_xlfn.XLOOKUP("Dst_IsAny",'Scoring_Config'!$A:$A,'Scoring_Config'!$D:$D,"Yes")="Yes",_xlfn.XLOOKUP("Dst_IsAny",'Scoring_Config'!$A:$A,'Scoring_Config'!$C:$C,25),0),"False,0")} -> 0 | AG17: {=IF(FALSE,"True," & IF(_xlfn.XLOOKUP("Dst_CIDR_Le_16",'Scoring_Config'!$A:$A,'Scoring_Config'!$D:$D,"Yes")="Yes",_xlfn.XLOOKUP("Dst_CIDR_Le_16",'Scoring_Config'!$A:$A,'Scoring_Config'!$C:$C,25),0),"False,0")} -> 0 | AH17: {=IF(FALSE,"True," & IF(_xlfn.XLOOKUP("Dst_CIDR_17_22",'Scoring_Config'!$A:$A,'Scoring_Config'!$D:$D,"Yes")="Yes",_xlfn.XLOOKUP("Dst_CIDR_17_22",'Scoring_Config'!$A:$A,'Scoring_Config'!$C:$C,15),0),"False,0")} -> 0 | AI17: {=IF(FALSE,"True," & IF(_xlfn.XLOOKUP("SrcZone_IsAny",'Scoring_Config'!$A:$A,'Scoring_Config'!$D:$D,"Yes")="Yes",_xlfn.XLOOKUP("SrcZone_IsAny",'Scoring_Config'!$A:$A,'Scoring_Config'!$C:$C,5),0),"False,0")} -> 0 | AJ17: {=IF(FALSE,"True," & IF(_xlfn.XLOOKUP("DstZone_IsAny",'Scoring_Config'!$A:$A,'Scoring_Config'!$D:$D,"Yes")="Yes",_xlfn.XLOOKUP("DstZone_IsAny",'Scoring_Config'!$A:$A,'Scoring_Config'!$C:$C,5),0),"False,0")} -> 0 | AK17: {=IF(FALSE,"True," & IF(_xlfn.XLOOKUP("Service_Any_OR_RangeGt1000",'Scoring_Config'!$A:$A,'Scoring_Config'!$D:$D,"Yes")="Yes",_xlfn.XLOOKUP("Service_Any_OR_RangeGt1000",'Scoring_Config'!$A:$A,'Scoring_Config'!$C:$C,25),0),"False,0")} -> 0 | AL17: {=IF(TRUE,"True," & IF(_xlfn.XLOOKUP("App_Any_OR_RangeGt1000",'Scoring_Config'!$A:$A,'Scoring_Config'!$D:$D,"Yes")="Yes",_xlfn.XLOOKUP("App_Any_OR_RangeGt1000",'Scoring_Config'!$A:$A,'Scoring_Config'!$C:$C,25),0),"False,0")} -> 0 | AM17: {=IF(TRUE,"True," & IF(_xlfn.XLOOKUP("Service_Insecure_Match",'Scoring_Config'!$A:$A,'Scoring_Config'!$D:$D,"Yes")="Yes",_xlfn.XLOOKUP("Service_Insecure_Match",'Scoring_Config'!$A:$A,'Scoring_Config'!$C:$C,20),0),"False,0")} -> 0 | AN17: {=IF(FALSE,"True," & IF(_xlfn.XLOOKUP("Risky_Inbound",'Scoring_Config'!$A:$A,'Scoring_Config'!$D:$D,"Yes")="Yes",_xlfn.XLOOKUP("Risky_Inbound",'Scoring_Config'!$A:$A,'Scoring_Config'!$C:$C,20),0),"False,0")} -> 0 | AO17: {=IF(FALSE,"True," & IF(_xlfn.XLOOKUP("Risky_Outbound",'Scoring_Config'!$A:$A,'Scoring_Config'!$D:$D,"Yes")="Yes",_xlfn.XLOOKUP("Risky_Outbound",'Scoring_Config'!$A:$A,'Scoring_Config'!$C:$C,10),0),"False,0")} -> 0 | AP17: True,5 | AQ17: {=IF(FALSE,"True," & IF(_xlfn.XLOOKUP("Rule_Usage_Description_Scoring",'Scoring_Config'!$A:$A,'Scoring_Config'!$D:$D,"Yes")="Yes",_xlfn.XLOOKUP("Rule_Usage_Description_Scoring",'Scoring_Config'!$A:$A,'Scoring_Config'!$C:$C,5),0),"False,0")} -> 0 | AR17: True,-10 | AS17: True,5 | AT17: False,0 | AU17: {=IF(FALSE,"True," & IF(_xlfn.XLOOKUP("Action_IsDenyOrDrop",'Scoring_Config'!$A:$A,'Scoring_Config'!$D:$D,"Yes")="Yes",_xlfn.XLOOKUP("Action_IsDenyOrDrop",'Scoring_Config'!$A:$A,'Scoring_Config'!$C:$C,0),0),"False,0")} -> 0 | AW17: {=IF(FALSE,"True," & IF(_xlfn.XLOOKUP("Migrate_Insecure",'Scoring_Config'!$A:$A,'Scoring_Config'!$D:$D,"Yes")="Yes",_xlfn.XLOOKUP("Migrate_Insecure",'Scoring_Config'!$A:$A,'Scoring_Config'!$C:$C,15),0),"False,0")} -> 0 | AY17: {=IF(FALSE,"True," & IF(_xlfn.XLOOKUP("Migrate_Other_Ports",'Scoring_Config'!$A:$A,'Scoring_Config'!$D:$D,"Yes")="Yes",_xlfn.XLOOKUP("Migrate_Other_Ports",'Scoring_Config'!$A:$A,'Scoring_Config'!$C:$C,5),0),"False,0")} -> 0 | AZ17: {=IF(LEFT(AU17,4)="True",0,(IF(LEFT(AC17,4)="True",IF(_xlfn.XLOOKUP("Src_IsAny",'Scoring_Config'!$A:$A,'Scoring_Config'!$D:$D,"Yes")="Yes",_xlfn.XLOOKUP("Src_IsAny",'Scoring_Config'!$A:$A,'Scoring_Config'!$C:$C,25),0),0)+IF(LEFT(AD17,4)="True",IF(_xlfn.XLOOKUP("Src_CIDR_Le_16",'Scoring_Config'!$A:$A,'Scoring_Config'!$D:$D,"Yes")="Yes",_xlfn.XLOOKUP("Src_CIDR_Le_16",'Scoring_Config'!$A:$A,'Scoring_Config'!$C:$C,25),0),0)+IF(LEFT(AE17,4)="True",IF(_xlfn.XLOOKUP("Src_CIDR_17_22",'Scoring_Config'!$A:$A,'Scoring_Config'!$D:$D,"Yes")="Yes",_xlfn.XLOOKUP("Src_CIDR_17_22",'Scoring_Config'!$A:$A,'Scoring_Config'!$C:$C,15),0),0)+IF(LEFT(AF17,4)="True",IF(_xlfn.XLOOKUP("Dst_IsAny",'Scoring_Config'!$A:$A,'Scoring_Config'!$D:$D,"Yes")="Yes",_xlfn.XLOOKUP("Dst_IsAny",'Scoring_Config'!$A:$A,'Scoring_Config'!$C:$C,25),0),0)+IF(LEFT(AG17,4)="True",IF(_xlfn.XLOOKUP("Dst_CIDR_Le_16",'Scoring_Config'!$A:$A,'Scoring_Config'!$D:$D,"Yes")="Yes",_xlfn.XLOOKUP("Dst_CIDR_Le_16",'Scoring_Config'!$A:$A,'Scoring_Config'!$C:$C,25),0),0)+IF(LEFT(AH17,4)="True",IF(_xlfn.XLOOKUP("Dst_CIDR_17_22",'Scoring_Config'!$A:$A,'Scoring_Config'!$D:$D,"Yes")="Yes",_xlfn.XLOOKUP("Dst_CIDR_17_22",'Scoring_Config'!$A:$A,'Scoring_Config'!$C:$C,15),0),0)+IF(LEFT(AI17,4)="True",IF(_xlfn.XLOOKUP("SrcZone_IsAny",'Scoring_Config'!$A:$A,'Scoring_Config'!$D:$D,"Yes")="Yes",_xlfn.XLOOKUP("SrcZone_IsAny",'Scoring_Config'!$A:$A,'Scoring_Config'!$C:$C,5),0),0)+IF(LEFT(AJ17,4)="True",IF(_xlfn.XLOOKUP("DstZone_IsAny",'Scoring_Config'!$A:$A,'Scoring_Config'!$D:$D,"Yes")="Yes",_xlfn.XLOOKUP("DstZone_IsAny",'Scoring_Config'!$A:$A,'Scoring_Config'!$C:$C,5),0),0)+IF(LEFT(AK17,4)="True",IF(_xlfn.XLOOKUP("Service_Any_OR_RangeGt1000",'Scoring_Config'!$A:$A,'Scoring_Config'!$D:$D,"Yes")="Yes",_xlfn.XLOOKUP("Service_Any_OR_RangeGt1000",'Scoring_Config'!$A:$A,'Scoring_Config'!$C:$C,25),0),0)+IF(LEFT(AL17,4)="True",IF(_xlfn.XLOOKUP("App_Any_OR_RangeGt1000",'Scoring_Config'!$A:$A,'Scoring_Config'!$D:$D,"Yes")="Yes",_xlfn.XLOOKUP("App_Any_OR_RangeGt1000",'Scoring_Config'!$A:$A,'Scoring_Config'!$C:$C,25),0),0)+IF(LEFT(AM17,4)="True",IF(_xlfn.XLOOKUP("Service_Insecure_Match",'Scoring_Config'!$A:$A,'Scoring_Config'!$D:$D,"Yes")="Yes",_xlfn.XLOOKUP("Service_Insecure_Match",'Scoring_Config'!$A:$A,'Scoring_Config'!$C:$C,20),0),0)+IF(LEFT(AN17,4)="True",IF(_xlfn.XLOOKUP("Risky_Inbound",'Scoring_Config'!$A:$A,'Scoring_Config'!$D:$D,"Yes")="Yes",_xlfn.XLOOKUP("Risky_Inbound",'Scoring_Config'!$A:$A,'Scoring_Config'!$C:$C,20),0),0)+IF(LEFT(AO17,4)="True",IF(_xlfn.XLOOKUP("Risky_Outbound",'Scoring_Config'!$A:$A,'Scoring_Config'!$D:$D,"Yes")="Yes",_xlfn.XLOOKUP("Risky_Outbound",'Scoring_Config'!$A:$A,'Scoring_Config'!$C:$C,10),0),0)+IF(LEFT(AW17,4)="True",IF(_xlfn.XLOOKUP("Migrate_Insecure",'Scoring_Config'!$A:$A,'Scoring_Config'!$D:$D,"Yes")="Yes",_xlfn.XLOOKUP("Migrate_Insecure",'Scoring_Config'!$A:$A,'Scoring_Config'!$C:$C,15),0),0)+IF(LEFT(AY17,4)="True",IF(_xlfn.XLOOKUP("Migrate_Other_Ports",'Scoring_Config'!$A:$A,'Scoring_Config'!$D:$D,"Yes")="Yes",_xlfn.XLOOKUP("Migrate_Other_Ports",'Scoring_Config'!$A:$A,'Scoring_Config'!$C:$C,5),0),0)+IF(_xlfn.XLOOKUP("Rule_Usage_Scoring",'Scoring_Config'!$A:$A,'Scoring_Config'!$D:$D,"Yes")="Yes",VALUE(MID(AP17,FIND(",",AP17)+1,100)),0)+IF(LEFT(AQ17,4)="True",IF(_xlfn.XLOOKUP("Rule_Usage_Description_Scoring",'Scoring_Config'!$A:$A,'Scoring_Config'!$D:$D,"Yes")="Yes",_xlfn.XLOOKUP("Rule_Usage_Description_Scoring",'Scoring_Config'!$A:$A,'Scoring_Config'!$C:$C,5),0),0)+IF(_xlfn.XLOOKUP("Source_User_Scoring",'Scoring_Config'!$A:$A,'Scoring_Config'!$D:$D,"Yes")="Yes",VALUE(MID(AR17,FIND(",",AR17)+1,100)),0)+IF(_xlfn.XLOOKUP("Profile_Scoring",'Scoring_Config'!$A:$A,'Scoring_Config'!$D:$D,"Yes")="Yes",VALUE(MID(AS17,FIND(",",AS17)+1,100)),0)+IF(_xlfn.XLOOKUP("Options_Scoring",'Scoring_Config'!$A:$A,'Scoring_Config'!$D:$D,"Yes")="Yes",VALUE(MID(AT17,FIND(",",AT17)+1,100)),0)))} -> 0
A18: DC_Policies_Export.csv | B18: Allow_Internet_to_Mgmt_SSH | C18: la-datacenterfw | E18: universal | F18: Untrust | G18: 10.190.44.10/32 | H18: 10.190.44.10/32 | I18: domain\finance | J18: Mgmt | K18: 10.144.140.22/32 | L18: 10.144.140.22/32 | M18: ssh | N18: 22,tcp | O18: netbios-ns-udp-137 | P18: UDP/137 | Q18: allow | R18: none | S18: Traffic log sent at session end | T18: 0 | U18: Created during migration; documentation missing | V18: unknown-tcp | W18: 85 | X18: 2025-01-14 12:21:58 | Y18: 2023-01-03 12:21:58 | AC18: {=IF(FALSE,"True," & IF(_xlfn.XLOOKUP("Src_IsAny",'Scoring_Config'!$A:$A,'Scoring_Config'!$D:$D,"Yes")="Yes",_xlfn.XLOOKUP("Src_IsAny",'Scoring_Config'!$A:$A,'Scoring_Config'!$C:$C,25),0),"False,0")} -> 0 | AD18: {=IF(FALSE,"True," & IF(_xlfn.XLOOKUP("Src_CIDR_Le_16",'Scoring_Config'!$A:$A,'Scoring_Config'!$D:$D,"Yes")="Yes",_xlfn.XLOOKUP("Src_CIDR_Le_16",'Scoring_Config'!$A:$A,'Scoring_Config'!$C:$C,25),0),"False,0")} -> 0 | AE18: {=IF(FALSE,"True," & IF(_xlfn.XLOOKUP("Src_CIDR_17_22",'Scoring_Config'!$A:$A,'Scoring_Config'!$D:$D,"Yes")="Yes",_xlfn.XLOOKUP("Src_CIDR_17_22",'Scoring_Config'!$A:$A,'Scoring_Config'!$C:$C,15),0),"False,0")} -> 0 | AF18: {=IF(FALSE,"True," & IF(_xlfn.XLOOKUP("Dst_IsAny",'Scoring_Config'!$A:$A,'Scoring_Config'!$D:$D,"Yes")="Yes",_xlfn.XLOOKUP("Dst_IsAny",'Scoring_Config'!$A:$A,'Scoring_Config'!$C:$C,25),0),"False,0")} -> 0 | AG18: {=IF(FALSE,"True," & IF(_xlfn.XLOOKUP("Dst_CIDR_Le_16",'Scoring_Config'!$A:$A,'Scoring_Config'!$D:$D,"Yes")="Yes",_xlfn.XLOOKUP("Dst_CIDR_Le_16",'Scoring_Config'!$A:$A,'Scoring_Config'!$C:$C,25),0),"False,0")} -> 0 | AH18: {=IF(FALSE,"True," & IF(_xlfn.XLOOKUP("Dst_CIDR_17_22",'Scoring_Config'!$A:$A,'Scoring_Config'!$D:$D,"Yes")="Yes",_xlfn.XLOOKUP("Dst_CIDR_17_22",'Scoring_Config'!$A:$A,'Scoring_Config'!$C:$C,15),0),"False,0")} -> 0 | AI18: {=IF(FALSE,"True," & IF(_xlfn.XLOOKUP("SrcZone_IsAny",'Scoring_Config'!$A:$A,'Scoring_Config'!$D:$D,"Yes")="Yes",_xlfn.XLOOKUP("SrcZone_IsAny",'Scoring_Config'!$A:$A,'Scoring_Config'!$C:$C,5),0),"False,0")} -> 0 | AJ18: {=IF(FALSE,"True," & IF(_xlfn.XLOOKUP("DstZone_IsAny",'Scoring_Config'!$A:$A,'Scoring_Config'!$D:$D,"Yes")="Yes",_xlfn.XLOOKUP("DstZone_IsAny",'Scoring_Config'!$A:$A,'Scoring_Config'!$C:$C,5),0),"False,0")} -> 0 | AK18: {=IF(FALSE,"True," & IF(_xlfn.XLOOKUP("Service_Any_OR_RangeGt1000",'Scoring_Config'!$A:$A,'Scoring_Config'!$D:$D,"Yes")="Yes",_xlfn.XLOOKUP("Service_Any_OR_RangeGt1000",'Scoring_Config'!$A:$A,'Scoring_Config'!$C:$C,25),0),"False,0")} -> 0 | AL18: {=IF(FALSE,"True," & IF(_xlfn.XLOOKUP("App_Any_OR_RangeGt1000",'Scoring_Config'!$A:$A,'Scoring_Config'!$D:$D,"Yes")="Yes",_xlfn.XLOOKUP("App_Any_OR_RangeGt1000",'Scoring_Config'!$A:$A,'Scoring_Config'!$C:$C,25),0),"False,0")} -> 0 | AM18: {=IF(TRUE,"True," & IF(_xlfn.XLOOKUP("Service_Insecure_Match",'Scoring_Config'!$A:$A,'Scoring_Config'!$D:$D,"Yes")="Yes",_xlfn.XLOOKUP("Service_Insecure_Match",'Scoring_Config'!$A:$A,'Scoring_Config'!$C:$C,20),0),"False,0")} -> 0 | AN18: {=IF(FALSE,"True," & IF(_xlfn.XLOOKUP("Risky_Inbound",'Scoring_Config'!$A:$A,'Scoring_Config'!$D:$D,"Yes")="Yes",_xlfn.XLOOKUP("Risky_Inbound",'Scoring_Config'!$A:$A,'Scoring_Config'!$C:$C,20),0),"False,0")} -> 0 | AO18: {=IF(FALSE,"True," & IF(_xlfn.XLOOKUP("Risky_Outbound",'Scoring_Config'!$A:$A,'Scoring_Config'!$D:$D,"Yes")="Yes",_xlfn.XLOOKUP("Risky_Outbound",'Scoring_Config'!$A:$A,'Scoring_Config'!$C:$C,10),0),"False,0")} -> 0 | AP18: True,5 | AQ18: {=IF(TRUE,"True," & IF(_xlfn.XLOOKUP("Rule_Usage_Description_Scoring",'Scoring_Config'!$A:$A,'Scoring_Config'!$D:$D,"Yes")="Yes",_xlfn.XLOOKUP("Rule_Usage_Description_Scoring",'Scoring_Config'!$A:$A,'Scoring_Config'!$C:$C,5),0),"False,0")} -> 0 | AR18: True,-10 | AS18: True,5 | AT18: False,0 | AU18: {=IF(FALSE,"True," & IF(_xlfn.XLOOKUP("Action_IsDenyOrDrop",'Scoring_Config'!$A:$A,'Scoring_Config'!$D:$D,"Yes")="Yes",_xlfn.XLOOKUP("Action_IsDenyOrDrop",'Scoring_Config'!$A:$A,'Scoring_Config'!$C:$C,0),0),"False,0")} -> 0 | AW18: {=IF(FALSE,"True," & IF(_xlfn.XLOOKUP("Migrate_Insecure",'Scoring_Config'!$A:$A,'Scoring_Config'!$D:$D,"Yes")="Yes",_xlfn.XLOOKUP("Migrate_Insecure",'Scoring_Config'!$A:$A,'Scoring_Config'!$C:$C,15),0),"False,0")} -> 0 | AY18: {=IF(FALSE,"True," & IF(_xlfn.XLOOKUP("Migrate_Other_Ports",'Scoring_Config'!$A:$A,'Scoring_Config'!$D:$D,"Yes")="Yes",_xlfn.XLOOKUP("Migrate_Other_Ports",'Scoring_Config'!$A:$A,'Scoring_Config'!$C:$C,5),0),"False,0")} -> 0 | AZ18: {=IF(LEFT(AU18,4)="True",0,(IF(LEFT(AC18,4)="True",IF(_xlfn.XLOOKUP("Src_IsAny",'Scoring_Config'!$A:$A,'Scoring_Config'!$D:$D,"Yes")="Yes",_xlfn.XLOOKUP("Src_IsAny",'Scoring_Config'!$A:$A,'Scoring_Config'!$C:$C,25),0),0)+IF(LEFT(AD18,4)="True",IF(_xlfn.XLOOKUP("Src_CIDR_Le_16",'Scoring_Config'!$A:$A,'Scoring_Config'!$D:$D,"Yes")="Yes",_xlfn.XLOOKUP("Src_CIDR_Le_16",'Scoring_Config'!$A:$A,'Scoring_Config'!$C:$C,25),0),0)+IF(LEFT(AE18,4)="True",IF(_xlfn.XLOOKUP("Src_CIDR_17_22",'Scoring_Config'!$A:$A,'Scoring_Config'!$D:$D,"Yes")="Yes",_xlfn.XLOOKUP("Src_CIDR_17_22",'Scoring_Config'!$A:$A,'Scoring_Config'!$C:$C,15),0),0)+IF(LEFT(AF18,4)="True",IF(_xlfn.XLOOKUP("Dst_IsAny",'Scoring_Config'!$A:$A,'Scoring_Config'!$D:$D,"Yes")="Yes",_xlfn.XLOOKUP("Dst_IsAny",'Scoring_Config'!$A:$A,'Scoring_Config'!$C:$C,25),0),0)+IF(LEFT(AG18,4)="True",IF(_xlfn.XLOOKUP("Dst_CIDR_Le_16",'Scoring_Config'!$A:$A,'Scoring_Config'!$D:$D,"Yes")="Yes",_xlfn.XLOOKUP("Dst_CIDR_Le_16",'Scoring_Config'!$A:$A,'Scoring_Config'!$C:$C,25),0),0)+IF(LEFT(AH18,4)="True",IF(_xlfn.XLOOKUP("Dst_CIDR_17_22",'Scoring_Config'!$A:$A,'Scoring_Config'!$D:$D,"Yes")="Yes",_xlfn.XLOOKUP("Dst_CIDR_17_22",'Scoring_Config'!$A:$A,'Scoring_Config'!$C:$C,15),0),0)+IF(LEFT(AI18,4)="True",IF(_xlfn.XLOOKUP("SrcZone_IsAny",'Scoring_Config'!$A:$A,'Scoring_Config'!$D:$D,"Yes")="Yes",_xlfn.XLOOKUP("SrcZone_IsAny",'Scoring_Config'!$A:$A,'Scoring_Config'!$C:$C,5),0),0)+IF(LEFT(AJ18,4)="True",IF(_xlfn.XLOOKUP("DstZone_IsAny",'Scoring_Config'!$A:$A,'Scoring_Config'!$D:$D,"Yes")="Yes",_xlfn.XLOOKUP("DstZone_IsAny",'Scoring_Config'!$A:$A,'Scoring_Config'!$C:$C,5),0),0)+IF(LEFT(AK18,4)="True",IF(_xlfn.XLOOKUP("Service_Any_OR_RangeGt1000",'Scoring_Config'!$A:$A,'Scoring_Config'!$D:$D,"Yes")="Yes",_xlfn.XLOOKUP("Service_Any_OR_RangeGt1000",'Scoring_Config'!$A:$A,'Scoring_Config'!$C:$C,25),0),0)+IF(LEFT(AL18,4)="True",IF(_xlfn.XLOOKUP("App_Any_OR_RangeGt1000",'Scoring_Config'!$A:$A,'Scoring_Config'!$D:$D,"Yes")="Yes",_xlfn.XLOOKUP("App_Any_OR_RangeGt1000",'Scoring_Config'!$A:$A,'Scoring_Config'!$C:$C,25),0),0)+IF(LEFT(AM18,4)="True",IF(_xlfn.XLOOKUP("Service_Insecure_Match",'Scoring_Config'!$A:$A,'Scoring_Config'!$D:$D,"Yes")="Yes",_xlfn.XLOOKUP("Service_Insecure_Match",'Scoring_Config'!$A:$A,'Scoring_Config'!$C:$C,20),0),0)+IF(LEFT(AN18,4)="True",IF(_xlfn.XLOOKUP("Risky_Inbound",'Scoring_Config'!$A:$A,'Scoring_Config'!$D:$D,"Yes")="Yes",_xlfn.XLOOKUP("Risky_Inbound",'Scoring_Config'!$A:$A,'Scoring_Config'!$C:$C,20),0),0)+IF(LEFT(AO18,4)="True",IF(_xlfn.XLOOKUP("Risky_Outbound",'Scoring_Config'!$A:$A,'Scoring_Config'!$D:$D,"Yes")="Yes",_xlfn.XLOOKUP("Risky_Outbound",'Scoring_Config'!$A:$A,'Scoring_Config'!$C:$C,10),0),0)+IF(LEFT(AW18,4)="True",IF(_xlfn.XLOOKUP("Migrate_Insecure",'Scoring_Config'!$A:$A,'Scoring_Config'!$D:$D,"Yes")="Yes",_xlfn.XLOOKUP("Migrate_Insecure",'Scoring_Config'!$A:$A,'Scoring_Config'!$C:$C,15),0),0)+IF(LEFT(AY18,4)="True",IF(_xlfn.XLOOKUP("Migrate_Other_Ports",'Scoring_Config'!$A:$A,'Scoring_Config'!$D:$D,"Yes")="Yes",_xlfn.XLOOKUP("Migrate_Other_Ports",'Scoring_Config'!$A:$A,'Scoring_Config'!$C:$C,5),0),0)+IF(_xlfn.XLOOKUP("Rule_Usage_Scoring",'Scoring_Config'!$A:$A,'Scoring_Config'!$D:$D,"Yes")="Yes",VALUE(MID(AP18,FIND(",",AP18)+1,100)),0)+IF(LEFT(AQ18,4)="True",IF(_xlfn.XLOOKUP("Rule_Usage_Description_Scoring",'Scoring_Config'!$A:$A,'Scoring_Config'!$D:$D,"Yes")="Yes",_xlfn.XLOOKUP("Rule_Usage_Description_Scoring",'Scoring_Config'!$A:$A,'Scoring_Config'!$C:$C,5),0),0)+IF(_xlfn.XLOOKUP("Source_User_Scoring",'Scoring_Config'!$A:$A,'Scoring_Config'!$D:$D,"Yes")="Yes",VALUE(MID(AR18,FIND(",",AR18)+1,100)),0)+IF(_xlfn.XLOOKUP("Profile_Scoring",'Scoring_Config'!$A:$A,'Scoring_Config'!$D:$D,"Yes")="Yes",VALUE(MID(AS18,FIND(",",AS18)+1,100)),0)+IF(_xlfn.XLOOKUP("Options_Scoring",'Scoring_Config'!$A:$A,'Scoring_Config'!$D:$D,"Yes")="Yes",VALUE(MID(AT18,FIND(",",AT18)+1,100)),0)))} -> 0
A19: DC_Policies_Export.csv | B19: Allow_Guest_to_Trust_POP3 | C19: la-datacenterfw | E19: universal | F19: Guest | G19: any | H19: any | I19: svc_backup | J19: Trust | K19: LA_DMZ_Web | L19: 10.1.1.0/24; 10.1.2.0/24; 10.1.3.0/24; 10.1.4.0/24; 10.1.5.0/24; 10.1.6.0/24 | M19: pop3 | N19: 110,tcp | O19: backdoor-common-tcp-4444 | P19: TCP/4444 | Q19: allow | R19: none | S19: Traffic log sent at session end | T19: 8107 | U19: Temporary allow per INC108663 (expires in 30d) | V19: web-browsing, ssl | W19: 329 | X19: 2025-01-06 11:30:58 | Y19: 2024-05-05 11:30:58 | AC19: {=IF(TRUE,"True," & IF(_xlfn.XLOOKUP("Src_IsAny",'Scoring_Config'!$A:$A,'Scoring_Config'!$D:$D,"Yes")="Yes",_xlfn.XLOOKUP("Src_IsAny",'Scoring_Config'!$A:$A,'Scoring_Config'!$C:$C,25),0),"False,0")} -> 0 | AD19: {=IF(FALSE,"True," & IF(_xlfn.XLOOKUP("Src_CIDR_Le_16",'Scoring_Config'!$A:$A,'Scoring_Config'!$D:$D,"Yes")="Yes",_xlfn.XLOOKUP("Src_CIDR_Le_16",'Scoring_Config'!$A:$A,'Scoring_Config'!$C:$C,25),0),"False,0")} -> 0 | AE19: {=IF(FALSE,"True," & IF(_xlfn.XLOOKUP("Src_CIDR_17_22",'Scoring_Config'!$A:$A,'Scoring_Config'!$D:$D,"Yes")="Yes",_xlfn.XLOOKUP("Src_CIDR_17_22",'Scoring_Config'!$A:$A,'Scoring_Config'!$C:$C,15),0),"False,0")} -> 0 | AF19: {=IF(FALSE,"True," & IF(_xlfn.XLOOKUP("Dst_IsAny",'Scoring_Config'!$A:$A,'Scoring_Config'!$D:$D,"Yes")="Yes",_xlfn.XLOOKUP("Dst_IsAny",'Scoring_Config'!$A:$A,'Scoring_Config'!$C:$C,25),0),"False,0")} -> 0 | AG19: {=IF(FALSE,"True," & IF(_xlfn.XLOOKUP("Dst_CIDR_Le_16",'Scoring_Config'!$A:$A,'Scoring_Config'!$D:$D,"Yes")="Yes",_xlfn.XLOOKUP("Dst_CIDR_Le_16",'Scoring_Config'!$A:$A,'Scoring_Config'!$C:$C,25),0),"False,0")} -> 0 | AH19: {=IF(FALSE,"True," & IF(_xlfn.XLOOKUP("Dst_CIDR_17_22",'Scoring_Config'!$A:$A,'Scoring_Config'!$D:$D,"Yes")="Yes",_xlfn.XLOOKUP("Dst_CIDR_17_22",'Scoring_Config'!$A:$A,'Scoring_Config'!$C:$C,15),0),"False,0")} -> 0 | AI19: {=IF(FALSE,"True," & IF(_xlfn.XLOOKUP("SrcZone_IsAny",'Scoring_Config'!$A:$A,'Scoring_Config'!$D:$D,"Yes")="Yes",_xlfn.XLOOKUP("SrcZone_IsAny",'Scoring_Config'!$A:$A,'Scoring_Config'!$C:$C,5),0),"False,0")} -> 0 | AJ19: {=IF(FALSE,"True," & IF(_xlfn.XLOOKUP("DstZone_IsAny",'Scoring_Config'!$A:$A,'Scoring_Config'!$D:$D,"Yes")="Yes",_xlfn.XLOOKUP("DstZone_IsAny",'Scoring_Config'!$A:$A,'Scoring_Config'!$C:$C,5),0),"False,0")} -> 0 | AK19: {=IF(FALSE,"True," & IF(_xlfn.XLOOKUP("Service_Any_OR_RangeGt1000",'Scoring_Config'!$A:$A,'Scoring_Config'!$D:$D,"Yes")="Yes",_xlfn.XLOOKUP("Service_Any_OR_RangeGt1000",'Scoring_Config'!$A:$A,'Scoring_Config'!$C:$C,25),0),"False,0")} -> 0 | AL19: {=IF(FALSE,"True," & IF(_xlfn.XLOOKUP("App_Any_OR_RangeGt1000",'Scoring_Config'!$A:$A,'Scoring_Config'!$D:$D,"Yes")="Yes",_xlfn.XLOOKUP("App_Any_OR_RangeGt1000",'Scoring_Config'!$A:$A,'Scoring_Config'!$C:$C,25),0),"False,0")} -> 0 | AM19: {=IF(TRUE,"True," & IF(_xlfn.XLOOKUP("Service_Insecure_Match",'Scoring_Config'!$A:$A,'Scoring_Config'!$D:$D,"Yes")="Yes",_xlfn.XLOOKUP("Service_Insecure_Match",'Scoring_Config'!$A:$A,'Scoring_Config'!$C:$C,20),0),"False,0")} -> 0 | AN19: {=IF(FALSE,"True," & IF(_xlfn.XLOOKUP("Risky_Inbound",'Scoring_Config'!$A:$A,'Scoring_Config'!$D:$D,"Yes")="Yes",_xlfn.XLOOKUP("Risky_Inbound",'Scoring_Config'!$A:$A,'Scoring_Config'!$C:$C,20),0),"False,0")} -> 0 | AO19: {=IF(FALSE,"True," & IF(_xlfn.XLOOKUP("Risky_Outbound",'Scoring_Config'!$A:$A,'Scoring_Config'!$D:$D,"Yes")="Yes",_xlfn.XLOOKUP("Risky_Outbound",'Scoring_Config'!$A:$A,'Scoring_Config'!$C:$C,10),0),"False,0")} -> 0 | AP19: True,5 | AQ19: {=IF(FALSE,"True," & IF(_xlfn.XLOOKUP("Rule_Usage_Description_Scoring",'Scoring_Config'!$A:$A,'Scoring_Config'!$D:$D,"Yes")="Yes",_xlfn.XLOOKUP("Rule_Usage_Description_Scoring",'Scoring_Config'!$A:$A,'Scoring_Config'!$C:$C,5),0),"False,0")} -> 0 | AR19: True,-10 | AS19: True,5 | AT19: False,0 | AU19: {=IF(FALSE,"True," & IF(_xlfn.XLOOKUP("Action_IsDenyOrDrop",'Scoring_Config'!$A:$A,'Scoring_Config'!$D:$D,"Yes")="Yes",_xlfn.XLOOKUP("Action_IsDenyOrDrop",'Scoring_Config'!$A:$A,'Scoring_Config'!$C:$C,0),0),"False,0")} -> 0 | AW19: {=IF(FALSE,"True," & IF(_xlfn.XLOOKUP("Migrate_Insecure",'Scoring_Config'!$A:$A,'Scoring_Config'!$D:$D,"Yes")="Yes",_xlfn.XLOOKUP("Migrate_Insecure",'Scoring_Config'!$A:$A,'Scoring_Config'!$C:$C,15),0),"False,0")} -> 0 | AY19: {=IF(FALSE,"True," & IF(_xlfn.XLOOKUP("Migrate_Other_Ports",'Scoring_Config'!$A:$A,'Scoring_Config'!$D:$D,"Yes")="Yes",_xlfn.XLOOKUP("Migrate_Other_Ports",'Scoring_Config'!$A:$A,'Scoring_Config'!$C:$C,5),0),"False,0")} -> 0 | AZ19: {=IF(LEFT(AU19,4)="True",0,(IF(LEFT(AC19,4)="True",IF(_xlfn.XLOOKUP("Src_IsAny",'Scoring_Config'!$A:$A,'Scoring_Config'!$D:$D,"Yes")="Yes",_xlfn.XLOOKUP("Src_IsAny",'Scoring_Config'!$A:$A,'Scoring_Config'!$C:$C,25),0),0)+IF(LEFT(AD19,4)="True",IF(_xlfn.XLOOKUP("Src_CIDR_Le_16",'Scoring_Config'!$A:$A,'Scoring_Config'!$D:$D,"Yes")="Yes",_xlfn.XLOOKUP("Src_CIDR_Le_16",'Scoring_Config'!$A:$A,'Scoring_Config'!$C:$C,25),0),0)+IF(LEFT(AE19,4)="True",IF(_xlfn.XLOOKUP("Src_CIDR_17_22",'Scoring_Config'!$A:$A,'Scoring_Config'!$D:$D,"Yes")="Yes",_xlfn.XLOOKUP("Src_CIDR_17_22",'Scoring_Config'!$A:$A,'Scoring_Config'!$C:$C,15),0),0)+IF(LEFT(AF19,4)="True",IF(_xlfn.XLOOKUP("Dst_IsAny",'Scoring_Config'!$A:$A,'Scoring_Config'!$D:$D,"Yes")="Yes",_xlfn.XLOOKUP("Dst_IsAny",'Scoring_Config'!$A:$A,'Scoring_Config'!$C:$C,25),0),0)+IF(LEFT(AG19,4)="True",IF(_xlfn.XLOOKUP("Dst_CIDR_Le_16",'Scoring_Config'!$A:$A,'Scoring_Config'!$D:$D,"Yes")="Yes",_xlfn.XLOOKUP("Dst_CIDR_Le_16",'Scoring_Config'!$A:$A,'Scoring_Config'!$C:$C,25),0),0)+IF(LEFT(AH19,4)="True",IF(_xlfn.XLOOKUP("Dst_CIDR_17_22",'Scoring_Config'!$A:$A,'Scoring_Config'!$D:$D,"Yes")="Yes",_xlfn.XLOOKUP("Dst_CIDR_17_22",'Scoring_Config'!$A:$A,'Scoring_Config'!$C:$C,15),0),0)+IF(LEFT(AI19,4)="True",IF(_xlfn.XLOOKUP("SrcZone_IsAny",'Scoring_Config'!$A:$A,'Scoring_Config'!$D:$D,"Yes")="Yes",_xlfn.XLOOKUP("SrcZone_IsAny",'Scoring_Config'!$A:$A,'Scoring_Config'!$C:$C,5),0),0)+IF(LEFT(AJ19,4)="True",IF(_xlfn.XLOOKUP("DstZone_IsAny",'Scoring_Config'!$A:$A,'Scoring_Config'!$D:$D,"Yes")="Yes",_xlfn.XLOOKUP("DstZone_IsAny",'Scoring_Config'!$A:$A,'Scoring_Config'!$C:$C,5),0),0)+IF(LEFT(AK19,4)="True",IF(_xlfn.XLOOKUP("Service_Any_OR_RangeGt1000",'Scoring_Config'!$A:$A,'Scoring_Config'!$D:$D,"Yes")="Yes",_xlfn.XLOOKUP("Service_Any_OR_RangeGt1000",'Scoring_Config'!$A:$A,'Scoring_Config'!$C:$C,25),0),0)+IF(LEFT(AL19,4)="True",IF(_xlfn.XLOOKUP("App_Any_OR_RangeGt1000",'Scoring_Config'!$A:$A,'Scoring_Config'!$D:$D,"Yes")="Yes",_xlfn.XLOOKUP("App_Any_OR_RangeGt1000",'Scoring_Config'!$A:$A,'Scoring_Config'!$C:$C,25),0),0)+IF(LEFT(AM19,4)="True",IF(_xlfn.XLOOKUP("Service_Insecure_Match",'Scoring_Config'!$A:$A,'Scoring_Config'!$D:$D,"Yes")="Yes",_xlfn.XLOOKUP("Service_Insecure_Match",'Scoring_Config'!$A:$A,'Scoring_Config'!$C:$C,20),0),0)+IF(LEFT(AN19,4)="True",IF(_xlfn.XLOOKUP("Risky_Inbound",'Scoring_Config'!$A:$A,'Scoring_Config'!$D:$D,"Yes")="Yes",_xlfn.XLOOKUP("Risky_Inbound",'Scoring_Config'!$A:$A,'Scoring_Config'!$C:$C,20),0),0)+IF(LEFT(AO19,4)="True",IF(_xlfn.XLOOKUP("Risky_Outbound",'Scoring_Config'!$A:$A,'Scoring_Config'!$D:$D,"Yes")="Yes",_xlfn.XLOOKUP("Risky_Outbound",'Scoring_Config'!$A:$A,'Scoring_Config'!$C:$C,10),0),0)+IF(LEFT(AW19,4)="True",IF(_xlfn.XLOOKUP("Migrate_Insecure",'Scoring_Config'!$A:$A,'Scoring_Config'!$D:$D,"Yes")="Yes",_xlfn.XLOOKUP("Migrate_Insecure",'Scoring_Config'!$A:$A,'Scoring_Config'!$C:$C,15),0),0)+IF(LEFT(AY19,4)="True",IF(_xlfn.XLOOKUP("Migrate_Other_Ports",'Scoring_Config'!$A:$A,'Scoring_Config'!$D:$D,"Yes")="Yes",_xlfn.XLOOKUP("Migrate_Other_Ports",'Scoring_Config'!$A:$A,'Scoring_Config'!$C:$C,5),0),0)+IF(_xlfn.XLOOKUP("Rule_Usage_Scoring",'Scoring_Config'!$A:$A,'Scoring_Config'!$D:$D,"Yes")="Yes",VALUE(MID(AP19,FIND(",",AP19)+1,100)),0)+IF(LEFT(AQ19,4)="True",IF(_xlfn.XLOOKUP("Rule_Usage_Description_Scoring",'Scoring_Config'!$A:$A,'Scoring_Config'!$D:$D,"Yes")="Yes",_xlfn.XLOOKUP("Rule_Usage_Description_Scoring",'Scoring_Config'!$A:$A,'Scoring_Config'!$C:$C,5),0),0)+IF(_xlfn.XLOOKUP("Source_User_Scoring",'Scoring_Config'!$A:$A,'Scoring_Config'!$D:$D,"Yes")="Yes",VALUE(MID(AR19,FIND(",",AR19)+1,100)),0)+IF(_xlfn.XLOOKUP("Profile_Scoring",'Scoring_Config'!$A:$A,'Scoring_Config'!$D:$D,"Yes")="Yes",VALUE(MID(AS19,FIND(",",AS19)+1,100)),0)+IF(_xlfn.XLOOKUP("Options_Scoring",'Scoring_Config'!$A:$A,'Scoring_Config'!$D:$D,"Yes")="Yes",VALUE(MID(AT19,FIND(",",AT19)+1,100)),0)))} -> 0
A20: DC_Policies_Export.csv | B20: Block_Guest_to_Guest_LA_APP_ANY_AND_WEB | C20: la-datacenterfw | E20: universal | F20: Guest | G20: LA_Branch_3_Subnets | H20: 10.114.92.22/32; 10.156.103.14/32; 10.188.179.19/32; 10.215.129.28/32; 10.251.126.26/32; 10.81.174.25/32 | I20: svc_backup | J20: Guest | K20: 10.197.110.27/32 | L20: 10.197.110.27/32 | M20: LA_App_Any_And_Web | N20: 443,tcp; 80,tcp; any | O20: LA_Remote_Access_Insecure | P20: TCP/23; TCP/1080; TCP/3389; TCP/5900 | Q20: deny | R20: none | S20: Traffic log sent at start; Log Forwarding Profile setting: Forward to Panorama | T20: 0 | U20: Change approved under INC448803 | V20: rdp, vnc | W20: 27 | X20: 2025-07-20 12:53:58 | Y20: 2023-02-26 12:53:58 | AC20: {=IF(FALSE,"True," & IF(_xlfn.XLOOKUP("Src_IsAny",'Scoring_Config'!$A:$A,'Scoring_Config'!$D:$D,"Yes")="Yes",_xlfn.XLOOKUP("Src_IsAny",'Scoring_Config'!$A:$A,'Scoring_Config'!$C:$C,25),0),"False,0")} -> 0 | AD20: {=IF(FALSE,"True," & IF(_xlfn.XLOOKUP("Src_CIDR_Le_16",'Scoring_Config'!$A:$A,'Scoring_Config'!$D:$D,"Yes")="Yes",_xlfn.XLOOKUP("Src_CIDR_Le_16",'Scoring_Config'!$A:$A,'Scoring_Config'!$C:$C,25),0),"False,0")} -> 0 | AE20: {=IF(FALSE,"True," & IF(_xlfn.XLOOKUP("Src_CIDR_17_22",'Scoring_Config'!$A:$A,'Scoring_Config'!$D:$D,"Yes")="Yes",_xlfn.XLOOKUP("Src_CIDR_17_22",'Scoring_Config'!$A:$A,'Scoring_Config'!$C:$C,15),0),"False,0")} -> 0 | AF20: {=IF(FALSE,"True," & IF(_xlfn.XLOOKUP("Dst_IsAny",'Scoring_Config'!$A:$A,'Scoring_Config'!$D:$D,"Yes")="Yes",_xlfn.XLOOKUP("Dst_IsAny",'Scoring_Config'!$A:$A,'Scoring_Config'!$C:$C,25),0),"False,0")} -> 0 | AG20: {=IF(FALSE,"True," & IF(_xlfn.XLOOKUP("Dst_CIDR_Le_16",'Scoring_Config'!$A:$A,'Scoring_Config'!$D:$D,"Yes")="Yes",_xlfn.XLOOKUP("Dst_CIDR_Le_16",'Scoring_Config'!$A:$A,'Scoring_Config'!$C:$C,25),0),"False,0")} -> 0 | AH20: {=IF(FALSE,"True," & IF(_xlfn.XLOOKUP("Dst_CIDR_17_22",'Scoring_Config'!$A:$A,'Scoring_Config'!$D:$D,"Yes")="Yes",_xlfn.XLOOKUP("Dst_CIDR_17_22",'Scoring_Config'!$A:$A,'Scoring_Config'!$C:$C,15),0),"False,0")} -> 0 | AI20: {=IF(FALSE,"True," & IF(_xlfn.XLOOKUP("SrcZone_IsAny",'Scoring_Config'!$A:$A,'Scoring_Config'!$D:$D,"Yes")="Yes",_xlfn.XLOOKUP("SrcZone_IsAny",'Scoring_Config'!$A:$A,'Scoring_Config'!$C:$C,5),0),"False,0")} -> 0 | AJ20: {=IF(FALSE,"True," & IF(_xlfn.XLOOKUP("DstZone_IsAny",'Scoring_Config'!$A:$A,'Scoring_Config'!$D:$D,"Yes")="Yes",_xlfn.XLOOKUP("DstZone_IsAny",'Scoring_Config'!$A:$A,'Scoring_Config'!$C:$C,5),0),"False,0")} -> 0 | AK20: {=IF(FALSE,"True," & IF(_xlfn.XLOOKUP("Service_Any_OR_RangeGt1000",'Scoring_Config'!$A:$A,'Scoring_Config'!$D:$D,"Yes")="Yes",_xlfn.XLOOKUP("Service_Any_OR_RangeGt1000",'Scoring_Config'!$A:$A,'Scoring_Config'!$C:$C,25),0),"False,0")} -> 0 | AL20: {=IF(TRUE,"True," & IF(_xlfn.XLOOKUP("App_Any_OR_RangeGt1000",'Scoring_Config'!$A:$A,'Scoring_Config'!$D:$D,"Yes")="Yes",_xlfn.XLOOKUP("App_Any_OR_RangeGt1000",'Scoring_Config'!$A:$A,'Scoring_Config'!$C:$C,25),0),"False,0")} -> 0 | AM20: {=IF(TRUE,"True," & IF(_xlfn.XLOOKUP("Service_Insecure_Match",'Scoring_Config'!$A:$A,'Scoring_Config'!$D:$D,"Yes")="Yes",_xlfn.XLOOKUP("Service_Insecure_Match",'Scoring_Config'!$A:$A,'Scoring_Config'!$C:$C,20),0),"False,0")} -> 0 | AN20: {=IF(FALSE,"True," & IF(_xlfn.XLOOKUP("Risky_Inbound",'Scoring_Config'!$A:$A,'Scoring_Config'!$D:$D,"Yes")="Yes",_xlfn.XLOOKUP("Risky_Inbound",'Scoring_Config'!$A:$A,'Scoring_Config'!$C:$C,20),0),"False,0")} -> 0 | AO20: {=IF(FALSE,"True," & IF(_xlfn.XLOOKUP("Risky_Outbound",'Scoring_Config'!$A:$A,'Scoring_Config'!$D:$D,"Yes")="Yes",_xlfn.XLOOKUP("Risky_Outbound",'Scoring_Config'!$A:$A,'Scoring_Config'!$C:$C,10),0),"False,0")} -> 0 | AP20: True,5 | AQ20: {=IF(FALSE,"True," & IF(_xlfn.XLOOKUP("Rule_Usage_Description_Scoring",'Scoring_Config'!$A:$A,'Scoring_Config'!$D:$D,"Yes")="Yes",_xlfn.XLOOKUP("Rule_Usage_Description_Scoring",'Scoring_Config'!$A:$A,'Scoring_Config'!$C:$C,5),0),"False,0")} -> 0 | AR20: True,-10 | AS20: True,5 | AT20: False,0 | AU20: {=IF(TRUE,"True," & IF(_xlfn.XLOOKUP("Action_IsDenyOrDrop",'Scoring_Config'!$A:$A,'Scoring_Config'!$D:$D,"Yes")="Yes",_xlfn.XLOOKUP("Action_IsDenyOrDrop",'Scoring_Config'!$A:$A,'Scoring_Config'!$C:$C,0),0),"False,0")} -> 0 | AW20: {=IF(FALSE,"True," & IF(_xlfn.XLOOKUP("Migrate_Insecure",'Scoring_Config'!$A:$A,'Scoring_Config'!$D:$D,"Yes")="Yes",_xlfn.XLOOKUP("Migrate_Insecure",'Scoring_Config'!$A:$A,'Scoring_Config'!$C:$C,15),0),"False,0")} -> 0 | AY20: {=IF(FALSE,"True," & IF(_xlfn.XLOOKUP("Migrate_Other_Ports",'Scoring_Config'!$A:$A,'Scoring_Config'!$D:$D,"Yes")="Yes",_xlfn.XLOOKUP("Migrate_Other_Ports",'Scoring_Config'!$A:$A,'Scoring_Config'!$C:$C,5),0),"False,0")} -> 0 | AZ20: {=IF(LEFT(AU20,4)="True",0,(IF(LEFT(AC20,4)="True",IF(_xlfn.XLOOKUP("Src_IsAny",'Scoring_Config'!$A:$A,'Scoring_Config'!$D:$D,"Yes")="Yes",_xlfn.XLOOKUP("Src_IsAny",'Scoring_Config'!$A:$A,'Scoring_Config'!$C:$C,25),0),0)+IF(LEFT(AD20,4)="True",IF(_xlfn.XLOOKUP("Src_CIDR_Le_16",'Scoring_Config'!$A:$A,'Scoring_Config'!$D:$D,"Yes")="Yes",_xlfn.XLOOKUP("Src_CIDR_Le_16",'Scoring_Config'!$A:$A,'Scoring_Config'!$C:$C,25),0),0)+IF(LEFT(AE20,4)="True",IF(_xlfn.XLOOKUP("Src_CIDR_17_22",'Scoring_Config'!$A:$A,'Scoring_Config'!$D:$D,"Yes")="Yes",_xlfn.XLOOKUP("Src_CIDR_17_22",'Scoring_Config'!$A:$A,'Scoring_Config'!$C:$C,15),0),0)+IF(LEFT(AF20,4)="True",IF(_xlfn.XLOOKUP("Dst_IsAny",'Scoring_Config'!$A:$A,'Scoring_Config'!$D:$D,"Yes")="Yes",_xlfn.XLOOKUP("Dst_IsAny",'Scoring_Config'!$A:$A,'Scoring_Config'!$C:$C,25),0),0)+IF(LEFT(AG20,4)="True",IF(_xlfn.XLOOKUP("Dst_CIDR_Le_16",'Scoring_Config'!$A:$A,'Scoring_Config'!$D:$D,"Yes")="Yes",_xlfn.XLOOKUP("Dst_CIDR_Le_16",'Scoring_Config'!$A:$A,'Scoring_Config'!$C:$C,25),0),0)+IF(LEFT(AH20,4)="True",IF(_xlfn.XLOOKUP("Dst_CIDR_17_22",'Scoring_Config'!$A:$A,'Scoring_Config'!$D:$D,"Yes")="Yes",_xlfn.XLOOKUP("Dst_CIDR_17_22",'Scoring_Config'!$A:$A,'Scoring_Config'!$C:$C,15),0),0)+IF(LEFT(AI20,4)="True",IF(_xlfn.XLOOKUP("SrcZone_IsAny",'Scoring_Config'!$A:$A,'Scoring_Config'!$D:$D,"Yes")="Yes",_xlfn.XLOOKUP("SrcZone_IsAny",'Scoring_Config'!$A:$A,'Scoring_Config'!$C:$C,5),0),0)+IF(LEFT(AJ20,4)="True",IF(_xlfn.XLOOKUP("DstZone_IsAny",'Scoring_Config'!$A:$A,'Scoring_Config'!$D:$D,"Yes")="Yes",_xlfn.XLOOKUP("DstZone_IsAny",'Scoring_Config'!$A:$A,'Scoring_Config'!$C:$C,5),0),0)+IF(LEFT(AK20,4)="True",IF(_xlfn.XLOOKUP("Service_Any_OR_RangeGt1000",'Scoring_Config'!$A:$A,'Scoring_Config'!$D:$D,"Yes")="Yes",_xlfn.XLOOKUP("Service_Any_OR_RangeGt1000",'Scoring_Config'!$A:$A,'Scoring_Config'!$C:$C,25),0),0)+IF(LEFT(AL20,4)="True",IF(_xlfn.XLOOKUP("App_Any_OR_RangeGt1000",'Scoring_Config'!$A:$A,'Scoring_Config'!$D:$D,"Yes")="Yes",_xlfn.XLOOKUP("App_Any_OR_RangeGt1000",'Scoring_Config'!$A:$A,'Scoring_Config'!$C:$C,25),0),0)+IF(LEFT(AM20,4)="True",IF(_xlfn.XLOOKUP("Service_Insecure_Match",'Scoring_Config'!$A:$A,'Scoring_Config'!$D:$D,"Yes")="Yes",_xlfn.XLOOKUP("Service_Insecure_Match",'Scoring_Config'!$A:$A,'Scoring_Config'!$C:$C,20),0),0)+IF(LEFT(AN20,4)="True",IF(_xlfn.XLOOKUP("Risky_Inbound",'Scoring_Config'!$A:$A,'Scoring_Config'!$D:$D,"Yes")="Yes",_xlfn.XLOOKUP("Risky_Inbound",'Scoring_Config'!$A:$A,'Scoring_Config'!$C:$C,20),0),0)+IF(LEFT(AO20,4)="True",IF(_xlfn.XLOOKUP("Risky_Outbound",'Scoring_Config'!$A:$A,'Scoring_Config'!$D:$D,"Yes")="Yes",_xlfn.XLOOKUP("Risky_Outbound",'Scoring_Config'!$A:$A,'Scoring_Config'!$C:$C,10),0),0)+IF(LEFT(AW20,4)="True",IF(_xlfn.XLOOKUP("Migrate_Insecure",'Scoring_Config'!$A:$A,'Scoring_Config'!$D:$D,"Yes")="Yes",_xlfn.XLOOKUP("Migrate_Insecure",'Scoring_Config'!$A:$A,'Scoring_Config'!$C:$C,15),0),0)+IF(LEFT(AY20,4)="True",IF(_xlfn.XLOOKUP("Migrate_Other_Ports",'Scoring_Config'!$A:$A,'Scoring_Config'!$D:$D,"Yes")="Yes",_xlfn.XLOOKUP("Migrate_Other_Ports",'Scoring_Config'!$A:$A,'Scoring_Config'!$C:$C,5),0),0)+IF(_xlfn.XLOOKUP("Rule_Usage_Scoring",'Scoring_Config'!$A:$A,'Scoring_Config'!$D:$D,"Yes")="Yes",VALUE(MID(AP20,FIND(",",AP20)+1,100)),0)+IF(LEFT(AQ20,4)="True",IF(_xlfn.XLOOKUP("Rule_Usage_Description_Scoring",'Scoring_Config'!$A:$A,'Scoring_Config'!$D:$D,"Yes")="Yes",_xlfn.XLOOKUP("Rule_Usage_Description_Scoring",'Scoring_Config'!$A:$A,'Scoring_Config'!$C:$C,5),0),0)+IF(_xlfn.XLOOKUP("Source_User_Scoring",'Scoring_Config'!$A:$A,'Scoring_Config'!$D:$D,"Yes")="Yes",VALUE(MID(AR20,FIND(",",AR20)+1,100)),0)+IF(_xlfn.XLOOKUP("Profile_Scoring",'Scoring_Config'!$A:$A,'Scoring_Config'!$D:$D,"Yes")="Yes",VALUE(MID(AS20,FIND(",",AS20)+1,100)),0)+IF(_xlfn.XLOOKUP("Options_Scoring",'Scoring_Config'!$A:$A,'Scoring_Config'!$D:$D,"Yes")="Yes",VALUE(MID(AT20,FIND(",",AT20)+1,100)),0)))} -> 0
A21: DC_Policies_Export.csv | B21: Allow_Internet_to_Mgmt_RDP | C21: la-datacenterfw | E21: universal | F21: Untrust | G21: any | H21: any | I21: svc_backup | J21: Mgmt | K21: any | L21: any | M21: any | N21: any | O21: rdp-tcp-3389 | P21: TCP/3389 | Q21: allow | R21: antivirus | S21: Traffic log sent at session end | T21: 9124 | U21: Operational requirement documented in INC176302 | V21: ftp, smb | W21: 352 | X21: 2025-02-27 04:06:58 | Y21: 2022-06-22 04:06:58 | AC21: {=IF(TRUE,"True," & IF(_xlfn.XLOOKUP("Src_IsAny",'Scoring_Config'!$A:$A,'Scoring_Config'!$D:$D,"Yes")="Yes",_xlfn.XLOOKUP("Src_IsAny",'Scoring_Config'!$A:$A,'Scoring_Config'!$C:$C,25),0),"False,0")} -> 0 | AD21: {=IF(FALSE,"True," & IF(_xlfn.XLOOKUP("Src_CIDR_Le_16",'Scoring_Config'!$A:$A,'Scoring_Config'!$D:$D,"Yes")="Yes",_xlfn.XLOOKUP("Src_CIDR_Le_16",'Scoring_Config'!$A:$A,'Scoring_Config'!$C:$C,25),0),"False,0")} -> 0 | AE21: {=IF(FALSE,"True," & IF(_xlfn.XLOOKUP("Src_CIDR_17_22",'Scoring_Config'!$A:$A,'Scoring_Config'!$D:$D,"Yes")="Yes",_xlfn.XLOOKUP("Src_CIDR_17_22",'Scoring_Config'!$A:$A,'Scoring_Config'!$C:$C,15),0),"False,0")} -> 0 | AF21: {=IF(TRUE,"True," & IF(_xlfn.XLOOKUP("Dst_IsAny",'Scoring_Config'!$A:$A,'Scoring_Config'!$D:$D,"Yes")="Yes",_xlfn.XLOOKUP("Dst_IsAny",'Scoring_Config'!$A:$A,'Scoring_Config'!$C:$C,25),0),"False,0")} -> 0 | AG21: {=IF(FALSE,"True," & IF(_xlfn.XLOOKUP("Dst_CIDR_Le_16",'Scoring_Config'!$A:$A,'Scoring_Config'!$D:$D,"Yes")="Yes",_xlfn.XLOOKUP("Dst_CIDR_Le_16",'Scoring_Config'!$A:$A,'Scoring_Config'!$C:$C,25),0),"False,0")} -> 0 | AH21: {=IF(FALSE,"True," & IF(_xlfn.XLOOKUP("Dst_CIDR_17_22",'Scoring_Config'!$A:$A,'Scoring_Config'!$D:$D,"Yes")="Yes",_xlfn.XLOOKUP("Dst_CIDR_17_22",'Scoring_Config'!$A:$A,'Scoring_Config'!$C:$C,15),0),"False,0")} -> 0 | AI21: {=IF(FALSE,"True," & IF(_xlfn.XLOOKUP("SrcZone_IsAny",'Scoring_Config'!$A:$A,'Scoring_Config'!$D:$D,"Yes")="Yes",_xlfn.XLOOKUP("SrcZone_IsAny",'Scoring_Config'!$A:$A,'Scoring_Config'!$C:$C,5),0),"False,0")} -> 0 | AJ21: {=IF(FALSE,"True," & IF(_xlfn.XLOOKUP("DstZone_IsAny",'Scoring_Config'!$A:$A,'Scoring_Config'!$D:$D,"Yes")="Yes",_xlfn.XLOOKUP("DstZone_IsAny",'Scoring_Config'!$A:$A,'Scoring_Config'!$C:$C,5),0),"False,0")} -> 0 | AK21: {=IF(FALSE,"True," & IF(_xlfn.XLOOKUP("Service_Any_OR_RangeGt1000",'Scoring_Config'!$A:$A,'Scoring_Config'!$D:$D,"Yes")="Yes",_xlfn.XLOOKUP("Service_Any_OR_RangeGt1000",'Scoring_Config'!$A:$A,'Scoring_Config'!$C:$C,25),0),"False,0")} -> 0 | AL21: {=IF(TRUE,"True," & IF(_xlfn.XLOOKUP("App_Any_OR_RangeGt1000",'Scoring_Config'!$A:$A,'Scoring_Config'!$D:$D,"Yes")="Yes",_xlfn.XLOOKUP("App_Any_OR_RangeGt1000",'Scoring_Config'!$A:$A,'Scoring_Config'!$C:$C,25),0),"False,0")} -> 0 | AM21: {=IF(TRUE,"True," & IF(_xlfn.XLOOKUP("Service_Insecure_Match",'Scoring_Config'!$A:$A,'Scoring_Config'!$D:$D,"Yes")="Yes",_xlfn.XLOOKUP("Service_Insecure_Match",'Scoring_Config'!$A:$A,'Scoring_Config'!$C:$C,20),0),"False,0")} -> 0 | AN21: {=IF(FALSE,"True," & IF(_xlfn.XLOOKUP("Risky_Inbound",'Scoring_Config'!$A:$A,'Scoring_Config'!$D:$D,"Yes")="Yes",_xlfn.XLOOKUP("Risky_Inbound",'Scoring_Config'!$A:$A,'Scoring_Config'!$C:$C,20),0),"False,0")} -> 0 | AO21: {=IF(FALSE,"True," & IF(_xlfn.XLOOKUP("Risky_Outbound",'Scoring_Config'!$A:$A,'Scoring_Config'!$D:$D,"Yes")="Yes",_xlfn.XLOOKUP("Risky_Outbound",'Scoring_Config'!$A:$A,'Scoring_Config'!$C:$C,10),0),"False,0")} -> 0 | AP21: True,5 | AQ21: {=IF(FALSE,"True," & IF(_xlfn.XLOOKUP("Rule_Usage_Description_Scoring",'Scoring_Config'!$A:$A,'Scoring_Config'!$D:$D,"Yes")="Yes",_xlfn.XLOOKUP("Rule_Usage_Description_Scoring",'Scoring_Config'!$A:$A,'Scoring_Config'!$C:$C,5),0),"False,0")} -> 0 | AR21: True,-10 | AS21: False,0 | AT21: False,0 | AU21: {=IF(FALSE,"True," & IF(_xlfn.XLOOKUP("Action_IsDenyOrDrop",'Scoring_Config'!$A:$A,'Scoring_Config'!$D:$D,"Yes")="Yes",_xlfn.XLOOKUP("Action_IsDenyOrDrop",'Scoring_Config'!$A:$A,'Scoring_Config'!$C:$C,0),0),"False,0")} -> 0 | AW21: {=IF(FALSE,"True," & IF(_xlfn.XLOOKUP("Migrate_Insecure",'Scoring_Config'!$A:$A,'Scoring_Config'!$D:$D,"Yes")="Yes",_xlfn.XLOOKUP("Migrate_Insecure",'Scoring_Config'!$A:$A,'Scoring_Config'!$C:$C,15),0),"False,0")} -> 0 | AY21: {=IF(FALSE,"True," & IF(_xlfn.XLOOKUP("Migrate_Other_Ports",'Scoring_Config'!$A:$A,'Scoring_Config'!$D:$D,"Yes")="Yes",_xlfn.XLOOKUP("Migrate_Other_Ports",'Scoring_Config'!$A:$A,'Scoring_Config'!$C:$C,5),0),"False,0")} -> 0 | AZ21: {=IF(LEFT(AU21,4)="True",0,(IF(LEFT(AC21,4)="True",IF(_xlfn.XLOOKUP("Src_IsAny",'Scoring_Config'!$A:$A,'Scoring_Config'!$D:$D,"Yes")="Yes",_xlfn.XLOOKUP("Src_IsAny",'Scoring_Config'!$A:$A,'Scoring_Config'!$C:$C,25),0),0)+IF(LEFT(AD21,4)="True",IF(_xlfn.XLOOKUP("Src_CIDR_Le_16",'Scoring_Config'!$A:$A,'Scoring_Config'!$D:$D,"Yes")="Yes",_xlfn.XLOOKUP("Src_CIDR_Le_16",'Scoring_Config'!$A:$A,'Scoring_Config'!$C:$C,25),0),0)+IF(LEFT(AE21,4)="True",IF(_xlfn.XLOOKUP("Src_CIDR_17_22",'Scoring_Config'!$A:$A,'Scoring_Config'!$D:$D,"Yes")="Yes",_xlfn.XLOOKUP("Src_CIDR_17_22",'Scoring_Config'!$A:$A,'Scoring_Config'!$C:$C,15),0),0)+IF(LEFT(AF21,4)="True",IF(_xlfn.XLOOKUP("Dst_IsAny",'Scoring_Config'!$A:$A,'Scoring_Config'!$D:$D,"Yes")="Yes",_xlfn.XLOOKUP("Dst_IsAny",'Scoring_Config'!$A:$A,'Scoring_Config'!$C:$C,25),0),0)+IF(LEFT(AG21,4)="True",IF(_xlfn.XLOOKUP("Dst_CIDR_Le_16",'Scoring_Config'!$A:$A,'Scoring_Config'!$D:$D,"Yes")="Yes",_xlfn.XLOOKUP("Dst_CIDR_Le_16",'Scoring_Config'!$A:$A,'Scoring_Config'!$C:$C,25),0),0)+IF(LEFT(AH21,4)="True",IF(_xlfn.XLOOKUP("Dst_CIDR_17_22",'Scoring_Config'!$A:$A,'Scoring_Config'!$D:$D,"Yes")="Yes",_xlfn.XLOOKUP("Dst_CIDR_17_22",'Scoring_Config'!$A:$A,'Scoring_Config'!$C:$C,15),0),0)+IF(LEFT(AI21,4)="True",IF(_xlfn.XLOOKUP("SrcZone_IsAny",'Scoring_Config'!$A:$A,'Scoring_Config'!$D:$D,"Yes")="Yes",_xlfn.XLOOKUP("SrcZone_IsAny",'Scoring_Config'!$A:$A,'Scoring_Config'!$C:$C,5),0),0)+IF(LEFT(AJ21,4)="True",IF(_xlfn.XLOOKUP("DstZone_IsAny",'Scoring_Config'!$A:$A,'Scoring_Config'!$D:$D,"Yes")="Yes",_xlfn.XLOOKUP("DstZone_IsAny",'Scoring_Config'!$A:$A,'Scoring_Config'!$C:$C,5),0),0)+IF(LEFT(AK21,4)="True",IF(_xlfn.XLOOKUP("Service_Any_OR_RangeGt1000",'Scoring_Config'!$A:$A,'Scoring_Config'!$D:$D,"Yes")="Yes",_xlfn.XLOOKUP("Service_Any_OR_RangeGt1000",'Scoring_Config'!$A:$A,'Scoring_Config'!$C:$C,25),0),0)+IF(LEFT(AL21,4)="True",IF(_xlfn.XLOOKUP("App_Any_OR_RangeGt1000",'Scoring_Config'!$A:$A,'Scoring_Config'!$D:$D,"Yes")="Yes",_xlfn.XLOOKUP("App_Any_OR_RangeGt1000",'Scoring_Config'!$A:$A,'Scoring_Config'!$C:$C,25),0),0)+IF(LEFT(AM21,4)="True",IF(_xlfn.XLOOKUP("Service_Insecure_Match",'Scoring_Config'!$A:$A,'Scoring_Config'!$D:$D,"Yes")="Yes",_xlfn.XLOOKUP("Service_Insecure_Match",'Scoring_Config'!$A:$A,'Scoring_Config'!$C:$C,20),0),0)+IF(LEFT(AN21,4)="True",IF(_xlfn.XLOOKUP("Risky_Inbound",'Scoring_Config'!$A:$A,'Scoring_Config'!$D:$D,"Yes")="Yes",_xlfn.XLOOKUP("Risky_Inbound",'Scoring_Config'!$A:$A,'Scoring_Config'!$C:$C,20),0),0)+IF(LEFT(AO21,4)="True",IF(_xlfn.XLOOKUP("Risky_Outbound",'Scoring_Config'!$A:$A,'Scoring_Config'!$D:$D,"Yes")="Yes",_xlfn.XLOOKUP("Risky_Outbound",'Scoring_Config'!$A:$A,'Scoring_Config'!$C:$C,10),0),0)+IF(LEFT(AW21,4)="True",IF(_xlfn.XLOOKUP("Migrate_Insecure",'Scoring_Config'!$A:$A,'Scoring_Config'!$D:$D,"Yes")="Yes",_xlfn.XLOOKUP("Migrate_Insecure",'Scoring_Config'!$A:$A,'Scoring_Config'!$C:$C,15),0),0)+IF(LEFT(AY21,4)="True",IF(_xlfn.XLOOKUP("Migrate_Other_Ports",'Scoring_Config'!$A:$A,'Scoring_Config'!$D:$D,"Yes")="Yes",_xlfn.XLOOKUP("Migrate_Other_Ports",'Scoring_Config'!$A:$A,'Scoring_Config'!$C:$C,5),0),0)+IF(_xlfn.XLOOKUP("Rule_Usage_Scoring",'Scoring_Config'!$A:$A,'Scoring_Config'!$D:$D,"Yes")="Yes",VALUE(MID(AP21,FIND(",",AP21)+1,100)),0)+IF(LEFT(AQ21,4)="True",IF(_xlfn.XLOOKUP("Rule_Usage_Description_Scoring",'Scoring_Config'!$A:$A,'Scoring_Config'!$D:$D,"Yes")="Yes",_xlfn.XLOOKUP("Rule_Usage_Description_Scoring",'Scoring_Config'!$A:$A,'Scoring_Config'!$C:$C,5),0),0)+IF(_xlfn.XLOOKUP("Source_User_Scoring",'Scoring_Config'!$A:$A,'Scoring_Config'!$D:$D,"Yes")="Yes",VALUE(MID(AR21,FIND(",",AR21)+1,100)),0)+IF(_xlfn.XLOOKUP("Profile_Scoring",'Scoring_Config'!$A:$A,'Scoring_Config'!$D:$D,"Yes")="Yes",VALUE(MID(AS21,FIND(",",AS21)+1,100)),0)+IF(_xlfn.XLOOKUP("Options_Scoring",'Scoring_Config'!$A:$A,'Scoring_Config'!$D:$D,"Yes")="Yes",VALUE(MID(AT21,FIND(",",AT21)+1,100)),0)))} -> 0
A22: DC_Policies_Export.csv | B22: Allow_DMZ_to_Mgmt_HTTP | C22: la-datacenterfw | E22: universal | F22: DMZ | G22: any | H22: any | I22: domain\itops | J22: Mgmt | K22: 10.1.10.0/24 | L22: 10.1.10.0/24 | M22: web-browsing | N22: 80,tcp | O22: ntp-udp-123 | P22: UDP/123 | Q22: allow | R22: best-practice | S22: Traffic log sent at session end | T22: 0 | U22: Exception tracked in INC610487 pending remediation | V22: unknown-tcp | W22: 133 | X22: 2025-10-26 02:25:58 | Y22: 2023-09-22 02:25:58 | AC22: {=IF(TRUE,"True," & IF(_xlfn.XLOOKUP("Src_IsAny",'Scoring_Config'!$A:$A,'Scoring_Config'!$D:$D,"Yes")="Yes",_xlfn.XLOOKUP("Src_IsAny",'Scoring_Config'!$A:$A,'Scoring_Config'!$C:$C,25),0),"False,0")} -> 0 | AD22: {=IF(FALSE,"True," & IF(_xlfn.XLOOKUP("Src_CIDR_Le_16",'Scoring_Config'!$A:$A,'Scoring_Config'!$D:$D,"Yes")="Yes",_xlfn.XLOOKUP("Src_CIDR_Le_16",'Scoring_Config'!$A:$A,'Scoring_Config'!$C:$C,25),0),"False,0")} -> 0 | AE22: {=IF(FALSE,"True," & IF(_xlfn.XLOOKUP("Src_CIDR_17_22",'Scoring_Config'!$A:$A,'Scoring_Config'!$D:$D,"Yes")="Yes",_xlfn.XLOOKUP("Src_CIDR_17_22",'Scoring_Config'!$A:$A,'Scoring_Config'!$C:$C,15),0),"False,0")} -> 0 | AF22: {=IF(FALSE,"True," & IF(_xlfn.XLOOKUP("Dst_IsAny",'Scoring_Config'!$A:$A,'Scoring_Config'!$D:$D,"Yes")="Yes",_xlfn.XLOOKUP("Dst_IsAny",'Scoring_Config'!$A:$A,'Scoring_Config'!$C:$C,25),0),"False,0")} -> 0 | AG22: {=IF(FALSE,"True," & IF(_xlfn.XLOOKUP("Dst_CIDR_Le_16",'Scoring_Config'!$A:$A,'Scoring_Config'!$D:$D,"Yes")="Yes",_xlfn.XLOOKUP("Dst_CIDR_Le_16",'Scoring_Config'!$A:$A,'Scoring_Config'!$C:$C,25),0),"False,0")} -> 0 | AH22: {=IF(FALSE,"True," & IF(_xlfn.XLOOKUP("Dst_CIDR_17_22",'Scoring_Config'!$A:$A,'Scoring_Config'!$D:$D,"Yes")="Yes",_xlfn.XLOOKUP("Dst_CIDR_17_22",'Scoring_Config'!$A:$A,'Scoring_Config'!$C:$C,15),0),"False,0")} -> 0 | AI22: {=IF(FALSE,"True," & IF(_xlfn.XLOOKUP("SrcZone_IsAny",'Scoring_Config'!$A:$A,'Scoring_Config'!$D:$D,"Yes")="Yes",_xlfn.XLOOKUP("SrcZone_IsAny",'Scoring_Config'!$A:$A,'Scoring_Config'!$C:$C,5),0),"False,0")} -> 0 | AJ22: {=IF(FALSE,"True," & IF(_xlfn.XLOOKUP("DstZone_IsAny",'Scoring_Config'!$A:$A,'Scoring_Config'!$D:$D,"Yes")="Yes",_xlfn.XLOOKUP("DstZone_IsAny",'Scoring_Config'!$A:$A,'Scoring_Config'!$C:$C,5),0),"False,0")} -> 0 | AK22: {=IF(FALSE,"True," & IF(_xlfn.XLOOKUP("Service_Any_OR_RangeGt1000",'Scoring_Config'!$A:$A,'Scoring_Config'!$D:$D,"Yes")="Yes",_xlfn.XLOOKUP("Service_Any_OR_RangeGt1000",'Scoring_Config'!$A:$A,'Scoring_Config'!$C:$C,25),0),"False,0")} -> 0 | AL22: {=IF(FALSE,"True," & IF(_xlfn.XLOOKUP("App_Any_OR_RangeGt1000",'Scoring_Config'!$A:$A,'Scoring_Config'!$D:$D,"Yes")="Yes",_xlfn.XLOOKUP("App_Any_OR_RangeGt1000",'Scoring_Config'!$A:$A,'Scoring_Config'!$C:$C,25),0),"False,0")} -> 0 | AM22: {=IF(FALSE,"True," & IF(_xlfn.XLOOKUP("Service_Insecure_Match",'Scoring_Config'!$A:$A,'Scoring_Config'!$D:$D,"Yes")="Yes",_xlfn.XLOOKUP("Service_Insecure_Match",'Scoring_Config'!$A:$A,'Scoring_Config'!$C:$C,20),0),"False,0")} -> 0 | AN22: {=IF(FALSE,"True," & IF(_xlfn.XLOOKUP("Risky_Inbound",'Scoring_Config'!$A:$A,'Scoring_Config'!$D:$D,"Yes")="Yes",_xlfn.XLOOKUP("Risky_Inbound",'Scoring_Config'!$A:$A,'Scoring_Config'!$C:$C,20),0),"False,0")} -> 0 | AO22: {=IF(FALSE,"True," & IF(_xlfn.XLOOKUP("Risky_Outbound",'Scoring_Config'!$A:$A,'Scoring_Config'!$D:$D,"Yes")="Yes",_xlfn.XLOOKUP("Risky_Outbound",'Scoring_Config'!$A:$A,'Scoring_Config'!$C:$C,10),0),"False,0")} -> 0 | AP22: True,5 | AQ22: {=IF(FALSE,"True," & IF(_xlfn.XLOOKUP("Rule_Usage_Description_Scoring",'Scoring_Config'!$A:$A,'Scoring_Config'!$D:$D,"Yes")="Yes",_xlfn.XLOOKUP("Rule_Usage_Description_Scoring",'Scoring_Config'!$A:$A,'Scoring_Config'!$C:$C,5),0),"False,0")} -> 0 | AR22: True,-10 | AS22: False,0 | AT22: False,0 | AU22: {=IF(FALSE,"True," & IF(_xlfn.XLOOKUP("Action_IsDenyOrDrop",'Scoring_Config'!$A:$A,'Scoring_Config'!$D:$D,"Yes")="Yes",_xlfn.XLOOKUP("Action_IsDenyOrDrop",'Scoring_Config'!$A:$A,'Scoring_Config'!$C:$C,0),0),"False,0")} -> 0 | AW22: {=IF(FALSE,"True," & IF(_xlfn.XLOOKUP("Migrate_Insecure",'Scoring_Config'!$A:$A,'Scoring_Config'!$D:$D,"Yes")="Yes",_xlfn.XLOOKUP("Migrate_Insecure",'Scoring_Config'!$A:$A,'Scoring_Config'!$C:$C,15),0),"False,0")} -> 0 | AY22: {=IF(FALSE,"True," & IF(_xlfn.XLOOKUP("Migrate_Other_Ports",'Scoring_Config'!$A:$A,'Scoring_Config'!$D:$D,"Yes")="Yes",_xlfn.XLOOKUP("Migrate_Other_Ports",'Scoring_Config'!$A:$A,'Scoring_Config'!$C:$C,5),0),"False,0")} -> 0 | AZ22: {=IF(LEFT(AU22,4)="True",0,(IF(LEFT(AC22,4)="True",IF(_xlfn.XLOOKUP("Src_IsAny",'Scoring_Config'!$A:$A,'Scoring_Config'!$D:$D,"Yes")="Yes",_xlfn.XLOOKUP("Src_IsAny",'Scoring_Config'!$A:$A,'Scoring_Config'!$C:$C,25),0),0)+IF(LEFT(AD22,4)="True",IF(_xlfn.XLOOKUP("Src_CIDR_Le_16",'Scoring_Config'!$A:$A,'Scoring_Config'!$D:$D,"Yes")="Yes",_xlfn.XLOOKUP("Src_CIDR_Le_16",'Scoring_Config'!$A:$A,'Scoring_Config'!$C:$C,25),0),0)+IF(LEFT(AE22,4)="True",IF(_xlfn.XLOOKUP("Src_CIDR_17_22",'Scoring_Config'!$A:$A,'Scoring_Config'!$D:$D,"Yes")="Yes",_xlfn.XLOOKUP("Src_CIDR_17_22",'Scoring_Config'!$A:$A,'Scoring_Config'!$C:$C,15),0),0)+IF(LEFT(AF22,4)="True",IF(_xlfn.XLOOKUP("Dst_IsAny",'Scoring_Config'!$A:$A,'Scoring_Config'!$D:$D,"Yes")="Yes",_xlfn.XLOOKUP("Dst_IsAny",'Scoring_Config'!$A:$A,'Scoring_Config'!$C:$C,25),0),0)+IF(LEFT(AG22,4)="True",IF(_xlfn.XLOOKUP("Dst_CIDR_Le_16",'Scoring_Config'!$A:$A,'Scoring_Config'!$D:$D,"Yes")="Yes",_xlfn.XLOOKUP("Dst_CIDR_Le_16",'Scoring_Config'!$A:$A,'Scoring_Config'!$C:$C,25),0),0)+IF(LEFT(AH22,4)="True",IF(_xlfn.XLOOKUP("Dst_CIDR_17_22",'Scoring_Config'!$A:$A,'Scoring_Config'!$D:$D,"Yes")="Yes",_xlfn.XLOOKUP("Dst_CIDR_17_22",'Scoring_Config'!$A:$A,'Scoring_Config'!$C:$C,15),0),0)+IF(LEFT(AI22,4)="True",IF(_xlfn.XLOOKUP("SrcZone_IsAny",'Scoring_Config'!$A:$A,'Scoring_Config'!$D:$D,"Yes")="Yes",_xlfn.XLOOKUP("SrcZone_IsAny",'Scoring_Config'!$A:$A,'Scoring_Config'!$C:$C,5),0),0)+IF(LEFT(AJ22,4)="True",IF(_xlfn.XLOOKUP("DstZone_IsAny",'Scoring_Config'!$A:$A,'Scoring_Config'!$D:$D,"Yes")="Yes",_xlfn.XLOOKUP("DstZone_IsAny",'Scoring_Config'!$A:$A,'Scoring_Config'!$C:$C,5),0),0)+IF(LEFT(AK22,4)="True",IF(_xlfn.XLOOKUP("Service_Any_OR_RangeGt1000",'Scoring_Config'!$A:$A,'Scoring_Config'!$D:$D,"Yes")="Yes",_xlfn.XLOOKUP("Service_Any_OR_RangeGt1000",'Scoring_Config'!$A:$A,'Scoring_Config'!$C:$C,25),0),0)+IF(LEFT(AL22,4)="True",IF(_xlfn.XLOOKUP("App_Any_OR_RangeGt1000",'Scoring_Config'!$A:$A,'Scoring_Config'!$D:$D,"Yes")="Yes",_xlfn.XLOOKUP("App_Any_OR_RangeGt1000",'Scoring_Config'!$A:$A,'Scoring_Config'!$C:$C,25),0),0)+IF(LEFT(AM22,4)="True",IF(_xlfn.XLOOKUP("Service_Insecure_Match",'Scoring_Config'!$A:$A,'Scoring_Config'!$D:$D,"Yes")="Yes",_xlfn.XLOOKUP("Service_Insecure_Match",'Scoring_Config'!$A:$A,'Scoring_Config'!$C:$C,20),0),0)+IF(LEFT(AN22,4)="True",IF(_xlfn.XLOOKUP("Risky_Inbound",'Scoring_Config'!$A:$A,'Scoring_Config'!$D:$D,"Yes")="Yes",_xlfn.XLOOKUP("Risky_Inbound",'Scoring_Config'!$A:$A,'Scoring_Config'!$C:$C,20),0),0)+IF(LEFT(AO22,4)="True",IF(_xlfn.XLOOKUP("Risky_Outbound",'Scoring_Config'!$A:$A,'Scoring_Config'!$D:$D,"Yes")="Yes",_xlfn.XLOOKUP("Risky_Outbound",'Scoring_Config'!$A:$A,'Scoring_Config'!$C:$C,10),0),0)+IF(LEFT(AW22,4)="True",IF(_xlfn.XLOOKUP("Migrate_Insecure",'Scoring_Config'!$A:$A,'Scoring_Config'!$D:$D,"Yes")="Yes",_xlfn.XLOOKUP("Migrate_Insecure",'Scoring_Config'!$A:$A,'Scoring_Config'!$C:$C,15),0),0)+IF(LEFT(AY22,4)="True",IF(_xlfn.XLOOKUP("Migrate_Other_Ports",'Scoring_Config'!$A:$A,'Scoring_Config'!$D:$D,"Yes")="Yes",_xlfn.XLOOKUP("Migrate_Other_Ports",'Scoring_Config'!$A:$A,'Scoring_Config'!$C:$C,5),0),0)+IF(_xlfn.XLOOKUP("Rule_Usage_Scoring",'Scoring_Config'!$A:$A,'Scoring_Config'!$D:$D,"Yes")="Yes",VALUE(MID(AP22,FIND(",",AP22)+1,100)),0)+IF(LEFT(AQ22,4)="True",IF(_xlfn.XLOOKUP("Rule_Usage_Description_Scoring",'Scoring_Config'!$A:$A,'Scoring_Config'!$D:$D,"Yes")="Yes",_xlfn.XLOOKUP("Rule_Usage_Description_Scoring",'Scoring_Config'!$A:$A,'Scoring_Config'!$C:$C,5),0),0)+IF(_xlfn.XLOOKUP("Source_User_Scoring",'Scoring_Config'!$A:$A,'Scoring_Config'!$D:$D,"Yes")="Yes",VALUE(MID(AR22,FIND(",",AR22)+1,100)),0)+IF(_xlfn.XLOOKUP("Profile_Scoring",'Scoring_Config'!$A:$A,'Scoring_Config'!$D:$D,"Yes")="Yes",VALUE(MID(AS22,FIND(",",AS22)+1,100)),0)+IF(_xlfn.XLOOKUP("Options_Scoring",'Scoring_Config'!$A:$A,'Scoring_Config'!$D:$D,"Yes")="Yes",VALUE(MID(AT22,FIND(",",AT22)+1,100)),0)))} -> 0
A23: DC_Policies_Export.csv | B23: Allow_Guest_to_Guest_POP3 | C23: la-datacenterfw | E23: universal | F23: Guest | G23: 10.190.44.10/32 | H23: 10.190.44.10/32 | I23: svc_batch | J23: Guest | K23: srv-la-app18.corp.local | L23: 10.99.210.27/32 | M23: pop3 | N23: 110,tcp | O23: netbios-ssn-udp-139 | P23: UDP/139 | Q23: allow | R23: threat-prevention | S23: Traffic log sent at session end; Log Forwarding Profile setting: Forward to Panorama | T23: 8891 | U23: Temporary allow per INC494249 (expires in 30d) | V23: (none) | W23: 102 | X23: 2024-12-26 12:47:58 | Y23: 2022-12-07 12:47:58 | AC23: {=IF(FALSE,"True," & IF(_xlfn.XLOOKUP("Src_IsAny",'Scoring_Config'!$A:$A,'Scoring_Config'!$D:$D,"Yes")="Yes",_xlfn.XLOOKUP("Src_IsAny",'Scoring_Config'!$A:$A,'Scoring_Config'!$C:$C,25),0),"False,0")} -> 0 | AD23: {=IF(FALSE,"True," & IF(_xlfn.XLOOKUP("Src_CIDR_Le_16",'Scoring_Config'!$A:$A,'Scoring_Config'!$D:$D,"Yes")="Yes",_xlfn.XLOOKUP("Src_CIDR_Le_16",'Scoring_Config'!$A:$A,'Scoring_Config'!$C:$C,25),0),"False,0")} -> 0 | AE23: {=IF(FALSE,"True," & IF(_xlfn.XLOOKUP("Src_CIDR_17_22",'Scoring_Config'!$A:$A,'Scoring_Config'!$D:$D,"Yes")="Yes",_xlfn.XLOOKUP("Src_CIDR_17_22",'Scoring_Config'!$A:$A,'Scoring_Config'!$C:$C,15),0),"False,0")} -> 0 | AF23: {=IF(FALSE,"True," & IF(_xlfn.XLOOKUP("Dst_IsAny",'Scoring_Config'!$A:$A,'Scoring_Config'!$D:$D,"Yes")="Yes",_xlfn.XLOOKUP("Dst_IsAny",'Scoring_Config'!$A:$A,'Scoring_Config'!$C:$C,25),0),"False,0")} -> 0 | AG23: {=IF(FALSE,"True," & IF(_xlfn.XLOOKUP("Dst_CIDR_Le_16",'Scoring_Config'!$A:$A,'Scoring_Config'!$D:$D,"Yes")="Yes",_xlfn.XLOOKUP("Dst_CIDR_Le_16",'Scoring_Config'!$A:$A,'Scoring_Config'!$C:$C,25),0),"False,0")} -> 0 | AH23: {=IF(FALSE,"True," & IF(_xlfn.XLOOKUP("Dst_CIDR_17_22",'Scoring_Config'!$A:$A,'Scoring_Config'!$D:$D,"Yes")="Yes",_xlfn.XLOOKUP("Dst_CIDR_17_22",'Scoring_Config'!$A:$A,'Scoring_Config'!$C:$C,15),0),"False,0")} -> 0 | AI23: {=IF(FALSE,"True," & IF(_xlfn.XLOOKUP("SrcZone_IsAny",'Scoring_Config'!$A:$A,'Scoring_Config'!$D:$D,"Yes")="Yes",_xlfn.XLOOKUP("SrcZone_IsAny",'Scoring_Config'!$A:$A,'Scoring_Config'!$C:$C,5),0),"False,0")} -> 0 | AJ23: {=IF(FALSE,"True," & IF(_xlfn.XLOOKUP("DstZone_IsAny",'Scoring_Config'!$A:$A,'Scoring_Config'!$D:$D,"Yes")="Yes",_xlfn.XLOOKUP("DstZone_IsAny",'Scoring_Config'!$A:$A,'Scoring_Config'!$C:$C,5),0),"False,0")} -> 0 | AK23: {=IF(FALSE,"True," & IF(_xlfn.XLOOKUP("Service_Any_OR_RangeGt1000",'Scoring_Config'!$A:$A,'Scoring_Config'!$D:$D,"Yes")="Yes",_xlfn.XLOOKUP("Service_Any_OR_RangeGt1000",'Scoring_Config'!$A:$A,'Scoring_Config'!$C:$C,25),0),"False,0")} -> 0 | AL23: {=IF(FALSE,"True," & IF(_xlfn.XLOOKUP("App_Any_OR_RangeGt1000",'Scoring_Config'!$A:$A,'Scoring_Config'!$D:$D,"Yes")="Yes",_xlfn.XLOOKUP("App_Any_OR_RangeGt1000",'Scoring_Config'!$A:$A,'Scoring_Config'!$C:$C,25),0),"False,0")} -> 0 | AM23: {=IF(TRUE,"True," & IF(_xlfn.XLOOKUP("Service_Insecure_Match",'Scoring_Config'!$A:$A,'Scoring_Config'!$D:$D,"Yes")="Yes",_xlfn.XLOOKUP("Service_Insecure_Match",'Scoring_Config'!$A:$A,'Scoring_Config'!$C:$C,20),0),"False,0")} -> 0 | AN23: {=IF(FALSE,"True," & IF(_xlfn.XLOOKUP("Risky_Inbound",'Scoring_Config'!$A:$A,'Scoring_Config'!$D:$D,"Yes")="Yes",_xlfn.XLOOKUP("Risky_Inbound",'Scoring_Config'!$A:$A,'Scoring_Config'!$C:$C,20),0),"False,0")} -> 0 | AO23: {=IF(FALSE,"True," & IF(_xlfn.XLOOKUP("Risky_Outbound",'Scoring_Config'!$A:$A,'Scoring_Config'!$D:$D,"Yes")="Yes",_xlfn.XLOOKUP("Risky_Outbound",'Scoring_Config'!$A:$A,'Scoring_Config'!$C:$C,10),0),"False,0")} -> 0 | AP23: True,5 | AQ23: {=IF(FALSE,"True," & IF(_xlfn.XLOOKUP("Rule_Usage_Description_Scoring",'Scoring_Config'!$A:$A,'Scoring_Config'!$D:$D,"Yes")="Yes",_xlfn.XLOOKUP("Rule_Usage_Description_Scoring",'Scoring_Config'!$A:$A,'Scoring_Config'!$C:$C,5),0),"False,0")} -> 0 | AR23: True,-10 | AS23: False,0 | AT23: False,0 | AU23: {=IF(FALSE,"True," & IF(_xlfn.XLOOKUP("Action_IsDenyOrDrop",'Scoring_Config'!$A:$A,'Scoring_Config'!$D:$D,"Yes")="Yes",_xlfn.XLOOKUP("Action_IsDenyOrDrop",'Scoring_Config'!$A:$A,'Scoring_Config'!$C:$C,0),0),"False,0")} -> 0 | AW23: {=IF(FALSE,"True," & IF(_xlfn.XLOOKUP("Migrate_Insecure",'Scoring_Config'!$A:$A,'Scoring_Config'!$D:$D,"Yes")="Yes",_xlfn.XLOOKUP("Migrate_Insecure",'Scoring_Config'!$A:$A,'Scoring_Config'!$C:$C,15),0),"False,0")} -> 0 | AY23: {=IF(FALSE,"True," & IF(_xlfn.XLOOKUP("Migrate_Other_Ports",'Scoring_Config'!$A:$A,'Scoring_Config'!$D:$D,"Yes")="Yes",_xlfn.XLOOKUP("Migrate_Other_Ports",'Scoring_Config'!$A:$A,'Scoring_Config'!$C:$C,5),0),"False,0")} -> 0 | AZ23: {=IF(LEFT(AU23,4)="True",0,(IF(LEFT(AC23,4)="True",IF(_xlfn.XLOOKUP("Src_IsAny",'Scoring_Config'!$A:$A,'Scoring_Config'!$D:$D,"Yes")="Yes",_xlfn.XLOOKUP("Src_IsAny",'Scoring_Config'!$A:$A,'Scoring_Config'!$C:$C,25),0),0)+IF(LEFT(AD23,4)="True",IF(_xlfn.XLOOKUP("Src_CIDR_Le_16",'Scoring_Config'!$A:$A,'Scoring_Config'!$D:$D,"Yes")="Yes",_xlfn.XLOOKUP("Src_CIDR_Le_16",'Scoring_Config'!$A:$A,'Scoring_Config'!$C:$C,25),0),0)+IF(LEFT(AE23,4)="True",IF(_xlfn.XLOOKUP("Src_CIDR_17_22",'Scoring_Config'!$A:$A,'Scoring_Config'!$D:$D,"Yes")="Yes",_xlfn.XLOOKUP("Src_CIDR_17_22",'Scoring_Config'!$A:$A,'Scoring_Config'!$C:$C,15),0),0)+IF(LEFT(AF23,4)="True",IF(_xlfn.XLOOKUP("Dst_IsAny",'Scoring_Config'!$A:$A,'Scoring_Config'!$D:$D,"Yes")="Yes",_xlfn.XLOOKUP("Dst_IsAny",'Scoring_Config'!$A:$A,'Scoring_Config'!$C:$C,25),0),0)+IF(LEFT(AG23,4)="True",IF(_xlfn.XLOOKUP("Dst_CIDR_Le_16",'Scoring_Config'!$A:$A,'Scoring_Config'!$D:$D,"Yes")="Yes",_xlfn.XLOOKUP("Dst_CIDR_Le_16",'Scoring_Config'!$A:$A,'Scoring_Config'!$C:$C,25),0),0)+IF(LEFT(AH23,4)="True",IF(_xlfn.XLOOKUP("Dst_CIDR_17_22",'Scoring_Config'!$A:$A,'Scoring_Config'!$D:$D,"Yes")="Yes",_xlfn.XLOOKUP("Dst_CIDR_17_22",'Scoring_Config'!$A:$A,'Scoring_Config'!$C:$C,15),0),0)+IF(LEFT(AI23,4)="True",IF(_xlfn.XLOOKUP("SrcZone_IsAny",'Scoring_Config'!$A:$A,'Scoring_Config'!$D:$D,"Yes")="Yes",_xlfn.XLOOKUP("SrcZone_IsAny",'Scoring_Config'!$A:$A,'Scoring_Config'!$C:$C,5),0),0)+IF(LEFT(AJ23,4)="True",IF(_xlfn.XLOOKUP("DstZone_IsAny",'Scoring_Config'!$A:$A,'Scoring_Config'!$D:$D,"Yes")="Yes",_xlfn.XLOOKUP("DstZone_IsAny",'Scoring_Config'!$A:$A,'Scoring_Config'!$C:$C,5),0),0)+IF(LEFT(AK23,4)="True",IF(_xlfn.XLOOKUP("Service_Any_OR_RangeGt1000",'Scoring_Config'!$A:$A,'Scoring_Config'!$D:$D,"Yes")="Yes",_xlfn.XLOOKUP("Service_Any_OR_RangeGt1000",'Scoring_Config'!$A:$A,'Scoring_Config'!$C:$C,25),0),0)+IF(LEFT(AL23,4)="True",IF(_xlfn.XLOOKUP("App_Any_OR_RangeGt1000",'Scoring_Config'!$A:$A,'Scoring_Config'!$D:$D,"Yes")="Yes",_xlfn.XLOOKUP("App_Any_OR_RangeGt1000",'Scoring_Config'!$A:$A,'Scoring_Config'!$C:$C,25),0),0)+IF(LEFT(AM23,4)="True",IF(_xlfn.XLOOKUP("Service_Insecure_Match",'Scoring_Config'!$A:$A,'Scoring_Config'!$D:$D,"Yes")="Yes",_xlfn.XLOOKUP("Service_Insecure_Match",'Scoring_Config'!$A:$A,'Scoring_Config'!$C:$C,20),0),0)+IF(LEFT(AN23,4)="True",IF(_xlfn.XLOOKUP("Risky_Inbound",'Scoring_Config'!$A:$A,'Scoring_Config'!$D:$D,"Yes")="Yes",_xlfn.XLOOKUP("Risky_Inbound",'Scoring_Config'!$A:$A,'Scoring_Config'!$C:$C,20),0),0)+IF(LEFT(AO23,4)="True",IF(_xlfn.XLOOKUP("Risky_Outbound",'Scoring_Config'!$A:$A,'Scoring_Config'!$D:$D,"Yes")="Yes",_xlfn.XLOOKUP("Risky_Outbound",'Scoring_Config'!$A:$A,'Scoring_Config'!$C:$C,10),0),0)+IF(LEFT(AW23,4)="True",IF(_xlfn.XLOOKUP("Migrate_Insecure",'Scoring_Config'!$A:$A,'Scoring_Config'!$D:$D,"Yes")="Yes",_xlfn.XLOOKUP("Migrate_Insecure",'Scoring_Config'!$A:$A,'Scoring_Config'!$C:$C,15),0),0)+IF(LEFT(AY23,4)="True",IF(_xlfn.XLOOKUP("Migrate_Other_Ports",'Scoring_Config'!$A:$A,'Scoring_Config'!$D:$D,"Yes")="Yes",_xlfn.XLOOKUP("Migrate_Other_Ports",'Scoring_Config'!$A:$A,'Scoring_Config'!$C:$C,5),0),0)+IF(_xlfn.XLOOKUP("Rule_Usage_Scoring",'Scoring_Config'!$A:$A,'Scoring_Config'!$D:$D,"Yes")="Yes",VALUE(MID(AP23,FIND(",",AP23)+1,100)),0)+IF(LEFT(AQ23,4)="True",IF(_xlfn.XLOOKUP("Rule_Usage_Description_Scoring",'Scoring_Config'!$A:$A,'Scoring_Config'!$D:$D,"Yes")="Yes",_xlfn.XLOOKUP("Rule_Usage_Description_Scoring",'Scoring_Config'!$A:$A,'Scoring_Config'!$C:$C,5),0),0)+IF(_xlfn.XLOOKUP("Source_User_Scoring",'Scoring_Config'!$A:$A,'Scoring_Config'!$D:$D,"Yes")="Yes",VALUE(MID(AR23,FIND(",",AR23)+1,100)),0)+IF(_xlfn.XLOOKUP("Profile_Scoring",'Scoring_Config'!$A:$A,'Scoring_Config'!$D:$D,"Yes")="Yes",VALUE(MID(AS23,FIND(",",AS23)+1,100)),0)+IF(_xlfn.XLOOKUP("Options_Scoring",'Scoring_Config'!$A:$A,'Scoring_Config'!$D:$D,"Yes")="Yes",VALUE(MID(AT23,FIND(",",AT23)+1,100)),0)))} -> 0
A24: DC_Policies_Export.csv | B24: Allow_DMZ_to_Mgmt_FTP | C24: la-datacenterfw | E24: universal | F24: DMZ | G24: srv-la-app10.corp.local | H24: 10.188.179.19/32 | I24: domain\itops | J24: Mgmt | K24: 10.248.121.16/32 | L24: 10.248.121.16/32 | M24: ssh | N24: 22,tcp | O24: ftp-control-tcp-21 | P24: TCP/21 | Q24: allow | R24: none | S24: log at both ends | T24: 0 | U24: Legacy rule—owner unknown | V24: ftp, smb | W24: 127 | X24: 2024-11-15 06:33:58 | Y24: 2024-01-09 06:33:58 | AC24: {=IF(FALSE,"True," & IF(_xlfn.XLOOKUP("Src_IsAny",'Scoring_Config'!$A:$A,'Scoring_Config'!$D:$D,"Yes")="Yes",_xlfn.XLOOKUP("Src_IsAny",'Scoring_Config'!$A:$A,'Scoring_Config'!$C:$C,25),0),"False,0")} -> 0 | AD24: {=IF(FALSE,"True," & IF(_xlfn.XLOOKUP("Src_CIDR_Le_16",'Scoring_Config'!$A:$A,'Scoring_Config'!$D:$D,"Yes")="Yes",_xlfn.XLOOKUP("Src_CIDR_Le_16",'Scoring_Config'!$A:$A,'Scoring_Config'!$C:$C,25),0),"False,0")} -> 0 | AE24: {=IF(FALSE,"True," & IF(_xlfn.XLOOKUP("Src_CIDR_17_22",'Scoring_Config'!$A:$A,'Scoring_Config'!$D:$D,"Yes")="Yes",_xlfn.XLOOKUP("Src_CIDR_17_22",'Scoring_Config'!$A:$A,'Scoring_Config'!$C:$C,15),0),"False,0")} -> 0 | AF24: {=IF(FALSE,"True," & IF(_xlfn.XLOOKUP("Dst_IsAny",'Scoring_Config'!$A:$A,'Scoring_Config'!$D:$D,"Yes")="Yes",_xlfn.XLOOKUP("Dst_IsAny",'Scoring_Config'!$A:$A,'Scoring_Config'!$C:$C,25),0),"False,0")} -> 0 | AG24: {=IF(FALSE,"True," & IF(_xlfn.XLOOKUP("Dst_CIDR_Le_16",'Scoring_Config'!$A:$A,'Scoring_Config'!$D:$D,"Yes")="Yes",_xlfn.XLOOKUP("Dst_CIDR_Le_16",'Scoring_Config'!$A:$A,'Scoring_Config'!$C:$C,25),0),"False,0")} -> 0 | AH24: {=IF(FALSE,"True," & IF(_xlfn.XLOOKUP("Dst_CIDR_17_22",'Scoring_Config'!$A:$A,'Scoring_Config'!$D:$D,"Yes")="Yes",_xlfn.XLOOKUP("Dst_CIDR_17_22",'Scoring_Config'!$A:$A,'Scoring_Config'!$C:$C,15),0),"False,0")} -> 0 | AI24: {=IF(FALSE,"True," & IF(_xlfn.XLOOKUP("SrcZone_IsAny",'Scoring_Config'!$A:$A,'Scoring_Config'!$D:$D,"Yes")="Yes",_xlfn.XLOOKUP("SrcZone_IsAny",'Scoring_Config'!$A:$A,'Scoring_Config'!$C:$C,5),0),"False,0")} -> 0 | AJ24: {=IF(FALSE,"True," & IF(_xlfn.XLOOKUP("DstZone_IsAny",'Scoring_Config'!$A:$A,'Scoring_Config'!$D:$D,"Yes")="Yes",_xlfn.XLOOKUP("DstZone_IsAny",'Scoring_Config'!$A:$A,'Scoring_Config'!$C:$C,5),0),"False,0")} -> 0 | AK24: {=IF(FALSE,"True," & IF(_xlfn.XLOOKUP("Service_Any_OR_RangeGt1000",'Scoring_Config'!$A:$A,'Scoring_Config'!$D:$D,"Yes")="Yes",_xlfn.XLOOKUP("Service_Any_OR_RangeGt1000",'Scoring_Config'!$A:$A,'Scoring_Config'!$C:$C,25),0),"False,0")} -> 0 | AL24: {=IF(FALSE,"True," & IF(_xlfn.XLOOKUP("App_Any_OR_RangeGt1000",'Scoring_Config'!$A:$A,'Scoring_Config'!$D:$D,"Yes")="Yes",_xlfn.XLOOKUP("App_Any_OR_RangeGt1000",'Scoring_Config'!$A:$A,'Scoring_Config'!$C:$C,25),0),"False,0")} -> 0 | AM24: {=IF(TRUE,"True," & IF(_xlfn.XLOOKUP("Service_Insecure_Match",'Scoring_Config'!$A:$A,'Scoring_Config'!$D:$D,"Yes")="Yes",_xlfn.XLOOKUP("Service_Insecure_Match",'Scoring_Config'!$A:$A,'Scoring_Config'!$C:$C,20),0),"False,0")} -> 0 | AN24: {=IF(FALSE,"True," & IF(_xlfn.XLOOKUP("Risky_Inbound",'Scoring_Config'!$A:$A,'Scoring_Config'!$D:$D,"Yes")="Yes",_xlfn.XLOOKUP("Risky_Inbound",'Scoring_Config'!$A:$A,'Scoring_Config'!$C:$C,20),0),"False,0")} -> 0 | AO24: {=IF(FALSE,"True," & IF(_xlfn.XLOOKUP("Risky_Outbound",'Scoring_Config'!$A:$A,'Scoring_Config'!$D:$D,"Yes")="Yes",_xlfn.XLOOKUP("Risky_Outbound",'Scoring_Config'!$A:$A,'Scoring_Config'!$C:$C,10),0),"False,0")} -> 0 | AP24: True,5 | AQ24: {=IF(TRUE,"True," & IF(_xlfn.XLOOKUP("Rule_Usage_Description_Scoring",'Scoring_Config'!$A:$A,'Scoring_Config'!$D:$D,"Yes")="Yes",_xlfn.XLOOKUP("Rule_Usage_Description_Scoring",'Scoring_Config'!$A:$A,'Scoring_Config'!$C:$C,5),0),"False,0")} -> 0 | AR24: True,-10 | AS24: True,5 | AT24: False,0 | AU24: {=IF(FALSE,"True," & IF(_xlfn.XLOOKUP("Action_IsDenyOrDrop",'Scoring_Config'!$A:$A,'Scoring_Config'!$D:$D,"Yes")="Yes",_xlfn.XLOOKUP("Action_IsDenyOrDrop",'Scoring_Config'!$A:$A,'Scoring_Config'!$C:$C,0),0),"False,0")} -> 0 | AW24: {=IF(FALSE,"True," & IF(_xlfn.XLOOKUP("Migrate_Insecure",'Scoring_Config'!$A:$A,'Scoring_Config'!$D:$D,"Yes")="Yes",_xlfn.XLOOKUP("Migrate_Insecure",'Scoring_Config'!$A:$A,'Scoring_Config'!$C:$C,15),0),"False,0")} -> 0 | AY24: {=IF(FALSE,"True," & IF(_xlfn.XLOOKUP("Migrate_Other_Ports",'Scoring_Config'!$A:$A,'Scoring_Config'!$D:$D,"Yes")="Yes",_xlfn.XLOOKUP("Migrate_Other_Ports",'Scoring_Config'!$A:$A,'Scoring_Config'!$C:$C,5),0),"False,0")} -> 0 | AZ24: {=IF(LEFT(AU24,4)="True",0,(IF(LEFT(AC24,4)="True",IF(_xlfn.XLOOKUP("Src_IsAny",'Scoring_Config'!$A:$A,'Scoring_Config'!$D:$D,"Yes")="Yes",_xlfn.XLOOKUP("Src_IsAny",'Scoring_Config'!$A:$A,'Scoring_Config'!$C:$C,25),0),0)+IF(LEFT(AD24,4)="True",IF(_xlfn.XLOOKUP("Src_CIDR_Le_16",'Scoring_Config'!$A:$A,'Scoring_Config'!$D:$D,"Yes")="Yes",_xlfn.XLOOKUP("Src_CIDR_Le_16",'Scoring_Config'!$A:$A,'Scoring_Config'!$C:$C,25),0),0)+IF(LEFT(AE24,4)="True",IF(_xlfn.XLOOKUP("Src_CIDR_17_22",'Scoring_Config'!$A:$A,'Scoring_Config'!$D:$D,"Yes")="Yes",_xlfn.XLOOKUP("Src_CIDR_17_22",'Scoring_Config'!$A:$A,'Scoring_Config'!$C:$C,15),0),0)+IF(LEFT(AF24,4)="True",IF(_xlfn.XLOOKUP("Dst_IsAny",'Scoring_Config'!$A:$A,'Scoring_Config'!$D:$D,"Yes")="Yes",_xlfn.XLOOKUP("Dst_IsAny",'Scoring_Config'!$A:$A,'Scoring_Config'!$C:$C,25),0),0)+IF(LEFT(AG24,4)="True",IF(_xlfn.XLOOKUP("Dst_CIDR_Le_16",'Scoring_Config'!$A:$A,'Scoring_Config'!$D:$D,"Yes")="Yes",_xlfn.XLOOKUP("Dst_CIDR_Le_16",'Scoring_Config'!$A:$A,'Scoring_Config'!$C:$C,25),0),0)+IF(LEFT(AH24,4)="True",IF(_xlfn.XLOOKUP("Dst_CIDR_17_22",'Scoring_Config'!$A:$A,'Scoring_Config'!$D:$D,"Yes")="Yes",_xlfn.XLOOKUP("Dst_CIDR_17_22",'Scoring_Config'!$A:$A,'Scoring_Config'!$C:$C,15),0),0)+IF(LEFT(AI24,4)="True",IF(_xlfn.XLOOKUP("SrcZone_IsAny",'Scoring_Config'!$A:$A,'Scoring_Config'!$D:$D,"Yes")="Yes",_xlfn.XLOOKUP("SrcZone_IsAny",'Scoring_Config'!$A:$A,'Scoring_Config'!$C:$C,5),0),0)+IF(LEFT(AJ24,4)="True",IF(_xlfn.XLOOKUP("DstZone_IsAny",'Scoring_Config'!$A:$A,'Scoring_Config'!$D:$D,"Yes")="Yes",_xlfn.XLOOKUP("DstZone_IsAny",'Scoring_Config'!$A:$A,'Scoring_Config'!$C:$C,5),0),0)+IF(LEFT(AK24,4)="True",IF(_xlfn.XLOOKUP("Service_Any_OR_RangeGt1000",'Scoring_Config'!$A:$A,'Scoring_Config'!$D:$D,"Yes")="Yes",_xlfn.XLOOKUP("Service_Any_OR_RangeGt1000",'Scoring_Config'!$A:$A,'Scoring_Config'!$C:$C,25),0),0)+IF(LEFT(AL24,4)="True",IF(_xlfn.XLOOKUP("App_Any_OR_RangeGt1000",'Scoring_Config'!$A:$A,'Scoring_Config'!$D:$D,"Yes")="Yes",_xlfn.XLOOKUP("App_Any_OR_RangeGt1000",'Scoring_Config'!$A:$A,'Scoring_Config'!$C:$C,25),0),0)+IF(LEFT(AM24,4)="True",IF(_xlfn.XLOOKUP("Service_Insecure_Match",'Scoring_Config'!$A:$A,'Scoring_Config'!$D:$D,"Yes")="Yes",_xlfn.XLOOKUP("Service_Insecure_Match",'Scoring_Config'!$A:$A,'Scoring_Config'!$C:$C,20),0),0)+IF(LEFT(AN24,4)="True",IF(_xlfn.XLOOKUP("Risky_Inbound",'Scoring_Config'!$A:$A,'Scoring_Config'!$D:$D,"Yes")="Yes",_xlfn.XLOOKUP("Risky_Inbound",'Scoring_Config'!$A:$A,'Scoring_Config'!$C:$C,20),0),0)+IF(LEFT(AO24,4)="True",IF(_xlfn.XLOOKUP("Risky_Outbound",'Scoring_Config'!$A:$A,'Scoring_Config'!$D:$D,"Yes")="Yes",_xlfn.XLOOKUP("Risky_Outbound",'Scoring_Config'!$A:$A,'Scoring_Config'!$C:$C,10),0),0)+IF(LEFT(AW24,4)="True",IF(_xlfn.XLOOKUP("Migrate_Insecure",'Scoring_Config'!$A:$A,'Scoring_Config'!$D:$D,"Yes")="Yes",_xlfn.XLOOKUP("Migrate_Insecure",'Scoring_Config'!$A:$A,'Scoring_Config'!$C:$C,15),0),0)+IF(LEFT(AY24,4)="True",IF(_xlfn.XLOOKUP("Migrate_Other_Ports",'Scoring_Config'!$A:$A,'Scoring_Config'!$D:$D,"Yes")="Yes",_xlfn.XLOOKUP("Migrate_Other_Ports",'Scoring_Config'!$A:$A,'Scoring_Config'!$C:$C,5),0),0)+IF(_xlfn.XLOOKUP("Rule_Usage_Scoring",'Scoring_Config'!$A:$A,'Scoring_Config'!$D:$D,"Yes")="Yes",VALUE(MID(AP24,FIND(",",AP24)+1,100)),0)+IF(LEFT(AQ24,4)="True",IF(_xlfn.XLOOKUP("Rule_Usage_Description_Scoring",'Scoring_Config'!$A:$A,'Scoring_Config'!$D:$D,"Yes")="Yes",_xlfn.XLOOKUP("Rule_Usage_Description_Scoring",'Scoring_Config'!$A:$A,'Scoring_Config'!$C:$C,5),0),0)+IF(_xlfn.XLOOKUP("Source_User_Scoring",'Scoring_Config'!$A:$A,'Scoring_Config'!$D:$D,"Yes")="Yes",VALUE(MID(AR24,FIND(",",AR24)+1,100)),0)+IF(_xlfn.XLOOKUP("Profile_Scoring",'Scoring_Config'!$A:$A,'Scoring_Config'!$D:$D,"Yes")="Yes",VALUE(MID(AS24,FIND(",",AS24)+1,100)),0)+IF(_xlfn.XLOOKUP("Options_Scoring",'Scoring_Config'!$A:$A,'Scoring_Config'!$D:$D,"Yes")="Yes",VALUE(MID(AT24,FIND(",",AT24)+1,100)),0)))} -> 0
